fixture_id,fixture_referee,fixture_timezone,fixture_date,fixture_timestamp,fixture_periods_first,fixture_periods_second,fixture_venue_id,fixture_venue_name,fixture_venue_city,fixture_status_long,fixture_status_short,fixture_status_elapsed,fixture_status_extra,league_id,league_name,league_country,league_season,league_round,league_standings,teams_home_id,teams_home_name,teams_home_winner,teams_away_id,teams_away_name,teams_away_winner,goals_home,goals_away,score_halftime_home,score_halftime_away,score_fulltime_home,score_fulltime_away
354407,,UTC,2017-11-24 11:15:00+00:00,1511522100,1511522100.0,1511525700.0,,,,Match Finished,FT,90.0,,309,Division 2,Saudi-Arabia,2017,Group A - Round 6,True,10509,Al Kholood,True,10511,Al Riyadh,False,4.0,0.0,1.0,0.0,4.0,0.0
932039,,UTC,2022-08-30 16:05:00+00:00,1661875500,1661875500.0,1661879100.0,,Ar-Rass Stadium,Rass,Match Finished,FT,90.0,,308,Division 1,Saudi-Arabia,2022,Regular Season - 2,True,10509,Al Kholood,True,10511,Al Riyadh,False,1.0,0.0,1.0,0.0,1.0,0.0
1252589,Sultan Alharbi,UTC,2025-02-08 13:55:00+00:00,1739022900,1739022900.0,1739026500.0,,Ar-Rass Stadium,Rass,Match Finished,FT,90.0,10.0,307,Pro League,Saudi-Arabia,2024,Regular Season - 19,True,10509,Al Kholood,True,10511,Al Riyadh,False,3.0,2.0,0.0,1.0,3.0,2.0
1436119,M. Al Huwaish,UTC,2026-02-19 19:00:00+00:00,1771527600,1771527600.0,1771531200.0,,Al-Hazem Club Stadium,Ar Rass,Match Finished,FT,90.0,6.0,307,Pro League,Saudi-Arabia,2025,Regular Season - 23,True,10509,Al Kholood,False,10511,Al Riyadh,True,0.0,2.0,0.0,2.0,0.0,2.0
1603186,,UTC,2027-04-02 18:00:00+00:00,1806688800,,,,Al-Hazem Club Stadium,Ar Rass,Not Started,NS,,,307,Pro League,Saudi-Arabia,2026,Regular Season - 24,True,10509,Al Kholood,,10511,Al Riyadh,,,,,,,
354319,,UTC,2018-02-09 11:40:00+00:00,1518176400,1518176400.0,1518180000.0,,,,Match Finished,FT,90.0,,309,Division 2,Saudi-Arabia,2017,Group A - Round 15,True,10511,Al Riyadh,,10509,Al Kholood,,0.0,0.0,0.0,0.0,0.0,0.0
984644,,UTC,2023-01-31 12:40:00+00:00,1675168800,1675168800.0,1675172400.0,7224.0,Prince Turki bin Abdul Aziz Stadium,Riyadh,Match Finished,FT,90.0,,308,Division 1,Saudi-Arabia,2022,Regular Season - 19,True,10511,Al Riyadh,,10509,Al Kholood,,1.0,1.0,0.0,0.0,1.0,1.0
1252434,Sultan Alharbi,UTC,2024-08-29 15:55:00+00:00,1724946900,1724946900.0,1724950500.0,1374.0,Prince Faisal bin Fahd Stadium,Riyadh,Match Finished,FT,90.0,,307,Pro League,Saudi-Arabia,2024,Regular Season - 2,True,10511,Al Riyadh,True,10509,Al Kholood,False,3.0,1.0,1.0,0.0,3.0,1.0
1435958,"Abdullah Zarban, Saudi Arabia",UTC,2025-10-23 14:55:00+00:00,1761231300,1761231300.0,1761234900.0,1374.0,Prince Faisal bin Fahd Stadium,Riyadh,Match Finished,FT,90.0,6.0,307,Pro League,Saudi-Arabia,2025,Regular Season - 6,True,10511,Al Riyadh,True,10509,Al Kholood,False,1.0,0.0,1.0,0.0,1.0,0.0
1603031,,UTC,2026-09-13 18:00:00+00:00,1789322400,,,1374.0,Prince Faisal bin Fahd Stadium,Riyadh,Not Started,NS,,,307,Pro League,Saudi-Arabia,2026,Regular Season - 7,True,10511,Al Riyadh,,10509,Al Kholood,,,,,,,
1435973,"Abdulsamad Bakri, Saudi Arabia",UTC,2025-10-30 17:30:00+00:00,1761845400,1761845400.0,1761849000.0,,Al-Hazem Club Stadium,Ar Rass,Match Finished,FT,90.0,8.0,307,Pro League,Saudi-Arabia,2025,Regular Season - 7,True,10509,Al Kholood,False,10513,NEOM,True,2.0,3.0,1.0,2.0,2.0,3.0
1603249,,UTC,2027-05-12 18:00:00+00:00,1810144800,,,,Al-Hazem Club Stadium,Ar Rass,Not Started,NS,,,307,Pro League,Saudi-Arabia,2026,Regular Season - 31,True,10509,Al Kholood,,10513,NEOM,,,,,,,
1436128,K. Alahmari,UTC,2026-02-28 19:00:00+00:00,1772305200,1772305200.0,1772308800.0,,King Khalid Sports City,Tabuk,Match Finished,FT,90.0,6.0,307,Pro League,Saudi-Arabia,2025,Regular Season - 24,True,10513,NEOM,False,10509,Al Kholood,True,1.0,2.0,1.0,2.0,1.0,2.0
1603097,,UTC,2026-11-20 17:00:00+00:00,1795194000,,,,King Khalid Sports City,Tabuk,Not Started,NS,,,307,Pro League,Saudi-Arabia,2026,Regular Season - 14,True,10513,NEOM,,10509,Al Kholood,,,,,,,
1602997,"Mohammed Sami Taher Al Ismail, Saudi Arabia",UTC,2026-08-26 18:00:00+00:00,1787767200,1787767200.0,1787770800.0,,Prince Turki bin Abdul Aziz Stadium,Riyadh,Match Finished,FT,90.0,6.0,307,Pro League,Saudi-Arabia,2026,Regular Season - 3,True,26738,Al Diriyah,,10509,Al Kholood,,1.0,1.0,0.0,0.0,1.0,1.0
1603148,,UTC,2027-02-18 19:00:00+00:00,1802977200,,,,Al-Hazem Club Stadium,Ar Rass,Not Started,NS,,,307,Pro League,Saudi-Arabia,2026,Regular Season - 20,True,10509,Al Kholood,,26738,Al Diriyah,,,,,,,
1435946,"Fareeh Al-Jaloud, Saudi Arabia",UTC,2025-09-27 15:20:00+00:00,1758986400,1758986400.0,1758990000.0,1374.0,Prince Faisal bin Fahd Stadium,Riyadh,Match Finished,FT,90.0,6.0,307,Pro League,Saudi-Arabia,2025,Regular Season - 4,True,10511,Al Riyadh,False,10513,NEOM,True,2.0,3.0,1.0,2.0,2.0,3.0
1602998,"Mohammed Nasser Abu Shaqara, Saudi Arabia",UTC,2026-08-28 15:50:00+00:00,1787932200,1787932200.0,1787935800.0,1374.0,Prince Faisal bin Fahd Stadium,Riyadh,Match Finished,FT,90.0,7.0,307,Pro League,Saudi-Arabia,2026,Regular Season - 4,True,10511,Al Riyadh,True,10513,NEOM,False,1.0,0.0,0.0,0.0,1.0,0.0
1436095,A. Al Shehri,UTC,2026-02-06 14:25:00+00:00,1770387900,1770387900.0,1770391500.0,,King Khalid Sports City,Tabuk,Match Finished,FT,90.0,9.0,307,Pro League,Saudi-Arabia,2025,Regular Season - 21,True,10513,NEOM,True,10511,Al Riyadh,False,1.0,0.0,0.0,0.0,1.0,0.0
1603160,,UTC,2027-02-25 19:00:00+00:00,1803582000,,,,King Khalid Sports City,Tabuk,Not Started,NS,,,307,Pro League,Saudi-Arabia,2026,Regular Season - 21,True,10513,NEOM,,10511,Al Riyadh,,,,,,,
1603213,,UTC,2027-04-18 18:00:00+00:00,1808071200,,,1374.0,Prince Faisal bin Fahd Stadium,Riyadh,Not Started,NS,,,307,Pro League,Saudi-Arabia,2026,Regular Season - 27,True,10511,Al Riyadh,,26738,Al Diriyah,,,,,,,
1603054,,UTC,2026-10-20 15:00:00+00:00,1792508400,,,,Prince Turki bin Abdul Aziz Stadium,Riyadh,Not Started,NS,,,307,Pro League,Saudi-Arabia,2026,Regular Season - 10,True,26738,Al Diriyah,,10511,Al Riyadh,,,,,,,
1603232,,UTC,2027-04-29 18:00:00+00:00,1809021600,,,,King Khalid Sports City,Tabuk,Not Started,NS,,,307,Pro League,Saudi-Arabia,2026,Regular Season - 29,True,10513,NEOM,,26738,Al Diriyah,,,,,,,
1603072,,UTC,2026-10-30 14:50:00+00:00,1793371800,,,,Prince Turki bin Abdul Aziz Stadium,Riyadh,Not Started,NS,,,307,Pro League,Saudi-Arabia,2026,Regular Season - 12,True,26738,Al Diriyah,,10513,NEOM,,,,,,,
771153,,UTC,2021-10-06 15:00:00+00:00,1633532400,1633532400.0,1633536000.0,1372.0,Al Khaleej Club Stadium,Saihat,Match Finished,FT,90.0,,308,Division 1,Saudi-Arabia,2021,Regular Season - 5,True,2928,Al Khaleej Saihat,True,10509,Al Kholood,False,1.0,0.0,,,1.0,0.0
1252472,Sami Al Jires,UTC,2024-10-04 15:00:00+00:00,1728054000,1728054000.0,1728057600.0,1370.0,Prince Mohamed bin Fahd Stadium,Dammam,Match Finished,FT,90.0,8.0,307,Pro League,Saudi-Arabia,2024,Regular Season - 6,True,2928,Al Khaleej Saihat,True,10509,Al Kholood,False,1.0,0.0,0.0,0.0,1.0,0.0
1435998,A. Al Shehri,UTC,2026-02-24 19:00:00+00:00,1771959600,1771959600.0,1771963200.0,1370.0,Prince Mohamed bin Fahd Stadium,Dammam,Match Finished,FT,90.0,14.0,307,Pro League,Saudi-Arabia,2025,Regular Season - 10,True,2928,Al Khaleej Saihat,False,10509,Al Kholood,True,2.0,3.0,1.0,1.0,2.0,3.0
1603236,,UTC,2027-05-06 18:00:00+00:00,1809626400,,,1370.0,Prince Mohamed bin Fahd Stadium,Dammam,Not Started,NS,,,307,Pro League,Saudi-Arabia,2026,Regular Season - 30,True,2928,Al Khaleej Saihat,,10509,Al Kholood,,,,,,,
821980,,UTC,2022-02-14 13:00:00+00:00,1644843600,1644843600.0,1644847200.0,,Ar-Rass Stadium,Rass,Match Finished,FT,90.0,,308,Division 1,Saudi-Arabia,2021,Regular Season - 24,True,10509,Al Kholood,,2928,Al Khaleej Saihat,,1.0,1.0,0.0,0.0,1.0,1.0
1252620,Khald Alahmari,UTC,2025-03-01 19:00:00+00:00,1740855600,1740855600.0,1740859200.0,,Ar-Rass Stadium,Rass,Match Finished,FT,90.0,10.0,307,Pro League,Saudi-Arabia,2024,Regular Season - 23,True,10509,Al Kholood,True,2928,Al Khaleej Saihat,False,2.0,1.0,2.0,1.0,2.0,1.0
1436151,K. Al Turais,UTC,2026-04-03 16:00:00+00:00,1775232000,1775232000.0,1775235600.0,,Al-Hazem Club Stadium,Ar Rass,Match Finished,FT,90.0,6.0,307,Pro League,Saudi-Arabia,2025,Regular Season - 27,True,10509,Al Kholood,,2928,Al Khaleej Saihat,,2.0,2.0,2.0,1.0,2.0,2.0
1485075,,UTC,2025-11-28 14:50:00+00:00,1764341400,1764341400.0,1764345000.0,,Al-Hazem Club Stadium,Ar Rass,Match Finished,FT,90.0,6.0,504,King's Cup,Saudi-Arabia,2026,Quarter-finals,False,10509,Al Kholood,True,2928,Al Khaleej Saihat,False,4.0,3.0,3.0,1.0,4.0,3.0
1603087,,UTC,2026-11-05 17:00:00+00:00,1793898000,,,,Al-Hazem Club Stadium,Ar Rass,Not Started,NS,,,307,Pro League,Saudi-Arabia,2026,Regular Season - 13,True,10509,Al Kholood,,2928,Al Khaleej Saihat,,,,,,,
1074541,Sami Al Jires,UTC,2024-05-27 18:00:00+00:00,1716832800,1716832800.0,1716836400.0,1376.0,Prince Mohamed bin Fahd Stadium,Dammam,Match Finished,FT,90.0,,307,Pro League,Saudi-Arabia,2023,Regular Season - 34,True,2928,Al Khaleej Saihat,False,10511,Al Riyadh,True,1.0,2.0,0.0,0.0,1.0,2.0
1252689,Sami Al Jires,UTC,2025-05-10 18:00:00+00:00,1746900000,1746900000.0,1746903600.0,1370.0,Prince Mohamed bin Fahd Stadium,Dammam,Match Finished,FT,90.0,,307,Pro League,Saudi-Arabia,2024,Regular Season - 31,True,2928,Al Khaleej Saihat,False,10511,Al Riyadh,True,1.0,2.0,1.0,0.0,1.0,2.0
1435955,"Ahmed Mohammed Al-Rumaikhani, Saudi Arabia",UTC,2025-10-19 14:45:00+00:00,1760885100,1760885100.0,1760888700.0,1370.0,Prince Mohamed bin Fahd Stadium,Dammam,Match Finished,FT,90.0,6.0,307,Pro League,Saudi-Arabia,2025,Regular Season - 5,True,2928,Al Khaleej Saihat,True,10511,Al Riyadh,False,4.0,1.0,2.0,1.0,4.0,1.0
1603017,"Fareeh Al Jaloud, Saudi Arabia",UTC,2026-09-07 15:30:00+00:00,1788795000,1788795000.0,1788798600.0,1370.0,Prince Mohamed bin Fahd Stadium,Dammam,Match Finished,FT,90.0,,307,Pro League,Saudi-Arabia,2026,Regular Season - 6,True,2928,Al Khaleej Saihat,,10511,Al Riyadh,,0.0,0.0,0.0,0.0,0.0,0.0
1074389,Raed Al Zahrani,UTC,2023-12-16 15:00:00+00:00,1702738800,1702738800.0,1702742400.0,7224.0,Prince Faisal bin Fahd Stadium,Riyadh,Match Finished,FT,90.0,,307,Pro League,Saudi-Arabia,2023,Regular Season - 17,True,10511,Al Riyadh,False,2928,Al Khaleej Saihat,True,0.0,1.0,0.0,1.0,0.0,1.0
1252539,Shukri Al Hanfosh,UTC,2025-01-09 15:00:00+00:00,1736434800,1736434800.0,1736438400.0,7224.0,Prince Faisal bin Fahd Stadium,Riyadh,Match Finished,FT,90.0,8.0,307,Pro League,Saudi-Arabia,2024,Regular Season - 14,True,10511,Al Riyadh,,2928,Al Khaleej Saihat,,2.0,2.0,0.0,1.0,2.0,2.0
1436102,S. Al Hunfush,UTC,2026-02-14 13:55:00+00:00,1771077300,1771077300.0,1771080900.0,1374.0,Prince Faisal bin Fahd Stadium,Riyadh,Match Finished,FT,90.0,,307,Pro League,Saudi-Arabia,2025,Regular Season - 22,True,10511,Al Riyadh,,2928,Al Khaleej Saihat,,1.0,1.0,1.0,0.0,1.0,1.0
1603175,,UTC,2027-03-18 18:00:00+00:00,1805392800,,,1374.0,Prince Faisal bin Fahd Stadium,Riyadh,Not Started,NS,,,307,Pro League,Saudi-Arabia,2026,Regular Season - 23,True,10511,Al Riyadh,,2928,Al Khaleej Saihat,,,,,,,
1436116,F. Al Jaloud,UTC,2026-02-21 19:00:00+00:00,1771700400,1771700400.0,1771704000.0,1370.0,Prince Mohamed bin Fahd Stadium,Dammam,Match Finished,FT,90.0,,307,Pro League,Saudi-Arabia,2025,Regular Season - 23,True,2928,Al Khaleej Saihat,False,10513,NEOM,True,0.0,1.0,0.0,0.0,0.0,1.0
1603165,,UTC,2027-03-11 18:00:00+00:00,1804788000,,,1370.0,Prince Mohamed bin Fahd Stadium,Dammam,Not Started,NS,,,307,Pro League,Saudi-Arabia,2026,Regular Season - 22,True,2928,Al Khaleej Saihat,,10513,NEOM,,,,,,,
1435962,"Khalid Al-Ahmari, Saudi Arabia",UTC,2025-10-24 15:30:00+00:00,1761319800,1761319800.0,1761323400.0,,King Khalid Sports City,Tabuk,Match Finished,FT,90.0,4.0,307,Pro League,Saudi-Arabia,2025,Regular Season - 6,True,10513,NEOM,,2928,Al Khaleej Saihat,,1.0,1.0,1.0,1.0,1.0,1.0
1603009,"Sultan Al-Harbi, Saudi Arabia",UTC,2026-09-03 16:30:00+00:00,1788453000,1788453000.0,1788456600.0,,King Khalid Sport City Stadium,Tabuk,Match Finished,FT,90.0,,307,Pro League,Saudi-Arabia,2026,Regular Season - 5,True,10513,NEOM,True,2928,Al Khaleej Saihat,False,3.0,0.0,3.0,0.0,3.0,0.0
1603112,,UTC,2026-12-03 17:00:00+00:00,1796317200,,,1370.0,Prince Mohamed bin Fahd Stadium,Dammam,Not Started,NS,,,307,Pro League,Saudi-Arabia,2026,Regular Season - 16,True,2928,Al Khaleej Saihat,,26738,Al Diriyah,,,,,,,
1603261,,UTC,2027-05-24 18:00:00+00:00,1811181600,,,,Prince Turki bin Abdul Aziz Stadium,Riyadh,Not Started,NS,,,307,Pro League,Saudi-Arabia,2026,Regular Season - 33,True,26738,Al Diriyah,,2928,Al Khaleej Saihat,,,,,,,
110171,,UTC,2017-03-04 16:30:00+00:00,1488645000,1488645000.0,1488648600.0,1372.0,Al-Khaleej Club Stadium,Saihat,Match Finished,FT,90.0,,307,Pro League,Saudi-Arabia,2016,Regular Season - 20,True,2928,Al Khaleej Saihat,,2929,Al-Ahli Jeddah,,2.0,2.0,1.0,2.0,2.0,2.0
1074249,Majed Alshamrani,UTC,2023-08-17 18:00:00+00:00,1692295200,1692295200.0,1692298800.0,1370.0,Prince Mohamed bin Fahd Stadium,Dammam,Match Finished,FT,90.0,,307,Pro League,Saudi-Arabia,2023,Regular Season - 2,True,2928,Al Khaleej Saihat,False,2929,Al-Ahli Jeddah,True,1.0,3.0,0.0,2.0,1.0,3.0
1252475,Faisal Alblwi,UTC,2024-10-18 14:45:00+00:00,1729262700,1729262700.0,1729266300.0,1370.0,Prince Mohamed bin Fahd Stadium,Dammam,Match Finished,FT,90.0,7.0,307,Pro League,Saudi-Arabia,2024,Regular Season - 7,True,2928,Al Khaleej Saihat,False,2929,Al-Ahli Jeddah,True,0.0,3.0,0.0,0.0,0.0,3.0
1436212,A. Al Owaidan,UTC,2026-05-20 18:00:00+00:00,1779300000,1779300000.0,1779303600.0,1370.0,Prince Mohamed bin Fahd Stadium,Dammam,Match Finished,FT,90.0,2.0,307,Pro League,Saudi-Arabia,2025,Regular Season - 34,True,2928,Al Khaleej Saihat,False,2929,Al-Ahli Jeddah,True,1.0,4.0,1.0,2.0,1.0,4.0
1603220,,UTC,2027-04-22 18:00:00+00:00,1808416800,,,1370.0,Prince Mohamed bin Fahd Stadium,Dammam,Not Started,NS,,,307,Pro League,Saudi-Arabia,2026,Regular Season - 28,True,2928,Al Khaleej Saihat,,2929,Al-Ahli Jeddah,,,,,,,
110261,,UTC,2016-10-29 17:00:00+00:00,1477760400,1477760400.0,1477764000.0,1364.0,King Abdullah Sports City,Jeddah,Match Finished,FT,90.0,,307,Pro League,Saudi-Arabia,2016,Regular Season - 7,True,2929,Al-Ahli Jeddah,True,2928,Al Khaleej Saihat,False,4.0,1.0,2.0,1.0,4.0,1.0
1074407,I. Kovacs,UTC,2023-12-29 18:00:00+00:00,1703872800,1703872800.0,1703876400.0,19932.0,Prince Abdullah al-Faisal Stadium,Jeddah,Match Finished,FT,90.0,,307,Pro League,Saudi-Arabia,2023,Regular Season - 19,True,2929,Al-Ahli Jeddah,True,2928,Al Khaleej Saihat,False,1.0,0.0,0.0,0.0,1.0,0.0
1252629,Cláudio Pereira,UTC,2025-03-07 19:00:00+00:00,1741374000,1741374000.0,1741377600.0,19932.0,Prince Abdullah al-Faisal Stadium,Jeddah,Match Finished,FT,90.0,11.0,307,Pro League,Saudi-Arabia,2024,Regular Season - 24,True,2929,Al-Ahli Jeddah,,2928,Al Khaleej Saihat,,2.0,2.0,1.0,2.0,2.0,2.0
1436058,A. Al Owaidan,UTC,2026-01-20 17:30:00+00:00,1768930200,1768930200.0,1768933800.0,1364.0,King Abdullah Sports City,Jeddah,Match Finished,FT,90.0,5.0,307,Pro League,Saudi-Arabia,2025,Regular Season - 17,True,2929,Al-Ahli Jeddah,True,2928,Al Khaleej Saihat,False,4.0,1.0,0.0,1.0,4.0,1.0
1603062,,UTC,2026-10-22 18:00:00+00:00,1792692000,,,1364.0,King Abdullah Sports City,Jeddah,Not Started,NS,,,307,Pro League,Saudi-Arabia,2026,Regular Season - 11,True,2929,Al-Ahli Jeddah,,2928,Al Khaleej Saihat,,,,,,,
110215,,UTC,2016-12-22 13:30:00+00:00,1482413400,1482413400.0,1482417000.0,1372.0,Al-Khaleej Club Stadium,Saihat,Match Finished,FT,90.0,,307,Pro League,Saudi-Arabia,2016,Regular Season - 14,True,2928,Al Khaleej Saihat,,2930,Al-Faisaly FC,,1.0,1.0,1.0,0.0,1.0,1.0
336048,,UTC,2019-01-15 12:10:00+00:00,1547554200,1547554200.0,1547557800.0,1370.0,Prince Mohamed bin Fahd Stadium,Dammam,Match Finished,AET,120.0,,504,King's Cup,Saudi-Arabia,2019,16th Finals,False,2928,Al Khaleej Saihat,False,2930,Al-Faisaly FC,True,1.0,2.0,,,1.0,1.0
1603256,,UTC,2027-05-20 18:00:00+00:00,1810836000,,,1370.0,Prince Mohamed bin Fahd Stadium,Dammam,Not Started,NS,,,307,Pro League,Saudi-Arabia,2026,Regular Season - 32,True,2928,Al Khaleej Saihat,,2930,Al-Faisaly FC,,,,,,,
110307,,UTC,2016-08-12 16:10:00+00:00,1471018200,1471018200.0,1471021800.0,,Prince Salman Bin Abdulaziz Sport City Stadium,Al Majma'ah,Match Finished,FT,90.0,,307,Pro League,Saudi-Arabia,2016,Regular Season - 1,True,2930,Al-Faisaly FC,True,2928,Al Khaleej Saihat,False,3.0,1.0,1.0,0.0,3.0,1.0
336135,,UTC,2017-02-25 15:40:00+00:00,1488037200,1488037200.0,1488040800.0,,Prince Salman Bin Abdulaziz Sport City Stadium (Al Majma'ah),,Match Finished,FT,90.0,,504,King's Cup,Saudi-Arabia,2017,8th Finals,False,2930,Al-Faisaly FC,True,2928,Al Khaleej Saihat,False,2.0,1.0,1.0,0.0,2.0,1.0
1603101,,UTC,2026-11-26 17:00:00+00:00,1795712400,,,,,,Not Started,NS,,,307,Pro League,Saudi-Arabia,2026,Regular Season - 15,True,2930,Al-Faisaly FC,,2928,Al Khaleej Saihat,,,,,,,
110136,,UTC,2017-04-29 17:50:00+00:00,1493488200,1493488200.0,1493491800.0,1372.0,Al-Khaleej Club Stadium,Saihat,Match Finished,FT,90.0,,307,Pro League,Saudi-Arabia,2016,Regular Season - 25,True,2928,Al Khaleej Saihat,,2931,Al-Fateh,,1.0,1.0,0.0,1.0,1.0,1.0
931960,Ahmad Al Rumaikhani,UTC,2022-10-11 17:30:00+00:00,1665509400,1665509400.0,1665513000.0,1370.0,Prince Mohamed bin Fahd Stadium,Dammam,Match Finished,FT,90.0,,307,Pro League,Saudi-Arabia,2022,Regular Season - 7,True,2928,Al Khaleej Saihat,False,2931,Al-Fateh,True,1.0,2.0,0.0,1.0,1.0,2.0
1074291,Mohammed Al Beredi,UTC,2023-09-15 18:00:00+00:00,1694800800,1694800800.0,1694804400.0,1376.0,Prince Mohamed bin Fahd Stadium,Dammam,Match Finished,FT,90.0,,307,Pro League,Saudi-Arabia,2023,Regular Season - 6,True,2928,Al Khaleej Saihat,False,2931,Al-Fateh,True,1.0,3.0,0.0,2.0,1.0,3.0
1252656,Abdullah Al-Harbi,UTC,2025-04-12 15:35:00+00:00,1744472100,1744472100.0,1744475700.0,1370.0,Prince Mohamed bin Fahd Stadium,Dammam,Match Finished,FT,90.0,5.0,307,Pro League,Saudi-Arabia,2024,Regular Season - 27,True,2928,Al Khaleej Saihat,False,2931,Al-Fateh,True,1.0,5.0,1.0,1.0,1.0,5.0
1436019,"Abdullah Al-Kharbosh, Saudi Arabia",UTC,2025-12-29 14:35:00+00:00,1767018900,1767018900.0,1767022500.0,1370.0,Prince Mohamed bin Fahd Stadium,Dammam,Match Finished,FT,90.0,8.0,307,Pro League,Saudi-Arabia,2025,Regular Season - 12,True,2928,Al Khaleej Saihat,False,2931,Al-Fateh,True,0.0,1.0,0.0,1.0,0.0,1.0
1603210,,UTC,2027-04-18 18:00:00+00:00,1808071200,,,1370.0,Prince Mohamed bin Fahd Stadium,Dammam,Not Started,NS,,,307,Pro League,Saudi-Arabia,2026,Regular Season - 27,True,2928,Al Khaleej Saihat,,2931,Al-Fateh,,,,,,,
110227,,UTC,2016-12-10 10:55:00+00:00,1481367300,1481367300.0,1481370900.0,,Prince Abdullah bin Jalawi Stadium,Al-Hasa,Match Finished,FT,90.0,,307,Pro League,Saudi-Arabia,2016,Regular Season - 12,True,2931,Al-Fateh,False,2928,Al Khaleej Saihat,True,2.0,4.0,0.0,2.0,2.0,4.0
976702,Abdulsamad Bakri,UTC,2023-04-06 19:00:00+00:00,1680807600,1680807600.0,1680811200.0,1363.0,Prince Abdullah bin Jalawi Sports City Stadium,Al-Hasa,Match Finished,FT,90.0,,307,Pro League,Saudi-Arabia,2022,Regular Season - 22,True,2931,Al-Fateh,True,2928,Al Khaleej Saihat,False,2.0,0.0,0.0,0.0,2.0,0.0
1074437,Mohammed Alharbi,UTC,2024-03-09 14:00:00+00:00,1709992800,1709992800.0,1709996400.0,1363.0,Al Fateh Club Stadium,Al-Hasa,Match Finished,FT,90.0,,307,Pro League,Saudi-Arabia,2023,Regular Season - 23,True,2931,Al-Fateh,False,2928,Al Khaleej Saihat,True,1.0,2.0,0.0,1.0,1.0,2.0
1252501,Faisal Alblwi,UTC,2024-11-09 14:30:00+00:00,1731162600,1731162600.0,1731166200.0,,Al Fateh Club Stadium,Al-Hofuf,Match Finished,FT,90.0,10.0,307,Pro League,Saudi-Arabia,2024,Regular Season - 10,True,2931,Al-Fateh,False,2928,Al Khaleej Saihat,True,1.0,2.0,0.0,0.0,1.0,2.0
1436173,A. Al Owaidan,UTC,2026-04-24 15:45:00+00:00,1777045500,1777045500.0,1777049100.0,22271.0,Al Fateh club stadium,Al-Hofuf,Match Finished,FT,90.0,9.0,307,Pro League,Saudi-Arabia,2025,Regular Season - 29,True,2931,Al-Fateh,True,2928,Al Khaleej Saihat,False,1.0,0.0,0.0,0.0,1.0,0.0
1603056,,UTC,2026-10-18 18:00:00+00:00,1792346400,,,,Al Fateh club stadium,Al-Hofuf,Not Started,NS,,,307,Pro League,Saudi-Arabia,2026,Regular Season - 10,True,2931,Al-Fateh,,2928,Al Khaleej Saihat,,,,,,,
110182,,UTC,2017-02-16 16:25:00+00:00,1487262300,1487262300.0,1487265900.0,1374.0,Prince Faisal bin Fahd Stadium,Riyadh,Match Finished,FT,90.0,,307,Pro League,Saudi-Arabia,2016,Regular Season - 19,True,2932,Al-Hilal Saudi FC,True,2928,Al Khaleej Saihat,False,4.0,0.0,1.0,0.0,4.0,0.0
976658,João Pedro Pinheiro,UTC,2023-04-01 19:00:00+00:00,1680375600,1680375600.0,1680379200.0,1374.0,Prince Faisal bin Fahd Stadium,Riyadh,Match Finished,FT,90.0,,307,Pro League,Saudi-Arabia,2022,Regular Season - 16,True,2932,Al-Hilal Saudi FC,True,2928,Al Khaleej Saihat,False,2.0,0.0,2.0,0.0,2.0,0.0
1074327,D. Herrera,UTC,2023-10-20 18:00:00+00:00,1697824800,1697824800.0,1697828400.0,1361.0,Prince Faisal bin Fahd Stadium,Riyadh,Match Finished,FT,90.0,,307,Pro League,Saudi-Arabia,2023,Regular Season - 10,True,2932,Al-Hilal Saudi FC,True,2928,Al Khaleej Saihat,False,1.0,0.0,1.0,0.0,1.0,0.0
1252664,S. Gözübüyük,UTC,2025-04-17 15:50:00+00:00,1744905000,1744905000.0,1744908600.0,20744.0,Kingdom Arena,Riyadh,Match Finished,FT,90.0,6.0,307,Pro League,Saudi-Arabia,2024,Regular Season - 28,True,2932,Al-Hilal Saudi FC,True,2928,Al Khaleej Saihat,False,3.0,0.0,1.0,0.0,3.0,0.0
1436004,"Serdar Gozubuyuk, Netherlands",UTC,2025-12-26 17:30:00+00:00,1766770200,1766770200.0,1766773800.0,20744.0,Kingdom Arena,Riyadh,Match Finished,FT,90.0,7.0,307,Pro League,Saudi-Arabia,2025,Regular Season - 11,True,2932,Al-Hilal Saudi FC,True,2928,Al Khaleej Saihat,False,3.0,2.0,2.0,0.0,3.0,2.0
1603156,,UTC,2027-02-25 19:00:00+00:00,1803582000,,,20744.0,Kingdom Arena,Riyadh,Not Started,NS,,,307,Pro League,Saudi-Arabia,2026,Regular Season - 21,True,2932,Al-Hilal Saudi FC,,2928,Al Khaleej Saihat,,,,,,,
110273,,UTC,2016-10-20 17:00:00+00:00,1476982800,1476982800.0,1476986400.0,1372.0,Al-Khaleej Club Stadium,Saihat,Match Finished,FT,90.0,,307,Pro League,Saudi-Arabia,2016,Regular Season - 6,True,2928,Al Khaleej Saihat,False,2932,Al-Hilal Saudi FC,True,1.0,6.0,0.0,1.0,1.0,6.0
931907,Majed Alshamrani,UTC,2022-08-25 18:00:00+00:00,1661450400,1661450400.0,1661454000.0,1370.0,Prince Mohamed bin Fahd Stadium,Dammam,Match Finished,FT,90.0,,307,Pro League,Saudi-Arabia,2022,Regular Season - 1,True,2928,Al Khaleej Saihat,False,2932,Al-Hilal Saudi FC,True,0.0,2.0,0.0,2.0,0.0,2.0
1074479,H. Osmers,UTC,2024-04-05 19:00:00+00:00,1712343600,1712343600.0,1712347200.0,1376.0,Prince Mohamed bin Fahd Stadium,Dammam,Match Finished,FT,90.0,,307,Pro League,Saudi-Arabia,2023,Regular Season - 27,True,2928,Al Khaleej Saihat,False,2932,Al-Hilal Saudi FC,True,1.0,4.0,1.0,2.0,1.0,4.0
1252511,A. Treimanis,UTC,2024-11-23 17:00:00+00:00,1732381200,1732381200.0,1732384800.0,1370.0,Prince Mohamed bin Fahd Stadium,Dammam,Match Finished,FT,90.0,12.0,307,Pro League,Saudi-Arabia,2024,Regular Season - 11,True,2928,Al Khaleej Saihat,True,2932,Al-Hilal Saudi FC,False,3.0,2.0,1.0,2.0,3.0,2.0
1436164,A. Treimanis,UTC,2026-05-05 18:00:00+00:00,1778004000,1778004000.0,1778007600.0,1370.0,Prince Mohamed bin Fahd Stadium,Dammam,Match Finished,FT,90.0,9.0,307,Pro League,Saudi-Arabia,2025,Regular Season - 28,True,2928,Al Khaleej Saihat,False,2932,Al-Hilal Saudi FC,True,1.0,2.0,1.0,1.0,1.0,2.0
1603000,"Istvan Kovacs, Romania",UTC,2026-08-28 18:00:00+00:00,1787940000,1787940000.0,1787943600.0,1370.0,Prince Mohamed bin Fahd Stadium,Dammam,Match Finished,FT,90.0,5.0,307,Pro League,Saudi-Arabia,2026,Regular Season - 4,True,2928,Al Khaleej Saihat,False,2932,Al-Hilal Saudi FC,True,1.0,5.0,1.0,5.0,1.0,5.0
110166,,UTC,2017-03-11 14:25:00+00:00,1489242300,1489242300.0,1489245900.0,1372.0,Al-Khaleej Club Stadium,Saihat,Match Finished,FT,90.0,,307,Pro League,Saudi-Arabia,2016,Regular Season - 21,True,2928,Al Khaleej Saihat,True,2933,Al-Qadisiyah FC,False,2.0,1.0,0.0,0.0,2.0,1.0
234477,,UTC,2019-10-18 14:50:00+00:00,1571410200,1571410200.0,1571413800.0,1372.0,Al Khaleej Club Stadium,Sihat,Match Finished,FT,90.0,,308,Division 1,Saudi-Arabia,2019,Regular Season - 9,True,2928,Al Khaleej Saihat,False,2933,Al-Qadisiyah FC,True,1.0,3.0,,,1.0,3.0
822006,,UTC,2022-03-01 15:15:00+00:00,1646147700,1646147700.0,1646151300.0,1372.0,Al Khaleej Club Stadium,Saihat,Match Finished,FT,90.0,,308,Division 1,Saudi-Arabia,2021,Regular Season - 26,True,2928,Al Khaleej Saihat,True,2933,Al-Qadisiyah FC,False,1.0,0.0,1.0,0.0,1.0,0.0
1252677,I. Kovács,UTC,2025-04-23 18:00:00+00:00,1745431200,1745431200.0,1745434800.0,1370.0,Prince Mohamed bin Fahd Stadium,Dammam,Match Finished,FT,90.0,10.0,307,Pro League,Saudi-Arabia,2024,Regular Season - 29,True,2928,Al Khaleej Saihat,,2933,Al-Qadisiyah FC,,1.0,1.0,1.0,0.0,1.0,1.0
1436089,I. Barton,UTC,2026-02-03 17:30:00+00:00,1770139800,1770139800.0,1770143400.0,1370.0,Prince Mohamed bin Fahd Stadium,Dammam,Match Finished,FT,90.0,5.0,307,Pro League,Saudi-Arabia,2025,Regular Season - 20,True,2928,Al Khaleej Saihat,False,2933,Al-Qadisiyah FC,True,0.0,1.0,0.0,1.0,0.0,1.0
1603274,,UTC,2027-05-28 18:00:00+00:00,1811527200,,,1370.0,Prince Mohamed bin Fahd Stadium,Dammam,Not Started,NS,,,307,Pro League,Saudi-Arabia,2026,Regular Season - 34,True,2928,Al Khaleej Saihat,,2933,Al-Qadisiyah FC,,,,,,,
110257,,UTC,2016-11-04 13:35:00+00:00,1478266500,1478266500.0,1478270100.0,,Prince Mohamed bin Fahd Stadium (Ad Dammām (Dammam)),,Match Finished,FT,90.0,,307,Pro League,Saudi-Arabia,2016,Regular Season - 8,True,2933,Al-Qadisiyah FC,,2928,Al Khaleej Saihat,,0.0,0.0,0.0,0.0,0.0,0.0
234670,,UTC,2020-08-04 16:00:00+00:00,1596556800,1596556800.0,1596560400.0,1370.0,Prince Mohamed bin Fahd Stadium,Dammam,Match Finished,FT,90.0,,308,Division 1,Saudi-Arabia,2019,Regular Season - 28,True,2933,Al-Qadisiyah FC,,2928,Al Khaleej Saihat,,1.0,1.0,,,1.0,1.0
771175,,UTC,2021-10-20 16:45:00+00:00,1634748300,1634748300.0,1634751900.0,1376.0,Prince Saud bin Jalawi Stadium,Khobar,Match Finished,FT,90.0,,308,Division 1,Saudi-Arabia,2021,Regular Season - 7,True,2933,Al-Qadisiyah FC,False,2928,Al Khaleej Saihat,True,1.0,2.0,,,1.0,2.0
1252518,M. Conger,UTC,2024-11-29 14:25:00+00:00,1732890300,1732890300.0,1732893900.0,1370.0,Prince Mohamed bin Fahd Stadium,Dammam,Match Finished,FT,90.0,11.0,307,Pro League,Saudi-Arabia,2024,Regular Season - 12,True,2933,Al-Qadisiyah FC,True,2928,Al Khaleej Saihat,False,1.0,0.0,0.0,0.0,1.0,0.0
1435934,S. Gishamer,UTC,2025-09-19 15:15:00+00:00,1758294900,1758294900.0,1758298500.0,1376.0,Prince Saud bin Jalawi Stadium,Dammam,Match Finished,FT,90.0,8.0,307,Pro League,Saudi-Arabia,2025,Regular Season - 3,True,2933,Al-Qadisiyah FC,True,2928,Al Khaleej Saihat,False,2.0,1.0,1.0,0.0,2.0,1.0
1603123,,UTC,2026-12-10 17:00:00+00:00,1796922000,,,,Prince Saud bin Jalawi Stadium,Dammam,Not Started,NS,,,307,Pro League,Saudi-Arabia,2026,Regular Season - 17,True,2933,Al-Qadisiyah FC,,2928,Al Khaleej Saihat,,,,,,,
110251,,UTC,2016-11-19 13:35:00+00:00,1479562500,1479562500.0,1479566100.0,1372.0,Al-Khaleej Club Stadium,Saihat,Match Finished,FT,90.0,,307,Pro League,Saudi-Arabia,2016,Regular Season - 9,True,2928,Al Khaleej Saihat,False,2934,Al-Ettifaq,True,1.0,2.0,1.0,1.0,1.0,2.0
976729,Abdullah Al-Shehri,UTC,2023-05-02 18:30:00+00:00,1683052200,1683052200.0,1683055800.0,1370.0,Prince Mohamed bin Fahd Stadium,Dammam,Match Finished,FT,90.0,,307,Pro League,Saudi-Arabia,2022,Regular Season - 25,True,2928,Al Khaleej Saihat,True,2934,Al-Ettifaq,False,2.0,1.0,1.0,1.0,2.0,1.0
1074418,Abdullah Al-Kharbosh,UTC,2024-02-15 17:00:00+00:00,1708016400,1708016400.0,1708020000.0,1376.0,Prince Mohamed bin Fahd Stadium,Dammam,Match Finished,FT,90.0,,307,Pro League,Saudi-Arabia,2023,Regular Season - 20,True,2928,Al Khaleej Saihat,False,2934,Al-Ettifaq,True,0.0,2.0,0.0,0.0,0.0,2.0
1252529,Khalid Al Turais,UTC,2024-12-07 12:55:00+00:00,1733576100,1733576100.0,1733579700.0,1370.0,Prince Mohamed bin Fahd Stadium,Dammam,Match Finished,FT,90.0,8.0,307,Pro League,Saudi-Arabia,2024,Regular Season - 13,True,2928,Al Khaleej Saihat,False,2934,Al-Ettifaq,True,1.0,2.0,1.0,1.0,1.0,2.0
1436196,M. Al Ismail,UTC,2026-05-09 15:55:00+00:00,1778342100,1778342100.0,1778345700.0,1370.0,Prince Mohamed bin Fahd Stadium,Dammam,Match Finished,FT,90.0,,307,Pro League,Saudi-Arabia,2025,Regular Season - 32,True,2928,Al Khaleej Saihat,False,2934,Al-Ettifaq,True,0.0,5.0,0.0,1.0,0.0,5.0
1603192,,UTC,2027-04-08 18:00:00+00:00,1807207200,,,1370.0,Prince Mohamed bin Fahd Stadium,Dammam,Not Started,NS,,,307,Pro League,Saudi-Arabia,2026,Regular Season - 25,True,2928,Al Khaleej Saihat,,2934,Al-Ettifaq,,,,,,,
110157,,UTC,2017-04-08 15:40:00+00:00,1491666000,1491666000.0,1491669600.0,1370.0,Prince Mohamed Bin Fahd Stadium,Dammam,Match Finished,FT,90.0,,307,Pro League,Saudi-Arabia,2016,Regular Season - 22,True,2934,Al-Ettifaq,True,2928,Al Khaleej Saihat,False,3.0,1.0,2.0,0.0,3.0,1.0
931980,Khaled Al Teris,UTC,2022-12-25 16:30:00+00:00,1671985800,1671985800.0,1671989400.0,1370.0,Prince Mohamed bin Fahd Stadium,Dammam,Match Finished,FT,90.0,,307,Pro League,Saudi-Arabia,2022,Regular Season - 10,True,2934,Al-Ettifaq,True,2928,Al Khaleej Saihat,False,1.0,0.0,0.0,0.0,1.0,0.0
1074259,Ahmad Al Rumaikhani,UTC,2023-08-24 18:00:00+00:00,1692900000,1692900000.0,1692903600.0,1370.0,Prince Mohamed bin Fahd Stadium,Dammam,Match Finished,FT,90.0,,307,Pro League,Saudi-Arabia,2023,Regular Season - 3,True,2934,Al-Ettifaq,,2928,Al Khaleej Saihat,,1.0,1.0,0.0,1.0,1.0,1.0
1252688,Abdallah Dafar,UTC,2025-05-02 15:50:00+00:00,1746201000,1746201000.0,1746204600.0,,EGO Stadium,Dammam,Match Finished,FT,90.0,9.0,307,Pro League,Saudi-Arabia,2024,Regular Season - 30,True,2934,Al-Ettifaq,True,2928,Al Khaleej Saihat,False,2.0,1.0,1.0,1.0,2.0,1.0
1436045,"Mohammed Al Esmaiel, Saudi Arabia",UTC,2026-01-12 17:30:00+00:00,1768239000,1768239000.0,1768242600.0,22434.0,Abdullah Al Dabil Stadium,Dammam,Match Finished,FT,90.0,10.0,307,Pro League,Saudi-Arabia,2025,Regular Season - 15,True,2934,Al-Ettifaq,False,2928,Al Khaleej Saihat,True,1.0,2.0,1.0,1.0,1.0,2.0
1603036,,UTC,2026-10-10 14:55:00+00:00,1791644100,,,,Abdullah Al Dabil Stadium,,Not Started,NS,,,307,Pro League,Saudi-Arabia,2026,Regular Season - 8,True,2934,Al-Ettifaq,,2928,Al Khaleej Saihat,,,,,,,
110233,,UTC,2016-12-03 13:30:00+00:00,1480771800,1480771800.0,1480775400.0,1372.0,Al-Khaleej Club Stadium,Saihat,Match Finished,FT,90.0,,307,Pro League,Saudi-Arabia,2016,Regular Season - 11,True,2928,Al Khaleej Saihat,False,2936,Al Taawon,True,0.0,1.0,0.0,0.0,0.0,1.0
976744,Abdallah Dafar,UTC,2023-05-15 16:00:00+00:00,1684166400,1684166400.0,1684170000.0,1370.0,Prince Mohamed bin Fahd Stadium,Dammam,Match Finished,FT,90.0,,307,Pro League,Saudi-Arabia,2022,Regular Season - 27,True,2928,Al Khaleej Saihat,False,2936,Al Taawon,True,0.0,2.0,0.0,0.0,0.0,2.0
1074332,Mamdouh Al Shahdan,UTC,2023-10-26 15:00:00+00:00,1698332400,1698332400.0,1698336000.0,1376.0,Prince Mohamed bin Fahd Stadium,Dammam,Match Finished,FT,90.0,,307,Pro League,Saudi-Arabia,2023,Regular Season - 11,True,2928,Al Khaleej Saihat,,2936,Al Taawon,,1.0,1.0,1.0,1.0,1.0,1.0
1252597,Mohammed Abu Shaqarah,UTC,2025-02-15 13:35:00+00:00,1739626500,1739626500.0,1739630100.0,1370.0,Prince Mohamed bin Fahd Stadium,Dammam,Match Finished,FT,90.0,8.0,307,Pro League,Saudi-Arabia,2024,Regular Season - 20,True,2928,Al Khaleej Saihat,False,2936,Al Taawon,True,0.0,1.0,0.0,0.0,0.0,1.0
1435940,A. Al Kharboush,UTC,2025-09-25 15:10:00+00:00,1758813000,1758813000.0,1758816600.0,1370.0,Prince Mohamed bin Fahd Stadium,Dammam,Match Finished,FT,90.0,7.0,307,Pro League,Saudi-Arabia,2025,Regular Season - 4,True,2928,Al Khaleej Saihat,False,2936,Al Taawon,True,0.0,1.0,0.0,0.0,0.0,1.0
1477346,,UTC,2025-10-27 14:35:00+00:00,1761575700,1761575700.0,1761579300.0,1370.0,Prince Mohamed bin Fahd Stadium,Dammam,Match Finished,PEN,120.0,,504,King's Cup,Saudi-Arabia,2026,Round of 16,False,2928,Al Khaleej Saihat,True,2936,Al Taawon,False,1.0,1.0,1.0,1.0,1.0,1.0
1603130,,UTC,2026-12-14 17:00:00+00:00,1797267600,,,1370.0,Prince Mohamed bin Fahd Stadium,Dammam,Not Started,NS,,,307,Pro League,Saudi-Arabia,2026,Regular Season - 18,True,2928,Al Khaleej Saihat,,2936,Al Taawon,,,,,,,
110148,,UTC,2017-04-20 16:10:00+00:00,1492704600,1492704600.0,1492708200.0,10517.0,King Abdullah Sport City Stadium,Buraidah,Match Finished,FT,90.0,,307,Pro League,Saudi-Arabia,2016,Regular Season - 24,True,2936,Al Taawon,,2928,Al Khaleej Saihat,,0.0,0.0,0.0,0.0,0.0,0.0
931994,Abdullah Al-Kharbosh,UTC,2023-01-06 14:00:00+00:00,1673013600,1673013600.0,1673017200.0,1377.0,King Abdullah Sport City Stadium,Buraidah,Match Finished,FT,90.0,,307,Pro League,Saudi-Arabia,2022,Regular Season - 12,True,2936,Al Taawon,False,2928,Al Khaleej Saihat,True,0.0,1.0,0.0,0.0,0.0,1.0
1074484,Raed Al Zahrani,UTC,2024-04-18 15:00:00+00:00,1713452400,1713452400.0,1713456000.0,1377.0,Al Taawon Club Stadium,Buraidah,Match Finished,FT,90.0,,307,Pro League,Saudi-Arabia,2023,Regular Season - 28,True,2936,Al Taawon,,2928,Al Khaleej Saihat,,1.0,1.0,1.0,1.0,1.0,1.0
1252437,Khalid Al Turais,UTC,2024-09-13 15:45:00+00:00,1726242300,1726242300.0,1726245900.0,1377.0,Al Taawoun Club Stadium,Buraidah,Match Finished,FT,90.0,,307,Pro League,Saudi-Arabia,2024,Regular Season - 3,True,2936,Al Taawon,True,2928,Al Khaleej Saihat,False,2.0,0.0,1.0,0.0,2.0,0.0
1436099,M. Abu Shaqarah,UTC,2026-02-07 15:30:00+00:00,1770478200,1770478200.0,1770481800.0,1377.0,Al Taawon Arena,Buraidah,Match Finished,FT,90.0,9.0,307,Pro League,Saudi-Arabia,2025,Regular Season - 21,True,2936,Al Taawon,,2928,Al Khaleej Saihat,,1.0,1.0,0.0,1.0,1.0,1.0
1602978,"Mohammed Sami Taher Al Ismail, Saudi Arabia",UTC,2026-08-15 16:15:00+00:00,1786810500,1786810500.0,1786814100.0,,Alinma Stadium,Buraidah,Match Finished,FT,90.0,5.0,307,Pro League,Saudi-Arabia,2026,Regular Season - 1,True,2936,Al Taawon,,2928,Al Khaleej Saihat,,0.0,0.0,0.0,0.0,0.0,0.0
110296,,UTC,2016-08-20 18:05:00+00:00,1471716300,1471716300.0,1471719900.0,1372.0,Al-Khaleej Club Stadium,Saihat,Match Finished,FT,90.0,,307,Pro League,Saudi-Arabia,2016,Regular Season - 2,True,2928,Al Khaleej Saihat,False,2938,Al-Ittihad FC,True,2.0,3.0,1.0,1.0,2.0,3.0
976675,B. Dankert,UTC,2023-03-03 13:00:00+00:00,1677848400,1677848400.0,1677852000.0,1370.0,Prince Mohamed bin Fahd Stadium,Dammam,Match Finished,FT,90.0,,307,Pro League,Saudi-Arabia,2022,Regular Season - 19,True,2928,Al Khaleej Saihat,False,2938,Al-Ittihad FC,True,0.0,3.0,0.0,0.0,0.0,3.0
1074523,Mohammed Al Hoaish,UTC,2024-05-16 18:00:00+00:00,1715882400,1715882400.0,1715886000.0,1376.0,Prince Mohamed bin Fahd Stadium,Dammam,Match Finished,FT,90.0,,307,Pro League,Saudi-Arabia,2023,Regular Season - 32,True,2928,Al Khaleej Saihat,,2938,Al-Ittihad FC,,1.0,1.0,0.0,1.0,1.0,1.0
1252614,A. Treimanis,UTC,2025-02-26 17:00:00+00:00,1740589200,1740589200.0,1740592800.0,1370.0,Prince Mohamed bin Fahd Stadium,Dammam,Match Finished,FT,90.0,10.0,307,Pro League,Saudi-Arabia,2024,Regular Season - 22,True,2928,Al Khaleej Saihat,,2938,Al-Ittihad FC,,1.0,1.0,0.0,0.0,1.0,1.0
1435968,"Sami Ahmed Al-Jurays, Saudi Arabia",UTC,2025-11-01 14:35:00+00:00,1762007700,1762007700.0,1762011300.0,1370.0,Prince Mohamed bin Fahd Stadium,Dammam,Match Finished,FT,90.0,9.0,307,Pro League,Saudi-Arabia,2025,Regular Season - 7,True,2928,Al Khaleej Saihat,,2938,Al-Ittihad FC,,4.0,4.0,3.0,0.0,4.0,4.0
1603092,,UTC,2026-11-20 17:00:00+00:00,1795194000,,,1370.0,Prince Mohamed bin Fahd Stadium,Dammam,Not Started,NS,,,307,Pro League,Saudi-Arabia,2026,Regular Season - 14,True,2928,Al Khaleej Saihat,,2938,Al-Ittihad FC,,,,,,,
110205,,UTC,2017-01-03 15:50:00+00:00,1483458600,1483458600.0,1483462200.0,1364.0,King Abdullah Sports City,Jeddah,Match Finished,FT,90.0,,307,Pro League,Saudi-Arabia,2016,Regular Season - 15,True,2938,Al-Ittihad FC,,2928,Al Khaleej Saihat,,1.0,1.0,1.0,0.0,1.0,1.0
931934,F. Rapallini,UTC,2022-09-15 18:00:00+00:00,1663264800,1663264800.0,1663268400.0,1364.0,King Abdullah Sports City,Jeddah,Match Finished,FT,90.0,,307,Pro League,Saudi-Arabia,2022,Regular Season - 4,True,2938,Al-Ittihad FC,True,2928,Al Khaleej Saihat,False,2.0,0.0,1.0,0.0,2.0,0.0
1074367,Mamdouh Al Shahdan,UTC,2023-11-30 18:00:00+00:00,1701367200,1701367200.0,1701370800.0,1364.0,King Abdulaziz Sports City Stadium,Mecca,Match Finished,FT,90.0,,307,Pro League,Saudi-Arabia,2023,Regular Season - 15,True,2938,Al-Ittihad FC,True,2928,Al Khaleej Saihat,False,4.0,2.0,2.0,1.0,4.0,2.0
1252462,Majed Alshamrani,UTC,2024-09-27 18:00:00+00:00,1727460000,1727460000.0,1727463600.0,1364.0,King Abdullah Sports City,Jeddah,Match Finished,FT,90.0,9.0,307,Pro League,Saudi-Arabia,2024,Regular Season - 5,True,2938,Al-Ittihad FC,True,2928,Al Khaleej Saihat,False,4.0,1.0,0.0,1.0,4.0,1.0
1436124,M. Al Hoaish,UTC,2026-02-27 19:00:00+00:00,1772218800,1772218800.0,1772222400.0,1364.0,King Abdullah Sports City,Jeddah,Match Finished,FT,90.0,6.0,307,Pro League,Saudi-Arabia,2025,Regular Season - 24,True,2938,Al-Ittihad FC,True,2928,Al Khaleej Saihat,False,1.0,0.0,0.0,0.0,1.0,0.0
1603248,,UTC,2027-05-12 18:00:00+00:00,1810144800,,,1364.0,King Abdullah Sports City,Jeddah,Not Started,NS,,,307,Pro League,Saudi-Arabia,2026,Regular Season - 31,True,2938,Al-Ittihad FC,,2928,Al Khaleej Saihat,,,,,,,
110191,,UTC,2017-02-04 16:20:00+00:00,1486225200,1486225200.0,1486228800.0,1372.0,Al-Khaleej Club Stadium,Saihat,Match Finished,FT,90.0,,307,Pro League,Saudi-Arabia,2016,Regular Season - 17,True,2928,Al Khaleej Saihat,False,2939,Al-Nassr,True,0.0,3.0,0.0,2.0,0.0,3.0
931987,Sami Al Jires,UTC,2022-12-31 16:30:00+00:00,1672504200,1672504200.0,1672507800.0,1370.0,Prince Mohamed bin Fahd Stadium,Dammam,Match Finished,FT,90.0,,307,Pro League,Saudi-Arabia,2022,Regular Season - 11,True,2928,Al Khaleej Saihat,False,2939,Al-Nassr,True,0.0,1.0,0.0,1.0,0.0,1.0
1074494,Abdullah Al-Kharbosh,UTC,2024-04-27 18:00:00+00:00,1714240800,1714240800.0,1714244400.0,1376.0,Prince Mohamed bin Fahd Stadium,Dammam,Match Finished,FT,90.0,,307,Pro League,Saudi-Arabia,2023,Regular Season - 29,True,2928,Al Khaleej Saihat,False,2939,Al-Nassr,True,0.0,1.0,0.0,0.0,0.0,1.0
1252559,A. Sidiropoulos,UTC,2025-01-21 14:50:00+00:00,1737471000,1737471000.0,1737474600.0,1370.0,Prince Mohamed bin Fahd Stadium,Dammam,Match Finished,FT,90.0,11.0,307,Pro League,Saudi-Arabia,2024,Regular Season - 16,True,2928,Al Khaleej Saihat,False,2939,Al-Nassr,True,1.0,3.0,0.0,0.0,1.0,3.0
1436143,S. Al Hunfush,UTC,2026-03-14 19:00:00+00:00,1773514800,1773514800.0,1773518400.0,1370.0,Prince Mohamed bin Fahd Stadium,Dammam,Match Finished,FT,90.0,,307,Pro League,Saudi-Arabia,2025,Regular Season - 26,True,2928,Al Khaleej Saihat,False,2939,Al-Nassr,True,0.0,5.0,0.0,1.0,0.0,5.0
1603029,,UTC,2026-09-12 18:00:00+00:00,1789236000,,,1370.0,Prince Mohamed bin Fahd Stadium,Dammam,Not Started,NS,,,307,Pro League,Saudi-Arabia,2026,Regular Season - 7,True,2928,Al Khaleej Saihat,,2939,Al-Nassr,,,,,,,
110285,,UTC,2016-09-22 17:25:00+00:00,1474565100,1474565100.0,1474568700.0,,King Fahd Stadium,Riyadh,Match Finished,FT,90.0,,307,Pro League,Saudi-Arabia,2016,Regular Season - 4,True,2939,Al-Nassr,False,2928,Al Khaleej Saihat,True,0.0,1.0,0.0,0.0,0.0,1.0
976737,Majed Alshamrani,UTC,2023-05-08 16:00:00+00:00,1683561600,1683561600.0,1683565200.0,12277.0,Al Awal Park at King Saud University,Riyadh,Match Finished,FT,90.0,,307,Pro League,Saudi-Arabia,2022,Regular Season - 26,True,2939,Al-Nassr,,2928,Al Khaleej Saihat,,1.0,1.0,1.0,1.0,1.0,1.0
1074341,G. Guerrero,UTC,2023-11-04 18:00:00+00:00,1699120800,1699120800.0,1699124400.0,1374.0,Al Awal Park at King Saud University,Riyadh,Match Finished,FT,90.0,,307,Pro League,Saudi-Arabia,2023,Regular Season - 12,True,2939,Al-Nassr,True,2928,Al Khaleej Saihat,False,2.0,0.0,1.0,0.0,2.0,0.0
1184710,M. Mariani,UTC,2024-05-01 18:00:00+00:00,1714586400,1714586400.0,1714590000.0,19933.0,Al Awal Park at King Saud University,Riyadh,Match Finished,FT,90.0,,504,King's Cup,Saudi-Arabia,2024,Semi-finals,False,2939,Al-Nassr,True,2928,Al Khaleej Saihat,False,3.0,1.0,2.0,0.0,3.0,1.0
1252709,D. Siebert,UTC,2025-05-21 16:10:00+00:00,1747843800,1747843800.0,1747847400.0,19933.0,Al-Awwal Park,Riyadh,Match Finished,FT,90.0,9.0,307,Pro League,Saudi-Arabia,2024,Regular Season - 33,True,2939,Al-Nassr,True,2928,Al Khaleej Saihat,False,2.0,0.0,0.0,0.0,2.0,0.0
1435992,"Mohammed Al Esmaiel, Saudi Arabia",UTC,2025-11-23 17:30:00+00:00,1763919000,1763919000.0,1763922600.0,,King Saud University Stadium,Riyadh,Match Finished,FT,90.0,7.0,307,Pro League,Saudi-Arabia,2025,Regular Season - 9,True,2939,Al-Nassr,True,2928,Al Khaleej Saihat,False,4.0,1.0,2.0,0.0,4.0,1.0
1603187,,UTC,2027-04-02 18:00:00+00:00,1806688800,,,,King Saud University Stadium,Riyadh,Not Started,NS,,,307,Pro League,Saudi-Arabia,2026,Regular Season - 24,True,2939,Al-Nassr,,2928,Al Khaleej Saihat,,,,,,,
110280,,UTC,2016-10-14 14:55:00+00:00,1476456900,1476456900.0,1476460500.0,1372.0,Al-Khaleej Club Stadium,Saihat,Match Finished,FT,90.0,,307,Pro League,Saudi-Arabia,2016,Regular Season - 5,True,2928,Al Khaleej Saihat,False,2940,Al Shabab,True,1.0,2.0,1.0,2.0,1.0,2.0
976707,Sami Al Jires,UTC,2023-04-11 19:00:00+00:00,1681239600,1681239600.0,1681243200.0,1370.0,Prince Mohamed bin Fahd Stadium,Dammam,Match Finished,FT,90.0,,307,Pro League,Saudi-Arabia,2022,Regular Season - 23,True,2928,Al Khaleej Saihat,False,2940,Al Shabab,True,2.0,3.0,2.0,2.0,2.0,3.0
1074432,Ahmad Al Rumaikhani,UTC,2024-03-02 14:00:00+00:00,1709388000,1709388000.0,1709391600.0,1376.0,Prince Mohamed bin Fahd Stadium,Dammam,Match Finished,FT,90.0,,307,Pro League,Saudi-Arabia,2023,Regular Season - 22,True,2928,Al Khaleej Saihat,,2940,Al Shabab,,0.0,0.0,0.0,0.0,0.0,0.0
1252435,Abdullah Al Awedan,UTC,2024-08-29 18:00:00+00:00,1724954400,1724954400.0,1724958000.0,1370.0,Prince Mohamed bin Fahd Stadium,Dammam,Match Finished,FT,90.0,,307,Pro League,Saudi-Arabia,2024,Regular Season - 2,True,2928,Al Khaleej Saihat,False,2940,Al Shabab,True,0.0,1.0,0.0,0.0,0.0,1.0
1436073,A. Al Kharboush,UTC,2026-01-24 13:25:00+00:00,1769261100,1769261100.0,1769264700.0,1370.0,Prince Mohamed bin Fahd Stadium,Dammam,Match Finished,FT,90.0,9.0,307,Pro League,Saudi-Arabia,2025,Regular Season - 18,True,2928,Al Khaleej Saihat,,2940,Al Shabab,,0.0,0.0,0.0,0.0,0.0,0.0
1602989,"Faisal Suleiman Al-Balawi, Saudi Arabia",UTC,2026-08-22 18:00:00+00:00,1787421600,1787421600.0,1787425200.0,1370.0,Prince Mohamed bin Fahd Stadium,Dammam,Match Finished,FT,90.0,7.0,307,Pro League,Saudi-Arabia,2026,Regular Season - 2,True,2928,Al Khaleej Saihat,,2940,Al Shabab,,0.0,0.0,0.0,0.0,0.0,0.0
110188,,UTC,2017-02-10 14:25:00+00:00,1486736700,1486736700.0,1486740300.0,1374.0,Prince Faisal bin Fahd Stadium,Riyadh,Match Finished,FT,90.0,,307,Pro League,Saudi-Arabia,2016,Regular Season - 18,True,2940,Al Shabab,,2928,Al Khaleej Saihat,,1.0,1.0,0.0,0.0,1.0,1.0
336104,,UTC,2018-01-25 17:00:00+00:00,1516899600,1516899600.0,1516903200.0,1374.0,Prince Faisal bin Fahd Stadium,Riyadh,Match Finished,FT,90.0,,504,King's Cup,Saudi-Arabia,2018,8th Finals,False,2940,Al Shabab,True,2928,Al Khaleej Saihat,False,3.0,1.0,2.0,1.0,3.0,1.0
931964,Majed Alshamrani,UTC,2022-10-15 17:45:00+00:00,1665855900,1665855900.0,1665859500.0,1374.0,Prince Faisal bin Fahd Stadium,Riyadh,Match Finished,FT,90.0,,307,Pro League,Saudi-Arabia,2022,Regular Season - 8,True,2940,Al Shabab,True,2928,Al Khaleej Saihat,False,4.0,0.0,1.0,0.0,4.0,0.0
1074281,Mohammed Al Hoaish,UTC,2023-09-02 18:00:00+00:00,1693677600,1693677600.0,1693681200.0,1374.0,Prince Faisal bin Fahd Stadium,Riyadh,Match Finished,FT,90.0,,307,Pro League,Saudi-Arabia,2023,Regular Season - 5,True,2940,Al Shabab,False,2928,Al Khaleej Saihat,True,1.0,3.0,1.0,1.0,1.0,3.0
1252581,Abdallah Dafar,UTC,2025-02-06 15:20:00+00:00,1738855200,1738855200.0,1738858800.0,,Al-Shabab Club Stadium,Riyadh,Match Finished,FT,90.0,6.0,307,Pro League,Saudi-Arabia,2024,Regular Season - 19,True,2940,Al Shabab,True,2928,Al Khaleej Saihat,False,5.0,1.0,1.0,1.0,5.0,1.0
1435917,K. Al Turais,UTC,2025-08-29 18:00:00+00:00,1756490400,1756490400.0,1756494000.0,,Al-Shabab Club Stadium,Riyadh,Match Finished,FT,90.0,7.0,307,Pro League,Saudi-Arabia,2025,Regular Season - 1,True,2940,Al Shabab,False,2928,Al Khaleej Saihat,True,1.0,4.0,0.0,1.0,1.0,4.0
1603140,,UTC,2027-02-11 19:00:00+00:00,1802372400,,,,Al-Shabab Club Stadium,Riyadh,Not Started,NS,,,307,Pro League,Saudi-Arabia,2026,Regular Season - 19,True,2940,Al Shabab,,2928,Al Khaleej Saihat,,,,,,,
659033,,UTC,2021-04-13 18:30:00+00:00,1618338600,1618338600.0,1618342200.0,1372.0,Al Khaleej Club Stadium,Sihat,Match Finished,FT,90.0,,308,Division 1,Saudi-Arabia,2020,Regular Season - 31,True,2928,Al Khaleej Saihat,False,2944,Al-Fayha,True,0.0,5.0,,,0.0,5.0
931972,Majed Alshamrani,UTC,2022-12-15 11:30:00+00:00,1671103800,1671103800.0,1671107400.0,1376.0,Prince Saud bin Jalawi Stadium,Khobar,Match Finished,FT,90.0,,307,Pro League,Saudi-Arabia,2022,Regular Season - 9,True,2928,Al Khaleej Saihat,False,2944,Al-Fayha,True,1.0,2.0,0.0,1.0,1.0,2.0
1074392,Faisal Alblwi,UTC,2023-12-21 15:00:00+00:00,1703170800,1703170800.0,1703174400.0,1376.0,Prince Mohamed bin Fahd Stadium,Dammam,Match Finished,FT,90.0,,307,Pro League,Saudi-Arabia,2023,Regular Season - 18,True,2928,Al Khaleej Saihat,True,2944,Al-Fayha,False,3.0,0.0,2.0,0.0,3.0,0.0
1252451,Abdullah Al-Kharbosh,UTC,2024-09-20 15:15:00+00:00,1726845300,1726845300.0,1726848900.0,1370.0,Prince Mohamed bin Fahd Stadium,Dammam,Match Finished,FT,90.0,10.0,307,Pro League,Saudi-Arabia,2024,Regular Season - 4,True,2928,Al Khaleej Saihat,,2944,Al-Fayha,,0.0,0.0,0.0,0.0,0.0,0.0
1435925,A. Al Owaidan,UTC,2025-09-13 15:25:00+00:00,1757777100,1757777100.0,1757780700.0,1370.0,Prince Mohamed bin Fahd Stadium,Dammam,Match Finished,FT,90.0,4.0,307,Pro League,Saudi-Arabia,2025,Regular Season - 2,True,2928,Al Khaleej Saihat,True,2944,Al-Fayha,False,3.0,0.0,1.0,0.0,3.0,0.0
1603049,,UTC,2026-10-15 14:50:00+00:00,1792075800,,,1370.0,Prince Mohamed bin Fahd Stadium,Dammam,Not Started,NS,,,307,Pro League,Saudi-Arabia,2026,Regular Season - 9,True,2928,Al Khaleej Saihat,,2944,Al-Fayha,,,,,,,
640371,,UTC,2020-12-28 12:20:00+00:00,1609158000,1609158000.0,1609161600.0,1367.0,Al Majma'ah Sports City Stadium,Al Majma'ah,Match Finished,FT,90.0,,308,Division 1,Saudi-Arabia,2020,Regular Season - 12,True,2944,Al-Fayha,,2928,Al Khaleej Saihat,,1.0,1.0,,,1.0,1.0
971142,Abdullah Al-Kharbosh,UTC,2022-12-20 15:00:00+00:00,1671548400,1671548400.0,1671552000.0,1367.0,Al Majma'ah Sports City Stadium,Al Majma'ah,Match Finished,FT,90.0,,504,King's Cup,Saudi-Arabia,2023,Round of 16,False,2944,Al-Fayha,True,2928,Al Khaleej Saihat,False,3.0,1.0,2.0,1.0,3.0,1.0
976716,Shukri Al Hanfosh,UTC,2023-04-28 18:30:00+00:00,1682706600,1682706600.0,1682710200.0,1367.0,Al Majma'ah Sports City Stadium,Al Majma'ah,Match Finished,FT,90.0,,307,Pro League,Saudi-Arabia,2022,Regular Season - 24,True,2944,Al-Fayha,False,2928,Al Khaleej Saihat,True,0.0,3.0,0.0,1.0,0.0,3.0
1074241,Faisal Alblwi,UTC,2023-08-12 18:00:00+00:00,1691863200,1691863200.0,1691866800.0,1367.0,Al Majma'ah Sports City Stadium,Al Majma'ah,Match Finished,FT,90.0,,307,Pro League,Saudi-Arabia,2023,Regular Season - 1,True,2944,Al-Fayha,True,2928,Al Khaleej Saihat,False,3.0,1.0,2.0,0.0,3.0,1.0
1252606,Shukri Al Hanfosh,UTC,2025-02-20 15:30:00+00:00,1740065400,1740065400.0,1740069000.0,1367.0,Al Majma'ah Sports City Stadium,Al Majma'ah,Match Finished,FT,90.0,8.0,307,Pro League,Saudi-Arabia,2024,Regular Season - 21,True,2944,Al-Fayha,,2928,Al Khaleej Saihat,,0.0,0.0,0.0,0.0,0.0,0.0
1436078,A. Al Rumaikhani,UTC,2026-01-28 17:30:00+00:00,1769621400,1769621400.0,1769625000.0,1367.0,King Abdullah Sports City Stadium,Buraidah,Match Finished,FT,90.0,6.0,307,Pro League,Saudi-Arabia,2025,Regular Season - 19,True,2944,Al-Fayha,True,2928,Al Khaleej Saihat,False,3.0,1.0,3.0,0.0,3.0,1.0
1603200,,UTC,2027-04-15 18:00:00+00:00,1807812000,,,,King Abdullah Sports City Stadium,Buraidah,Not Started,NS,,,307,Pro League,Saudi-Arabia,2026,Regular Season - 26,True,2944,Al-Fayha,,2928,Al Khaleej Saihat,,,,,,,
111180,,UTC,2018-02-28 12:35:00+00:00,1519821300,1519821300.0,1519824900.0,,Al Khaleej Club Stadium (Sihat),,Match Finished,FT,90.0,,308,Division 1,Saudi-Arabia,2017,Regular Season - 23,True,2928,Al Khaleej Saihat,True,2945,Al-Hazm,False,2.0,1.0,,,2.0,1.0
640293,,UTC,2020-11-04 14:30:00+00:00,1604500200,1604500200.0,1604503800.0,1376.0,Prince Saud bin Jalawi Stadium,Khobar,Match Finished,FT,90.0,,308,Division 1,Saudi-Arabia,2020,Regular Season - 3,True,2928,Al Khaleej Saihat,False,2945,Al-Hazm,True,2.0,4.0,,,2.0,4.0
1074272,Sami Al Jires,UTC,2023-08-29 18:00:00+00:00,1693332000,1693332000.0,1693335600.0,1376.0,Prince Mohamed bin Fahd Stadium,Dammam,Match Finished,FT,90.0,,307,Pro League,Saudi-Arabia,2023,Regular Season - 4,True,2928,Al Khaleej Saihat,,2945,Al-Hazm,,1.0,1.0,1.0,0.0,1.0,1.0
1436129,A. Al Harbi,UTC,2026-03-06 19:00:00+00:00,1772823600,1772823600.0,1772827200.0,1370.0,Prince Mohamed bin Fahd Stadium,Dammam,Match Finished,FT,90.0,8.0,307,Pro League,Saudi-Arabia,2025,Regular Season - 25,True,2928,Al Khaleej Saihat,True,2945,Al-Hazm,False,2.0,1.0,0.0,0.0,2.0,1.0
1603075,,UTC,2026-10-29 14:35:00+00:00,1793284500,,,1370.0,Prince Mohamed bin Fahd Stadium,Dammam,Not Started,NS,,,307,Pro League,Saudi-Arabia,2026,Regular Season - 12,True,2928,Al Khaleej Saihat,,2945,Al-Hazm,,,,,,,
111301,,UTC,2017-11-01 12:25:00+00:00,1509539100,1509539100.0,1509542700.0,,Ar-Rass Stadium (Al Hazm Club Stadium) (Ar-Rass (Rass)),,Match Finished,FT,90.0,,308,Division 1,Saudi-Arabia,2017,Regular Season - 8,True,2945,Al-Hazm,,2928,Al Khaleej Saihat,,2.0,2.0,,,2.0,2.0
658950,,UTC,2021-02-22 13:00:00+00:00,1613998800,1613998800.0,1614002400.0,,Ar-Rass Stadium,Rass,Match Finished,FT,90.0,,308,Division 1,Saudi-Arabia,2020,Regular Season - 22,True,2945,Al-Hazm,True,2928,Al Khaleej Saihat,False,1.0,0.0,,,1.0,0.0
1074420,Mamdouh Al Shahdan,UTC,2024-02-24 17:00:00+00:00,1708794000,1708794000.0,1708797600.0,,Ar-Rass Stadium,Rass,Match Finished,FT,90.0,,307,Pro League,Saudi-Arabia,2023,Regular Season - 21,True,2945,Al-Hazm,,2928,Al Khaleej Saihat,,1.0,1.0,0.0,1.0,1.0,1.0
1435983,"Mohammed Nasser Abu Shaqara, Saudi Arabia",UTC,2025-11-06 14:55:00+00:00,1762440900,1762440900.0,1762444500.0,,Al-Hazem Club Stadium,Ar Rass,Match Finished,FT,90.0,6.0,307,Pro League,Saudi-Arabia,2025,Regular Season - 8,True,2945,Al-Hazm,False,2928,Al Khaleej Saihat,True,1.0,4.0,1.0,2.0,1.0,4.0
1603228,,UTC,2027-04-29 18:00:00+00:00,1809021600,,,,Al-Hazem Club Stadium,Ar Rass,Not Started,NS,,,307,Pro League,Saudi-Arabia,2026,Regular Season - 29,True,2945,Al-Hazm,,2928,Al Khaleej Saihat,,,,,,,
110928,,UTC,2018-12-30 14:40:00+00:00,1546180800,1546180800.0,1546184400.0,,Al Khaleej Club Stadium (Sihat),,Match Finished,FT,90.0,,308,Division 1,Saudi-Arabia,2018,Regular Season - 19,True,2928,Al Khaleej Saihat,True,2951,Abha,False,3.0,1.0,,,3.0,1.0
976766,Sami Al Jires,UTC,2023-05-31 18:00:00+00:00,1685556000,1685556000.0,1685559600.0,1370.0,Prince Mohamed bin Fahd Stadium,Dammam,Match Finished,FT,90.0,,307,Pro League,Saudi-Arabia,2022,Regular Season - 30,True,2928,Al Khaleej Saihat,True,2951,Abha,False,3.0,1.0,0.0,1.0,3.0,1.0
1074382,Abdullah Al-Harbi,UTC,2023-12-08 15:00:00+00:00,1702047600,1702047600.0,1702051200.0,1376.0,Prince Mohamed bin Fahd Stadium,Dammam,Match Finished,FT,90.0,,307,Pro League,Saudi-Arabia,2023,Regular Season - 16,True,2928,Al Khaleej Saihat,True,2951,Abha,False,3.0,1.0,2.0,0.0,3.0,1.0
1603147,,UTC,2027-02-18 19:00:00+00:00,1802977200,,,1370.0,Prince Mohamed bin Fahd Stadium,Dammam,Not Started,NS,,,307,Pro League,Saudi-Arabia,2026,Regular Season - 20,True,2928,Al Khaleej Saihat,,2951,Abha,,,,,,,
110778,,UTC,2019-05-15 19:00:00+00:00,1557946800,1557946800.0,1557950400.0,,Prince Sultan bin Abdul Aziz Stadium (Mahalah),,Match Finished,FT,90.0,,308,Division 1,Saudi-Arabia,2018,Regular Season - 38,True,2951,Abha,,2928,Al Khaleej Saihat,,2.0,2.0,,,2.0,2.0
932020,Ahmad Al Rumaikhani,UTC,2023-02-02 12:00:00+00:00,1675339200,1675339200.0,1675342800.0,10516.0,Prince Sultan bin Abdulaziz Sports City Stadium,Abha,Match Finished,FT,90.0,,307,Pro League,Saudi-Arabia,2022,Regular Season - 15,True,2951,Abha,True,2928,Al Khaleej Saihat,False,2.0,0.0,0.0,0.0,2.0,0.0
1074530,Majed Alshamrani,UTC,2024-05-23 18:00:00+00:00,1716487200,1716487200.0,1716490800.0,10516.0,Prince Sultan bin Abdulaziz Sports City Stadium,Abha,Match Finished,FT,90.0,,307,Pro League,Saudi-Arabia,2023,Regular Season - 33,True,2951,Abha,True,2928,Al Khaleej Saihat,False,2.0,1.0,1.0,0.0,2.0,1.0
1141346,Abdulsamad Bakri,UTC,2023-12-11 12:30:00+00:00,1702297800,1702297800.0,1702301400.0,10516.0,Prince Sultan bin Abdulaziz Sports City Stadium,Abha,Match Finished,FT,90.0,,504,King's Cup,Saudi-Arabia,2024,Quarter-finals,False,2951,Abha,False,2928,Al Khaleej Saihat,True,1.0,2.0,0.0,1.0,1.0,2.0
1602992,"Ali Al-Qahtani, Saudi Arabia",UTC,2026-08-25 16:05:00+00:00,1787673900,1787673900.0,1787677500.0,,Prince Sultan bin Abdul Aziz Stadium,Abha,Match Finished,FT,90.0,,307,Pro League,Saudi-Arabia,2026,Regular Season - 3,True,2951,Abha,,2928,Al Khaleej Saihat,,1.0,1.0,1.0,1.0,1.0,1.0
932046,,UTC,2022-09-05 17:35:00+00:00,1662399300,1662399300.0,1662402900.0,1364.0,King Abdullah Sports City,Jeddah,Match Finished,FT,90.0,,308,Division 1,Saudi-Arabia,2022,Regular Season - 3,True,2929,Al-Ahli Jeddah,True,10509,Al Kholood,False,1.0,0.0,0.0,0.0,1.0,0.0
1252703,L. Rey Hilfer,UTC,2025-05-17 18:00:00+00:00,1747504800,1747504800.0,1747508400.0,1364.0,Prince Abdullah Al Faisal Sports City Stadium,Jeddah,Match Finished,FT,90.0,11.0,307,Pro League,Saudi-Arabia,2024,Regular Season - 32,True,2929,Al-Ahli Jeddah,True,10509,Al Kholood,False,4.0,1.0,0.0,0.0,4.0,1.0
1436204,S. Al Hunfush,UTC,2026-05-16 18:00:00+00:00,1778954400,1778954400.0,1778958000.0,1364.0,King Abdullah Sports City,Jeddah,Match Finished,FT,90.0,2.0,307,Pro League,Saudi-Arabia,2025,Regular Season - 33,True,2929,Al-Ahli Jeddah,True,10509,Al Kholood,False,3.0,0.0,3.0,0.0,3.0,0.0
1603153,,UTC,2027-02-25 19:00:00+00:00,1803582000,,,1364.0,King Abdullah Sports City,Jeddah,Not Started,NS,,,307,Pro League,Saudi-Arabia,2026,Regular Season - 21,True,2929,Al-Ahli Jeddah,,10509,Al Kholood,,,,,,,
984658,,UTC,2023-02-07 15:30:00+00:00,1675783800,1675783800.0,1675787400.0,,Ar-Rass Stadium,Rass,Match Finished,FT,90.0,,308,Division 1,Saudi-Arabia,2022,Regular Season - 20,True,10509,Al Kholood,False,2929,Al-Ahli Jeddah,True,1.0,2.0,0.0,1.0,1.0,2.0
1252551,M. Al Hakim,UTC,2025-01-15 17:00:00+00:00,1736960400,1736960400.0,1736964000.0,1377.0,King Abdullah Sport City Stadium,Buraidah,Match Finished,FT,90.0,8.0,307,Pro League,Saudi-Arabia,2024,Regular Season - 15,True,10509,Al Kholood,True,2929,Al-Ahli Jeddah,False,1.0,0.0,0.0,0.0,1.0,0.0
1436049,"Majed Mohammed Al-Shamrani, Saudi Arabia",UTC,2026-01-17 15:10:00+00:00,1768662600,1768662600.0,1768666200.0,,Al-Hazem Club Stadium,Ar Rass,Match Finished,FT,90.0,8.0,307,Pro League,Saudi-Arabia,2025,Regular Season - 16,True,10509,Al Kholood,False,2929,Al-Ahli Jeddah,True,0.0,1.0,0.0,0.0,0.0,1.0
1603002,"Shukri Alhunfush, Saudi Arabia",UTC,2026-08-29 16:05:00+00:00,1788019500,1788019500.0,1788023100.0,,Al-Hazem Club Stadium,Ar Rass,Match Finished,FT,90.0,,307,Pro League,Saudi-Arabia,2026,Regular Season - 4,True,10509,Al Kholood,True,2929,Al-Ahli Jeddah,False,3.0,1.0,1.0,0.0,3.0,1.0
336046,,UTC,2019-01-05 16:55:00+00:00,1546707300,1546707300.0,1546710900.0,1364.0,King Abdullah Sports City,Jeddah,Match Finished,FT,90.0,,504,King's Cup,Saudi-Arabia,2019,32nd Finals,False,2929,Al-Ahli Jeddah,True,10511,Al Riyadh,False,4.0,0.0,,,4.0,0.0
984700,,UTC,2023-03-12 17:25:00+00:00,1678641900,1678641900.0,1678645500.0,1364.0,Prince Abdullah al-Faisal Stadium,Jeddah,Match Finished,FT,90.0,,308,Division 1,Saudi-Arabia,2022,Regular Season - 25,True,2929,Al-Ahli Jeddah,False,10511,Al Riyadh,True,0.0,2.0,0.0,1.0,0.0,2.0
1074339,Ramon Abatti,UTC,2023-11-05 18:00:00+00:00,1699207200,1699207200.0,1699210800.0,19932.0,Prince Abdullah al-Faisal Stadium,Jeddah,Match Finished,FT,90.0,,307,Pro League,Saudi-Arabia,2023,Regular Season - 12,True,2929,Al-Ahli Jeddah,True,10511,Al Riyadh,False,3.0,0.0,2.0,0.0,3.0,0.0
1252570,Gustavo Correia,UTC,2025-01-26 15:45:00+00:00,1737906300,1737906300.0,1737909900.0,1364.0,King Abdullah Sports City,Jeddah,Match Finished,FT,90.0,6.0,307,Pro League,Saudi-Arabia,2024,Regular Season - 17,True,2929,Al-Ahli Jeddah,True,10511,Al Riyadh,False,5.0,0.0,1.0,0.0,5.0,0.0
1435969,"Rade Obrenovič, Slovenia",UTC,2025-10-30 17:30:00+00:00,1761845400,1761845400.0,1761849000.0,1364.0,King Abdullah Sports City,Jeddah,Match Finished,FT,90.0,,307,Pro League,Saudi-Arabia,2025,Regular Season - 7,True,2929,Al-Ahli Jeddah,,10511,Al Riyadh,,1.0,1.0,0.0,0.0,1.0,1.0
1603012,"Abdullah Al-Owaidan, Saudi Arabia",UTC,2026-09-04 18:00:00+00:00,1788544800,1788544800.0,1788548400.0,1364.0,King Abdullah Sports City,Jeddah,Match Finished,FT,90.0,,307,Pro League,Saudi-Arabia,2026,Regular Season - 5,True,2929,Al-Ahli Jeddah,True,10511,Al Riyadh,False,5.0,0.0,3.0,0.0,5.0,0.0
932089,,UTC,2022-10-16 17:30:00+00:00,1665941400,1665941400.0,1665945000.0,1374.0,Prince Faisal bin Fahd Stadium,Riyadh,Match Finished,FT,90.0,,308,Division 1,Saudi-Arabia,2022,Regular Season - 8,True,10511,Al Riyadh,False,2929,Al-Ahli Jeddah,True,0.0,2.0,0.0,0.0,0.0,2.0
1074498,Sami Al Jires,UTC,2024-04-25 18:00:00+00:00,1714068000,1714068000.0,1714071600.0,7224.0,Prince Faisal bin Fahd Stadium,Riyadh,Match Finished,FT,90.0,,307,Pro League,Saudi-Arabia,2023,Regular Season - 29,True,10511,Al Riyadh,True,2929,Al-Ahli Jeddah,False,2.0,1.0,1.0,1.0,2.0,1.0
1252723,A. Treimanis,UTC,2025-05-26 18:00:00+00:00,1748282400,1748282400.0,1748286000.0,7224.0,Prince Faisal bin Fahd Stadium,Riyadh,Match Finished,FT,90.0,6.0,307,Pro League,Saudi-Arabia,2024,Regular Season - 34,True,10511,Al Riyadh,False,2929,Al-Ahli Jeddah,True,0.0,1.0,0.0,1.0,0.0,1.0
1436121,M. Al Ismail,UTC,2026-02-26 19:00:00+00:00,1772132400,1772132400.0,1772136000.0,1374.0,Prince Faisal bin Fahd Stadium,Riyadh,Match Finished,FT,90.0,7.0,307,Pro League,Saudi-Arabia,2025,Regular Season - 24,True,10511,Al Riyadh,False,2929,Al-Ahli Jeddah,True,0.0,1.0,0.0,0.0,0.0,1.0
1603169,,UTC,2027-03-11 18:00:00+00:00,1804788000,,,1374.0,Prince Faisal bin Fahd Stadium,Riyadh,Not Started,NS,,,307,Pro League,Saudi-Arabia,2026,Regular Season - 22,True,10511,Al Riyadh,,2929,Al-Ahli Jeddah,,,,,,,
1435915,J. Valenzuela,UTC,2025-08-28 18:00:00+00:00,1756404000,1756404000.0,1756407600.0,1364.0,King Abdullah Sports City,Jeddah,Match Finished,FT,90.0,9.0,307,Pro League,Saudi-Arabia,2025,Regular Season - 1,True,2929,Al-Ahli Jeddah,True,10513,NEOM,False,1.0,0.0,1.0,0.0,1.0,0.0
1603269,,UTC,2027-05-28 18:00:00+00:00,1811527200,,,1364.0,King Abdullah Sports City,Jeddah,Not Started,NS,,,307,Pro League,Saudi-Arabia,2026,Regular Season - 34,True,2929,Al-Ahli Jeddah,,10513,NEOM,,,,,,,
1436069,"Mohammed Al Esmaiel, Saudi Arabia",UTC,2026-01-24 17:30:00+00:00,1769275800,1769275800.0,1769279400.0,,King Khalid Sports City,Tabuk,Match Finished,FT,90.0,7.0,307,Pro League,Saudi-Arabia,2025,Regular Season - 18,True,10513,NEOM,False,2929,Al-Ahli Jeddah,True,0.0,3.0,0.0,0.0,0.0,3.0
1603124,,UTC,2026-12-10 17:00:00+00:00,1796922000,,,,King Khalid Sports City,Tabuk,Not Started,NS,,,307,Pro League,Saudi-Arabia,2026,Regular Season - 17,True,10513,NEOM,,2929,Al-Ahli Jeddah,,,,,,,
1603125,,UTC,2026-12-14 17:00:00+00:00,1797267600,,,1364.0,King Abdullah Sports City,Jeddah,Not Started,NS,,,307,Pro League,Saudi-Arabia,2026,Regular Season - 18,True,2929,Al-Ahli Jeddah,,26738,Al Diriyah,,,,,,,
1602973,M. K. Al Hoish,UTC,2026-08-13 18:00:00+00:00,1786644000,1786644000.0,1786647600.0,,Prince Turki bin Abdul Aziz Stadium,Riyadh,Match Finished,FT,90.0,6.0,307,Pro League,Saudi-Arabia,2026,Regular Season - 1,True,26738,Al Diriyah,False,2929,Al-Ahli Jeddah,True,0.0,1.0,0.0,1.0,0.0,1.0
110147,,UTC,2017-04-20 17:45:00+00:00,1492710300,1492710300.0,1492713900.0,1364.0,King Abdullah Sports City,Jeddah,Match Finished,FT,90.0,,307,Pro League,Saudi-Arabia,2016,Regular Season - 24,True,2929,Al-Ahli Jeddah,True,2930,Al-Faisaly FC,False,2.0,1.0,0.0,1.0,2.0,1.0
110362,,UTC,2018-02-08 16:20:00+00:00,1518106800,1518106800.0,1518110400.0,,King Abdullah Sports City (Jeddah),,Match Finished,FT,90.0,,307,Pro League,Saudi-Arabia,2017,Regular Season - 21,True,2929,Al-Ahli Jeddah,True,2930,Al-Faisaly FC,False,2.0,1.0,2.0,1.0,2.0,1.0
151731,P. van Boekel,UTC,2018-10-05 15:50:00+00:00,1538754600,1538754600.0,1538758200.0,1364.0,King Abdullah Sports City,Jeddah,Match Finished,FT,90.0,,307,Pro League,Saudi-Arabia,2018,Regular Season - 5,True,2929,Al-Ahli Jeddah,True,2930,Al-Faisaly FC,False,2.0,0.0,2.0,0.0,2.0,0.0
234854,M. Jug,UTC,2019-11-23 15:40:00+00:00,1574523600,1574523600.0,1574527200.0,1364.0,King Abdullah Sports City,Jeddah,Match Finished,FT,90.0,,307,Pro League,Saudi-Arabia,2019,Regular Season - 10,True,2929,Al-Ahli Jeddah,True,2930,Al-Faisaly FC,False,3.0,1.0,2.0,0.0,3.0,1.0
635914,Shukri Al Hanfosh,UTC,2020-11-29 15:40:00+00:00,1606664400,1606664400.0,1606668000.0,1364.0,King Abdullah Sports City,Jeddah,Match Finished,FT,90.0,,307,Pro League,Saudi-Arabia,2020,Regular Season - 6,True,2929,Al-Ahli Jeddah,True,2930,Al-Faisaly FC,False,2.0,1.0,1.0,0.0,2.0,1.0
739970,Khaled Al Teris,UTC,2021-08-13 17:55:00+00:00,1628877300,1628877300.0,1628880900.0,1364.0,King Abdullah Sports City,Jeddah,Match Finished,FT,90.0,,307,Pro League,Saudi-Arabia,2021,Regular Season - 1,True,2929,Al-Ahli Jeddah,,2930,Al-Faisaly FC,,1.0,1.0,1.0,1.0,1.0,1.0
812248,Raed Al Zahrani,UTC,2021-12-21 15:25:00+00:00,1640100300,1640100300.0,1640103900.0,1364.0,Prince Abdullah al-Faisal Stadium,Jeddah,Match Finished,FT,90.0,,504,King's Cup,Saudi-Arabia,2022,Round of 16,False,2929,Al-Ahli Jeddah,True,2930,Al-Faisaly FC,False,2.0,1.0,0.0,1.0,2.0,1.0
984710,,UTC,2023-04-15 19:00:00+00:00,1681585200,1681585200.0,1681588800.0,1364.0,Prince Abdullah al-Faisal Stadium,Jeddah,Match Finished,FT,90.0,,308,Division 1,Saudi-Arabia,2022,Regular Season - 26,True,2929,Al-Ahli Jeddah,,2930,Al-Faisaly FC,,2.0,2.0,1.0,0.0,2.0,2.0
1603089,,UTC,2026-11-20 17:00:00+00:00,1795194000,,,1364.0,King Abdullah Sports City,Jeddah,Not Started,NS,,,307,Pro League,Saudi-Arabia,2026,Regular Season - 14,True,2929,Al-Ahli Jeddah,,2930,Al-Faisaly FC,,,,,,,
110238,,UTC,2016-12-01 15:40:00+00:00,1480606800,1480606800.0,1480610400.0,,Prince Salman Bin Abdulaziz Sport City Stadium,Al Majma'ah,Match Finished,FT,90.0,,307,Pro League,Saudi-Arabia,2016,Regular Season - 11,True,2930,Al-Faisaly FC,False,2929,Al-Ahli Jeddah,True,3.0,6.0,1.0,3.0,3.0,6.0
110443,Turki Al Khudair,UTC,2017-10-26 16:50:00+00:00,1509036600,1509036600.0,1509040200.0,,Prince Salman Bin Abdulaziz Sport City Stadium,Al Majma'ah,Match Finished,FT,90.0,,307,Pro League,Saudi-Arabia,2017,Regular Season - 8,True,2930,Al-Faisaly FC,False,2929,Al-Ahli Jeddah,True,1.0,2.0,0.0,0.0,1.0,2.0
151921,Turki Al Khudair,UTC,2019-05-11 19:30:00+00:00,1557603000,1557603000.0,1557606600.0,,Prince Salman Bin Abdulaziz Sport City Stadium,Al Majma'ah,Match Finished,FT,90.0,,307,Pro League,Saudi-Arabia,2018,Regular Season - 29,True,2930,Al-Faisaly FC,False,2929,Al-Ahli Jeddah,True,1.0,4.0,0.0,2.0,1.0,4.0
312928,G. Mažeika,UTC,2020-08-15 16:10:00+00:00,1597507800,1597507800.0,1597511400.0,1367.0,Al Majma'ah Sports City Stadium,Al Majma'ah,Match Finished,FT,90.0,,307,Pro League,Saudi-Arabia,2019,Regular Season - 25,True,2930,Al-Faisaly FC,True,2929,Al-Ahli Jeddah,False,2.0,0.0,1.0,0.0,2.0,0.0
336109,,UTC,2018-03-30 17:35:00+00:00,1522431300,1522431300.0,1522434900.0,,King Salman bin Abdulaziz Sport City Stadium,Al Majma'ah,Match Finished,FT,90.0,,504,King's Cup,Saudi-Arabia,2018,Semi-finals,False,2930,Al-Faisaly FC,True,2929,Al-Ahli Jeddah,False,1.0,0.0,0.0,0.0,1.0,0.0
336140,,UTC,2017-05-12 17:50:00+00:00,1494611400,1494611400.0,1494615000.0,,King Salman bin Abdulaziz Sport City Stadium (Al Majma'ah),,Match Finished,FT,90.0,,504,King's Cup,Saudi-Arabia,2017,Semi-finals,False,2930,Al-Faisaly FC,False,2929,Al-Ahli Jeddah,True,0.0,3.0,0.0,0.0,0.0,3.0
657805,Ahmad Al Rumaikhani,UTC,2021-02-27 16:30:00+00:00,1614443400,1614443400.0,1614447000.0,1367.0,Al Majma'ah Sports City Stadium,Al Majma'ah,Match Finished,FT,90.0,,307,Pro League,Saudi-Arabia,2020,Regular Season - 21,True,2930,Al-Faisaly FC,True,2929,Al-Ahli Jeddah,False,2.0,1.0,0.0,0.0,2.0,1.0
813333,Sami Al Jires,UTC,2022-01-11 14:05:00+00:00,1641909900,1641909900.0,1641913500.0,1367.0,Al Majma'ah Sports City Stadium,Al Majma'ah,Match Finished,FT,90.0,,307,Pro League,Saudi-Arabia,2021,Regular Season - 16,True,2930,Al-Faisaly FC,,2929,Al-Ahli Jeddah,,2.0,2.0,1.0,1.0,2.0,2.0
932103,,UTC,2023-01-14 12:30:00+00:00,1673699400,1673699400.0,1673703000.0,1367.0,Al Majma'ah Sports City Stadium,Al Majma'ah,Match Finished,FT,90.0,,308,Division 1,Saudi-Arabia,2022,Regular Season - 9,True,2930,Al-Faisaly FC,False,2929,Al-Ahli Jeddah,True,1.0,2.0,1.0,2.0,1.0,2.0
1603245,,UTC,2027-05-12 18:00:00+00:00,1810144800,,,,,,Not Started,NS,,,307,Pro League,Saudi-Arabia,2026,Regular Season - 31,True,2930,Al-Faisaly FC,,2929,Al-Ahli Jeddah,,,,,,,
110207,,UTC,2016-12-31 15:50:00+00:00,1483199400,1483199400.0,1483203000.0,1364.0,King Abdullah Sports City,Jeddah,Match Finished,FT,90.0,,307,Pro League,Saudi-Arabia,2016,Regular Season - 15,True,2929,Al-Ahli Jeddah,True,2931,Al-Fateh,False,2.0,0.0,0.0,0.0,2.0,0.0
110486,,UTC,2017-08-17 17:50:00+00:00,1502992200,1502992200.0,1502995800.0,1364.0,King Abdullah Sports City,Jeddah,Match Finished,FT,90.0,,307,Pro League,Saudi-Arabia,2017,Regular Season - 2,True,2929,Al-Ahli Jeddah,True,2931,Al-Fateh,False,4.0,0.0,3.0,0.0,4.0,0.0
151745,"Svein Oddvar Moen, Norway",UTC,2018-10-25 15:30:00+00:00,1540481400,1540481400.0,1540485000.0,1364.0,King Abdullah Sports City,Jeddah,Match Finished,FT,90.0,,307,Pro League,Saudi-Arabia,2018,Regular Season - 7,True,2929,Al-Ahli Jeddah,True,2931,Al-Fateh,False,5.0,1.0,2.0,0.0,5.0,1.0
313273,Majed Al Shamrani,UTC,2020-02-21 16:30:00+00:00,1582302600,1582302600.0,1582306200.0,1364.0,King Abdullah Sports City,Jeddah,Match Finished,FT,90.0,,307,Pro League,Saudi-Arabia,2019,Regular Season - 19,True,2929,Al-Ahli Jeddah,False,2931,Al-Fateh,True,0.0,1.0,0.0,1.0,0.0,1.0
635937,Khaled Salwi,UTC,2020-12-22 15:50:00+00:00,1608652200,1608652200.0,1608655800.0,1378.0,King Abdullah Sports City Reserve Stadium,Jeddah,Match Finished,FT,90.0,,307,Pro League,Saudi-Arabia,2020,Regular Season - 9,True,2929,Al-Ahli Jeddah,True,2931,Al-Fateh,False,1.0,0.0,0.0,0.0,1.0,0.0
739999,Turki Al Khudair,UTC,2021-09-17 17:30:00+00:00,1631899800,1631899800.0,1631903400.0,1364.0,King Abdullah Sports City,Jeddah,Match Finished,FT,90.0,,307,Pro League,Saudi-Arabia,2021,Regular Season - 5,True,2929,Al-Ahli Jeddah,,2931,Al-Fateh,,1.0,1.0,1.0,1.0,1.0,1.0
1074429,Majed Alshamrani,UTC,2024-03-02 17:00:00+00:00,1709398800,1709398800.0,1709402400.0,1364.0,King Abdullah Sports City,Jeddah,Match Finished,FT,90.0,,307,Pro League,Saudi-Arabia,2023,Regular Season - 22,True,2929,Al-Ahli Jeddah,,2931,Al-Fateh,,1.0,1.0,0.0,1.0,1.0,1.0
1252586,K. Tohver,UTC,2025-02-07 17:00:00+00:00,1738947600,1738947600.0,1738951200.0,19932.0,Prince Abdullah al-Faisal Stadium,Jeddah,Match Finished,FT,90.0,,307,Pro League,Saudi-Arabia,2024,Regular Season - 19,True,2929,Al-Ahli Jeddah,True,2931,Al-Fateh,False,2.0,0.0,1.0,0.0,2.0,0.0
1436156,A. Al Qahtani,UTC,2026-05-06 18:00:00+00:00,1778090400,1778090400.0,1778094000.0,1364.0,King Abdullah Sports City,Jeddah,Match Finished,FT,90.0,5.0,307,Pro League,Saudi-Arabia,2025,Regular Season - 28,True,2929,Al-Ahli Jeddah,True,2931,Al-Fateh,False,3.0,1.0,1.0,0.0,3.0,1.0
1603188,,UTC,2027-04-08 18:00:00+00:00,1807207200,,,1364.0,King Abdullah Sports City,Jeddah,Not Started,NS,,,307,Pro League,Saudi-Arabia,2026,Regular Season - 25,True,2929,Al-Ahli Jeddah,,2931,Al-Fateh,,,,,,,
110298,,UTC,2016-08-20 18:05:00+00:00,1471716300,1471716300.0,1471719900.0,,Prince Abdullah bin Jalawi Stadium,Al-Hasa,Match Finished,FT,90.0,,307,Pro League,Saudi-Arabia,2016,Regular Season - 2,True,2931,Al-Fateh,False,2929,Al-Ahli Jeddah,True,0.0,1.0,0.0,1.0,0.0,1.0
110395,Shukri Al Hanfosh,UTC,2017-12-23 15:45:00+00:00,1514043900,1514043900.0,1514047500.0,,Prince Abdullah bin Jalawi Sports City Stadium (Al-Hasa),,Match Finished,FT,90.0,,307,Pro League,Saudi-Arabia,2017,Regular Season - 15,True,2931,Al-Fateh,False,2929,Al-Ahli Jeddah,True,1.0,3.0,1.0,3.0,1.0,3.0
151855,"Matteo Konger, New Zealand",UTC,2019-02-20 14:20:00+00:00,1550672400,1550672400.0,1550676000.0,,Prince Abdullah bin Jalawi Stadium,Al-Hasa,Match Finished,FT,90.0,,307,Pro League,Saudi-Arabia,2018,Regular Season - 21,True,2931,Al-Fateh,True,2929,Al-Ahli Jeddah,False,2.0,1.0,1.0,0.0,2.0,1.0
234807,Sardar Josebuiek,UTC,2019-09-21 15:20:00+00:00,1569079200,1569079200.0,1569082800.0,1363.0,Prince Abdullah bin Jalawi Sports City Stadium,Al-Hasa,Match Finished,FT,90.0,,307,Pro League,Saudi-Arabia,2019,Regular Season - 4,True,2931,Al-Fateh,False,2929,Al-Ahli Jeddah,True,0.0,2.0,0.0,2.0,0.0,2.0
657832,Turki Al Khudair,UTC,2021-03-20 14:30:00+00:00,1616250600,1616250600.0,1616254200.0,1363.0,Prince Abdullah bin Jalawi Sports City Stadium,Al-Hasa,Match Finished,FT,90.0,,307,Pro League,Saudi-Arabia,2020,Regular Season - 24,True,2931,Al-Fateh,True,2929,Al-Ahli Jeddah,False,4.0,1.0,2.0,0.0,4.0,1.0
824989,Mohammed Alharbi,UTC,2022-02-11 14:10:00+00:00,1644588600,1644588600.0,1644592200.0,1363.0,Prince Abdullah bin Jalawi Sports City Stadium,Al-Hasa,Match Finished,FT,90.0,,307,Pro League,Saudi-Arabia,2021,Regular Season - 20,True,2931,Al-Fateh,False,2929,Al-Ahli Jeddah,True,0.0,1.0,0.0,0.0,0.0,1.0
1074280,Fábio Veríssimo,UTC,2023-09-02 18:00:00+00:00,1693677600,1693677600.0,1693681200.0,1363.0,Prince Abdullah bin Jalawi Sports City Stadium,Al-Hasa,Match Finished,FT,90.0,,307,Pro League,Saudi-Arabia,2023,Regular Season - 5,True,2931,Al-Fateh,True,2929,Al-Ahli Jeddah,False,5.0,1.0,1.0,1.0,5.0,1.0
1252428,Abdallah Dafar,UTC,2024-08-27 15:45:00+00:00,1724773500,1724773500.0,1724777100.0,1363.0,Al Fateh Club Stadium,Al-Hasa,Match Finished,FT,90.0,,307,Pro League,Saudi-Arabia,2024,Regular Season - 2,True,2931,Al-Fateh,True,2929,Al-Ahli Jeddah,False,1.0,0.0,0.0,0.0,1.0,0.0
1436005,"Khaled Al Teris, Saudi Arabia",UTC,2025-12-26 13:05:00+00:00,1766754300,1766754300.0,1766757900.0,22271.0,Al Fateh club stadium,Al-Hofuf,Match Finished,FT,90.0,10.0,307,Pro League,Saudi-Arabia,2025,Regular Season - 11,True,2931,Al-Fateh,True,2929,Al-Ahli Jeddah,False,2.0,1.0,1.0,1.0,2.0,1.0
1603037,,UTC,2026-10-09 14:55:00+00:00,1791557700,,,,Al Fateh club stadium,Al-Hofuf,Not Started,NS,,,307,Pro League,Saudi-Arabia,2026,Regular Season - 8,True,2931,Al-Fateh,,2929,Al-Ahli Jeddah,,,,,,,
110149,,UTC,2017-04-15 17:45:00+00:00,1492278300,1492278300.0,1492281900.0,,King Fahd Stadium,Riyadh,Match Finished,FT,90.0,,307,Pro League,Saudi-Arabia,2016,Regular Season - 23,True,2932,Al-Hilal Saudi FC,,2929,Al-Ahli Jeddah,,0.0,0.0,0.0,0.0,0.0,0.0
110416,M. Mažić,UTC,2017-12-01 16:00:00+00:00,1512144000,1512144000.0,1512147600.0,,King Fahd Stadium,Riyadh,Match Finished,FT,90.0,,307,Pro League,Saudi-Arabia,2017,Regular Season - 12,True,2932,Al-Hilal Saudi FC,True,2929,Al-Ahli Jeddah,False,2.0,0.0,0.0,0.0,2.0,0.0
151802,"Clement Turpin, France",UTC,2018-12-21 11:10:00+00:00,1545390600,1545390600.0,1545394200.0,1369.0,King Saud University Stadium,Riyadh,Match Finished,FT,90.0,,307,Pro League,Saudi-Arabia,2018,Regular Season - 14,True,2932,Al-Hilal Saudi FC,True,2929,Al-Ahli Jeddah,False,4.0,3.0,1.0,1.0,4.0,3.0
234861,S. Marciniak,UTC,2020-01-07 16:00:00+00:00,1578412800,1578412800.0,1578416400.0,1369.0,King Saud University Stadium,Riyadh,Match Finished,FT,90.0,,307,Pro League,Saudi-Arabia,2019,Regular Season - 11,True,2932,Al-Hilal Saudi FC,True,2929,Al-Ahli Jeddah,False,3.0,1.0,1.0,1.0,3.0,1.0
253626,"Ning Ma, China",UTC,2019-08-13 17:30:00+00:00,1565717400,1565717400.0,1565721000.0,,King Saud University Stadium,Riyadh,Match Finished,FT,90.0,,17,AFC Champions League,World,2019,8th Finals,True,2932,Al-Hilal Saudi FC,False,2929,Al-Ahli Jeddah,True,0.0,1.0,0.0,1.0,0.0,1.0
657862,S. Marciniak,UTC,2021-05-19 18:00:00+00:00,1621447200,1621447200.0,1621450800.0,1374.0,Prince Faisal bin Fahd Stadium,Riyadh,Match Finished,FT,90.0,,307,Pro League,Saudi-Arabia,2020,Regular Season - 28,True,2932,Al-Hilal Saudi FC,True,2929,Al-Ahli Jeddah,False,5.0,1.0,3.0,0.0,5.0,1.0
825031,G. Kabakov,UTC,2022-03-18 16:50:00+00:00,1647622200,1647622200.0,1647625800.0,1374.0,Prince Faisal bin Fahd Stadium,Riyadh,Match Finished,FT,90.0,,307,Pro League,Saudi-Arabia,2021,Regular Season - 25,True,2932,Al-Hilal Saudi FC,True,2929,Al-Ahli Jeddah,False,4.0,2.0,3.0,0.0,4.0,2.0
1074331,Y. Falcón,UTC,2023-10-27 18:00:00+00:00,1698429600,1698429600.0,1698433200.0,1361.0,King Fahd International Stadium,Riyadh,Match Finished,FT,90.0,,307,Pro League,Saudi-Arabia,2023,Regular Season - 11,True,2932,Al-Hilal Saudi FC,True,2929,Al-Ahli Jeddah,False,3.0,1.0,2.0,0.0,3.0,1.0
1232385,C. Turpin,UTC,2024-08-13 16:15:00+00:00,1723565700,1723565700.0,1723569300.0,10516.0,Prince Sultan bin Abdulaziz Sports City Stadium,Abha,Match Finished,PEN,120.0,,826,Super Cup,Saudi-Arabia,2025,Semi-finals,False,2932,Al-Hilal Saudi FC,True,2929,Al-Ahli Jeddah,False,1.0,1.0,0.0,0.0,1.0,1.0
1252619,I. Peljto,UTC,2025-02-28 19:00:00+00:00,1740769200,1740769200.0,1740772800.0,20744.0,Kingdom Arena,Riyadh,Match Finished,FT,90.0,,307,Pro League,Saudi-Arabia,2024,Regular Season - 23,True,2932,Al-Hilal Saudi FC,False,2929,Al-Ahli Jeddah,True,2.0,3.0,0.0,0.0,2.0,3.0
1373089,Adham Makhadmeh,UTC,2025-04-29 16:30:00+00:00,1745944200,1745944200.0,1745947800.0,,Al Inma Bank Stadium at King Abdullah Sport City,Jeddah,Match Finished,FT,90.0,12.0,17,AFC Champions League Elite,World,2024,Semi-finals,True,2932,Al-Hilal Saudi FC,False,2929,Al-Ahli Jeddah,True,1.0,3.0,1.0,2.0,1.0,3.0
1436091,Y. Perez,UTC,2026-02-02 17:30:00+00:00,1770053400,1770053400.0,1770057000.0,20744.0,Kingdom Arena,Riyadh,Match Finished,FT,90.0,9.0,307,Pro League,Saudi-Arabia,2025,Regular Season - 20,True,2932,Al-Hilal Saudi FC,,2929,Al-Ahli Jeddah,,0.0,0.0,0.0,0.0,0.0,0.0
1603007,"Jesús Valenzuela, Venezuela",UTC,2026-09-01 18:00:00+00:00,1788285600,1788285600.0,1788289200.0,20744.0,Kingdom Arena,Riyadh,Match Finished,FT,90.0,5.0,307,Pro League,Saudi-Arabia,2026,Regular Season - 3,True,2932,Al-Hilal Saudi FC,True,2929,Al-Ahli Jeddah,False,3.0,0.0,2.0,0.0,3.0,0.0
110242,,UTC,2016-11-25 16:00:00+00:00,1480089600,1480089600.0,1480093200.0,1364.0,King Abdullah Sports City,Jeddah,Match Finished,FT,90.0,,307,Pro League,Saudi-Arabia,2016,Regular Season - 10,True,2929,Al-Ahli Jeddah,False,2932,Al-Hilal Saudi FC,True,1.0,2.0,0.0,1.0,1.0,2.0
110321,,UTC,2018-04-07 17:40:00+00:00,1523122800,1523122800.0,1523126400.0,,King Abdullah Sports City (Jeddah),,Match Finished,FT,90.0,,307,Pro League,Saudi-Arabia,2017,Regular Season - 25,True,2929,Al-Ahli Jeddah,,2932,Al-Hilal Saudi FC,,0.0,0.0,0.0,0.0,0.0,0.0
151909,"Szymon Marciniak, Poland",UTC,2019-04-12 17:45:00+00:00,1555091100,1555091100.0,1555094700.0,1364.0,King Abdullah Sports City,Jeddah,Match Finished,FT,90.0,,307,Pro League,Saudi-Arabia,2018,Regular Season - 27,True,2929,Al-Ahli Jeddah,False,2932,Al-Hilal Saudi FC,True,0.0,1.0,0.0,1.0,0.0,1.0
253625,"Ahmed Abu Bakar Said Al Kaf, Oman",UTC,2019-08-06 16:40:00+00:00,1565109600,1565109600.0,1565113200.0,,King Abdullah Sports City,Jeddah,Match Finished,FT,90.0,,17,AFC Champions League,World,2019,8th Finals,True,2929,Al-Ahli Jeddah,False,2932,Al-Hilal Saudi FC,True,2.0,4.0,2.0,1.0,2.0,4.0
312941,A. Cunha,UTC,2020-08-20 17:55:00+00:00,1597946100,1597946100.0,1597949700.0,1364.0,King Abdullah Sports City,Jeddah,Match Finished,FT,90.0,,307,Pro League,Saudi-Arabia,2019,Regular Season - 26,True,2929,Al-Ahli Jeddah,True,2932,Al-Hilal Saudi FC,False,2.0,1.0,1.0,0.0,2.0,1.0
336142,A. A'Qashah,UTC,2017-05-18 18:00:00+00:00,1495130400,1495130400.0,1495134000.0,,King Abdullah Sports City (Jeddah),,Match Finished,FT,90.0,,504,King's Cup,Saudi-Arabia,2017,Final,False,2929,Al-Ahli Jeddah,False,2932,Al-Hilal Saudi FC,True,2.0,3.0,1.0,1.0,2.0,3.0
635970,Majed Al Shamrani,UTC,2021-01-15 16:10:00+00:00,1610727000,1610727000.0,1610730600.0,1364.0,King Abdullah Sports City,Jeddah,Match Finished,FT,90.0,,307,Pro League,Saudi-Arabia,2020,Regular Season - 13,True,2929,Al-Ahli Jeddah,,2932,Al-Hilal Saudi FC,,0.0,0.0,0.0,0.0,0.0,0.0
740041,Mohammed Al Hoaish,UTC,2021-10-29 16:50:00+00:00,1635526200,1635526200.0,1635529800.0,1364.0,Prince Abdullah al-Faisal Stadium,Jeddah,Match Finished,FT,90.0,,307,Pro League,Saudi-Arabia,2021,Regular Season - 10,True,2929,Al-Ahli Jeddah,,2932,Al-Hilal Saudi FC,,1.0,1.0,0.0,1.0,1.0,1.0
1074490,Ricardo De Burgos,UTC,2024-05-06 18:00:00+00:00,1715018400,1715018400.0,1715022000.0,1364.0,King Abdullah Sports City,Jeddah,Match Finished,FT,90.0,,307,Pro League,Saudi-Arabia,2023,Regular Season - 28,True,2929,Al-Ahli Jeddah,False,2932,Al-Hilal Saudi FC,True,1.0,2.0,1.0,0.0,1.0,2.0
1252468,S. Vinčić,UTC,2024-10-05 18:00:00+00:00,1728151200,1728151200.0,1728154800.0,1364.0,King Abdullah Sports City,Jeddah,Match Finished,FT,90.0,13.0,307,Pro League,Saudi-Arabia,2024,Regular Season - 6,True,2929,Al-Ahli Jeddah,False,2932,Al-Hilal Saudi FC,True,1.0,2.0,1.0,0.0,1.0,2.0
1435936,A. Faghani,UTC,2025-09-19 18:00:00+00:00,1758304800,1758304800.0,1758308400.0,1364.0,King Abdullah Sports City,Jeddah,Match Finished,FT,90.0,8.0,307,Pro League,Saudi-Arabia,2025,Regular Season - 3,True,2929,Al-Ahli Jeddah,,2932,Al-Hilal Saudi FC,,3.0,3.0,0.0,3.0,3.0,3.0
1488596,L. Rey Hilfer,UTC,2026-03-18 19:00:00+00:00,1773860400,1773860400.0,1773864000.0,1364.0,King Abdullah Sports City,Jeddah,Match Finished,PEN,120.0,,504,King's Cup,Saudi-Arabia,2026,Semi-finals,False,2929,Al-Ahli Jeddah,False,2932,Al-Hilal Saudi FC,True,1.0,1.0,0.0,1.0,1.0,1.0
1603143,,UTC,2027-02-18 19:00:00+00:00,1802977200,,,1364.0,King Abdullah Sports City,Jeddah,Not Started,NS,,,307,Pro League,Saudi-Arabia,2026,Regular Season - 20,True,2929,Al-Ahli Jeddah,,2932,Al-Hilal Saudi FC,,,,,,,
110276,,UTC,2016-10-15 17:00:00+00:00,1476550800,1476550800.0,1476554400.0,1364.0,King Abdullah Sports City,Jeddah,Match Finished,FT,90.0,,307,Pro League,Saudi-Arabia,2016,Regular Season - 5,True,2929,Al-Ahli Jeddah,True,2933,Al-Qadisiyah FC,False,2.0,0.0,1.0,0.0,2.0,0.0
110425,T. Chapron,UTC,2017-11-24 15:40:00+00:00,1511538000,1511538000.0,1511541600.0,1364.0,King Abdullah Sports City,Jeddah,Match Finished,FT,90.0,,307,Pro League,Saudi-Arabia,2017,Regular Season - 11,True,2929,Al-Ahli Jeddah,True,2933,Al-Qadisiyah FC,False,3.0,0.0,1.0,0.0,3.0,0.0
151762,"Damir Skomina, Slovenia",UTC,2018-11-09 14:20:00+00:00,1541773200,1541773200.0,1541776800.0,1364.0,King Abdullah Sports City,Jeddah,Match Finished,FT,90.0,,307,Pro League,Saudi-Arabia,2018,Regular Season - 9,True,2929,Al-Ahli Jeddah,False,2933,Al-Qadisiyah FC,True,0.0,2.0,0.0,0.0,0.0,2.0
657855,Turki Al Khudair,UTC,2021-05-14 18:00:00+00:00,1621015200,1621015200.0,1621018800.0,12236.0,Sport Hall Stadium in King Abdullah sport city,Jeddah,Match Finished,FT,90.0,,307,Pro League,Saudi-Arabia,2020,Regular Season - 27,True,2929,Al-Ahli Jeddah,True,2933,Al-Qadisiyah FC,False,1.0,0.0,0.0,0.0,1.0,0.0
984775,,UTC,2023-05-23 18:00:00+00:00,1684864800,1684864800.0,1684868400.0,1364.0,Prince Abdullah al-Faisal Stadium,Jeddah,Match Finished,FT,90.0,,308,Division 1,Saudi-Arabia,2022,Regular Season - 33,True,2929,Al-Ahli Jeddah,True,2933,Al-Qadisiyah FC,False,1.0,0.0,0.0,0.0,1.0,0.0
1252613,G. Kabakov,UTC,2025-02-25 17:30:00+00:00,1740504600,1740504600.0,1740508200.0,1364.0,Al Inma Bank Stadium at King Abdullah Sport City,Jeddah,Match Finished,FT,90.0,7.0,307,Pro League,Saudi-Arabia,2024,Regular Season - 22,True,2929,Al-Ahli Jeddah,True,2933,Al-Qadisiyah FC,False,4.0,1.0,3.0,0.0,4.0,1.0
1435993,"José Luis Munuera Montero, Spain",UTC,2025-11-21 17:30:00+00:00,1763746200,1763746200.0,1763749800.0,1364.0,King Abdullah Sports City,Jeddah,Match Finished,FT,90.0,8.0,307,Pro League,Saudi-Arabia,2025,Regular Season - 9,True,2929,Al-Ahli Jeddah,True,2933,Al-Qadisiyah FC,False,2.0,1.0,1.0,0.0,2.0,1.0
1485072,,UTC,2025-11-28 17:30:00+00:00,1764351000,1764351000.0,1764354600.0,1364.0,King Abdullah Sports City,Jeddah,Match Finished,PEN,120.0,,504,King's Cup,Saudi-Arabia,2026,Quarter-finals,False,2929,Al-Ahli Jeddah,True,2933,Al-Qadisiyah FC,False,3.0,3.0,1.0,3.0,3.0,3.0
1603171,,UTC,2027-03-18 18:00:00+00:00,1805392800,,,1364.0,King Abdullah Sports City,Jeddah,Not Started,NS,,,307,Pro League,Saudi-Arabia,2026,Regular Season - 23,True,2929,Al-Ahli Jeddah,,2933,Al-Qadisiyah FC,,,,,,,
110190,,UTC,2017-02-09 16:15:00+00:00,1486656900,1486656900.0,1486660500.0,,Prince Saud bin Jalawi Stadium (al-Khobar (Khobar)),,Match Finished,FT,90.0,,307,Pro League,Saudi-Arabia,2016,Regular Season - 18,True,2933,Al-Qadisiyah FC,True,2929,Al-Ahli Jeddah,False,4.0,1.0,2.0,0.0,4.0,1.0
110335,,UTC,2018-03-09 16:30:00+00:00,1520613000,1520613000.0,1520616600.0,,Prince Saud bin Jalawi Stadium (al-Khobar (Khobar)),,Match Finished,FT,90.0,,307,Pro League,Saudi-Arabia,2017,Regular Season - 24,True,2933,Al-Qadisiyah FC,False,2929,Al-Ahli Jeddah,True,0.0,1.0,0.0,0.0,0.0,1.0
151873,"Dennis Higler, Netherlands",UTC,2019-03-08 11:40:00+00:00,1552045200,1552045200.0,1552048800.0,1376.0,Prince Saud bin Jalawi Stadium,Khobar,Match Finished,FT,90.0,,307,Pro League,Saudi-Arabia,2018,Regular Season - 23,True,2933,Al-Qadisiyah FC,False,2929,Al-Ahli Jeddah,True,1.0,2.0,1.0,1.0,1.0,2.0
336130,,UTC,2017-02-13 17:15:00+00:00,1487006100,1487006100.0,1487009700.0,,Prince Saud bin Jalawi Stadium (al-Khobar (Khobar)),,Match Finished,FT,90.0,,504,King's Cup,Saudi-Arabia,2017,8th Finals,False,2933,Al-Qadisiyah FC,False,2929,Al-Ahli Jeddah,True,1.0,3.0,1.0,3.0,1.0,3.0
635955,Abdullah Al-Harbi,UTC,2021-01-08 13:40:00+00:00,1610113200,1610113200.0,1610116800.0,1376.0,Prince Saud bin Jalawi Stadium,Khobar,Match Finished,FT,90.0,,307,Pro League,Saudi-Arabia,2020,Regular Season - 12,True,2933,Al-Qadisiyah FC,True,2929,Al-Ahli Jeddah,False,3.0,1.0,2.0,0.0,3.0,1.0
932166,,UTC,2023-01-10 14:40:00+00:00,1673361600,1673361600.0,1673365200.0,1376.0,Prince Saud bin Jalawi Stadium,Khobar,Match Finished,FT,90.0,,308,Division 1,Saudi-Arabia,2022,Regular Season - 16,True,2933,Al-Qadisiyah FC,,2929,Al-Ahli Jeddah,,1.0,1.0,1.0,0.0,1.0,1.0
1252457,Khalid Al Turais,UTC,2024-09-27 18:00:00+00:00,1727460000,1727460000.0,1727463600.0,1370.0,Prince Mohamed bin Fahd Stadium,Dammam,Match Finished,FT,90.0,14.0,307,Pro League,Saudi-Arabia,2024,Regular Season - 5,True,2933,Al-Qadisiyah FC,True,2929,Al-Ahli Jeddah,False,1.0,0.0,1.0,0.0,1.0,0.0
1393812,Ricardo De Burgos Bengoetxea,UTC,2025-08-20 12:00:00+00:00,1755691200,1755691200.0,1755694800.0,3385.0,Hong Kong Stadium,Hong Kong,Match Finished,FT,90.0,1.0,826,Super Cup,Saudi-Arabia,2026,Semi-finals,False,2933,Al-Qadisiyah FC,False,2929,Al-Ahli Jeddah,True,1.0,5.0,1.0,4.0,1.0,5.0
1436146,K. Ortega,UTC,2026-03-13 19:00:00+00:00,1773428400,1773428400.0,1773432000.0,1370.0,Prince Saud bin Jalawi Stadium,Dammam,Match Finished,FT,90.0,12.0,307,Pro League,Saudi-Arabia,2025,Regular Season - 26,True,2933,Al-Qadisiyah FC,True,2929,Al-Ahli Jeddah,False,3.0,2.0,0.0,2.0,3.0,2.0
1603022,"Ismail Elfath, USA",UTC,2026-09-08 18:00:00+00:00,1788890400,,,,EGO Stadium,Dammam,Match Finished,FT,90.0,,307,Pro League,Saudi-Arabia,2026,Regular Season - 6,True,2933,Al-Qadisiyah FC,True,2929,Al-Ahli Jeddah,False,3.0,2.0,3.0,0.0,3.0,2.0
110214,,UTC,2016-12-22 15:45:00+00:00,1482421500,1482421500.0,1482425100.0,1364.0,King Abdullah Sports City,Jeddah,Match Finished,FT,90.0,,307,Pro League,Saudi-Arabia,2016,Regular Season - 14,True,2929,Al-Ahli Jeddah,True,2934,Al-Ettifaq,False,4.0,1.0,2.0,1.0,4.0,1.0
110403,S. Marciniak,UTC,2017-12-15 15:40:00+00:00,1513352400,1513352400.0,1513356000.0,,King Abdullah Sports City (Jeddah),,Match Finished,FT,90.0,,307,Pro League,Saudi-Arabia,2017,Regular Season - 14,True,2929,Al-Ahli Jeddah,True,2934,Al-Ettifaq,False,4.0,1.0,1.0,1.0,4.0,1.0
151927,"Viktor Kassai, Hungary",UTC,2019-05-16 19:30:00+00:00,1558035000,1558035000.0,1558038600.0,1364.0,King Abdullah Sports City,Jeddah,Match Finished,FT,90.0,,307,Pro League,Saudi-Arabia,2018,Regular Season - 30,True,2929,Al-Ahli Jeddah,True,2934,Al-Ettifaq,False,5.0,0.0,1.0,0.0,5.0,0.0
312869,Turki Al Khudair,UTC,2020-02-06 16:20:00+00:00,1581006000,1581006000.0,1581009600.0,,King Abdul Aziz Stadium,Mecca,Match Finished,FT,90.0,,307,Pro League,Saudi-Arabia,2019,Regular Season - 17,True,2929,Al-Ahli Jeddah,True,2934,Al-Ettifaq,False,3.0,2.0,0.0,1.0,3.0,2.0
657880,,UTC,2021-05-30 18:00:00+00:00,1622397600,1622397600.0,1622401200.0,1364.0,King Abdullah Sports City,Jeddah,Match Finished,FT,90.0,,307,Pro League,Saudi-Arabia,2020,Regular Season - 30,True,2929,Al-Ahli Jeddah,False,2934,Al-Ettifaq,True,1.0,2.0,1.0,1.0,1.0,2.0
740024,Khaled Al Teris,UTC,2021-10-16 17:10:00+00:00,1634404200,1634404200.0,1634407800.0,1364.0,Prince Abdullah al-Faisal Stadium,Jeddah,Match Finished,FT,90.0,,307,Pro League,Saudi-Arabia,2021,Regular Season - 8,True,2929,Al-Ahli Jeddah,True,2934,Al-Ettifaq,False,4.0,0.0,1.0,0.0,4.0,0.0
1074309,I. Peljto,UTC,2023-09-30 18:00:00+00:00,1696096800,1696096800.0,1696100400.0,19932.0,Prince Abdullah al-Faisal Stadium,Jeddah,Match Finished,FT,90.0,,307,Pro League,Saudi-Arabia,2023,Regular Season - 8,True,2929,Al-Ahli Jeddah,,2934,Al-Ettifaq,,0.0,0.0,0.0,0.0,0.0,0.0
1252708,N. Dabanović,UTC,2025-05-22 18:00:00+00:00,1747936800,1747936800.0,1747940400.0,1364.0,Prince Abdullah Al Faisal Sports City Stadium,Jeddah,Match Finished,FT,90.0,,307,Pro League,Saudi-Arabia,2024,Regular Season - 33,True,2929,Al-Ahli Jeddah,False,2934,Al-Ettifaq,True,1.0,3.0,1.0,0.0,1.0,3.0
1436076,F. Al Balawi,UTC,2026-01-28 17:30:00+00:00,1769621400,1769621400.0,1769625000.0,1364.0,King Abdullah Sports City,Jeddah,Match Finished,FT,90.0,3.0,307,Pro League,Saudi-Arabia,2025,Regular Season - 19,True,2929,Al-Ahli Jeddah,True,2934,Al-Ettifaq,False,4.0,0.0,2.0,0.0,4.0,0.0
1603107,,UTC,2026-12-03 17:00:00+00:00,1796317200,,,1364.0,King Abdullah Sports City,Jeddah,Not Started,NS,,,307,Pro League,Saudi-Arabia,2026,Regular Season - 16,True,2929,Al-Ahli Jeddah,,2934,Al-Ettifaq,,,,,,,
110303,,UTC,2016-08-14 17:45:00+00:00,1471196700,1471196700.0,1471200300.0,1370.0,Prince Mohamed Bin Fahd Stadium,Dammam,Match Finished,FT,90.0,,307,Pro League,Saudi-Arabia,2016,Regular Season - 1,True,2934,Al-Ettifaq,False,2929,Al-Ahli Jeddah,True,1.0,4.0,0.0,1.0,1.0,4.0
110491,,UTC,2017-08-11 17:55:00+00:00,1502474100,1502474100.0,1502477700.0,1370.0,Prince Mohamed Bin Fahd Stadium,Dammam,Match Finished,FT,90.0,,307,Pro League,Saudi-Arabia,2017,Regular Season - 1,True,2934,Al-Ettifaq,True,2929,Al-Ahli Jeddah,False,2.0,1.0,0.0,0.0,2.0,1.0
151741,"Pawel Gil, Poland",UTC,2018-10-20 14:50:00+00:00,1540047000,1540047000.0,1540050600.0,1370.0,Prince Mohamed Bin Fahd Stadium,Dammam,Match Finished,FT,90.0,,307,Pro League,Saudi-Arabia,2018,Regular Season - 6,True,2934,Al-Ettifaq,True,2929,Al-Ahli Jeddah,False,6.0,2.0,2.0,1.0,6.0,2.0
234790,D. Makkelie,UTC,2019-08-31 15:40:00+00:00,1567266000,1567266000.0,1567269600.0,1370.0,Prince Mohamed bin Fahd Stadium,Dammam,Match Finished,FT,90.0,,307,Pro League,Saudi-Arabia,2019,Regular Season - 2,True,2934,Al-Ettifaq,False,2929,Al-Ahli Jeddah,True,1.0,2.0,0.0,1.0,1.0,2.0
635983,Sultan Al-Harbi,UTC,2021-01-24 16:10:00+00:00,1611504600,1611504600.0,1611508200.0,1370.0,Prince Mohamed bin Fahd Stadium,Dammam,Match Finished,FT,90.0,,307,Pro League,Saudi-Arabia,2020,Regular Season - 15,True,2934,Al-Ettifaq,False,2929,Al-Ahli Jeddah,True,1.0,2.0,0.0,0.0,1.0,2.0
687756,,UTC,2017-10-30 16:30:00+00:00,1509381000,,,1370.0,Prince Mohamed bin Fahd Stadium,Dammam,Match Cancelled,CANC,,,827,Crown Prince Cup,Saudi-Arabia,2017,Round of 16,False,2934,Al-Ettifaq,,2929,Al-Ahli Jeddah,,,,,,,
825014,Faisal Alblwi,UTC,2022-03-04 16:45:00+00:00,1646412300,1646412300.0,1646415900.0,1370.0,Prince Mohamed bin Fahd Stadium,Dammam,Match Finished,FT,90.0,,307,Pro League,Saudi-Arabia,2021,Regular Season - 23,True,2934,Al-Ettifaq,True,2929,Al-Ahli Jeddah,False,1.0,0.0,1.0,0.0,1.0,0.0
1074460,Faisal Alblwi,UTC,2024-03-29 19:00:00+00:00,1711738800,1711738800.0,1711742400.0,1370.0,Al Ettifaq Club Stadium,Dammam,Match Finished,FT,90.0,,307,Pro League,Saudi-Arabia,2023,Regular Season - 25,True,2934,Al-Ettifaq,,2929,Al-Ahli Jeddah,,2.0,2.0,1.0,1.0,2.0,2.0
1252560,G. Kabakov,UTC,2025-01-20 17:00:00+00:00,1737392400,1737392400.0,1737396000.0,,EGO Stadium,Dammam,Match Finished,FT,90.0,8.0,307,Pro League,Saudi-Arabia,2024,Regular Season - 16,True,2934,Al-Ettifaq,False,2929,Al-Ahli Jeddah,True,1.0,2.0,0.0,1.0,1.0,2.0
1435922,A. Sidiropoulos,UTC,2025-09-12 15:25:00+00:00,1757690700,1757690700.0,1757694300.0,22434.0,Abdullah Al Dabil Stadium,Dammam,Match Finished,FT,90.0,8.0,307,Pro League,Saudi-Arabia,2025,Regular Season - 2,True,2934,Al-Ettifaq,,2929,Al-Ahli Jeddah,,0.0,0.0,0.0,0.0,0.0,0.0
1603262,,UTC,2027-05-24 18:00:00+00:00,1811181600,,,,Abdullah Al Dabil Stadium,,Not Started,NS,,,307,Pro League,Saudi-Arabia,2026,Regular Season - 33,True,2934,Al-Ettifaq,,2929,Al-Ahli Jeddah,,,,,,,
110129,,UTC,2017-05-04 17:50:00+00:00,1493920200,1493920200.0,1493923800.0,1364.0,King Abdullah Sports City,Jeddah,Match Finished,FT,90.0,,307,Pro League,Saudi-Arabia,2016,Regular Season - 26,True,2929,Al-Ahli Jeddah,True,2936,Al Taawon,False,2.0,1.0,1.0,0.0,2.0,1.0
110347,,UTC,2018-03-01 16:30:00+00:00,1519921800,1519921800.0,1519925400.0,,King Abdullah Sports City (Jeddah),,Match Finished,FT,90.0,,307,Pro League,Saudi-Arabia,2017,Regular Season - 23,True,2929,Al-Ahli Jeddah,True,2936,Al Taawon,False,5.0,1.0,3.0,0.0,5.0,1.0
151702,B. Kuipers,UTC,2018-09-01 16:20:00+00:00,1535818800,1535818800.0,1535822400.0,1364.0,King Abdullah Sports City,Jeddah,Match Finished,FT,90.0,,307,Pro League,Saudi-Arabia,2018,Regular Season - 1,True,2929,Al-Ahli Jeddah,,2936,Al Taawon,,1.0,1.0,0.0,1.0,1.0,1.0
234827,Jorge de Sousa,UTC,2019-10-18 17:00:00+00:00,1571418000,1571418000.0,1571421600.0,1364.0,King Abdullah Sports City,Jeddah,Match Finished,FT,90.0,,307,Pro League,Saudi-Arabia,2019,Regular Season - 7,True,2929,Al-Ahli Jeddah,True,2936,Al Taawon,False,3.0,1.0,2.0,1.0,3.0,1.0
635953,Mohammed Al Hoaish,UTC,2021-01-02 14:30:00+00:00,1609597800,1609597800.0,1609601400.0,10518.0,King Abdulaziz Sports City Stadium,Mecca,Match Finished,FT,90.0,,307,Pro League,Saudi-Arabia,2020,Regular Season - 11,True,2929,Al-Ahli Jeddah,False,2936,Al Taawon,True,0.0,3.0,0.0,3.0,0.0,3.0
824981,Sultan Al-Harbi,UTC,2022-02-05 16:20:00+00:00,1644078000,1644078000.0,1644081600.0,1364.0,Prince Abdullah al-Faisal Stadium,Jeddah,Match Finished,FT,90.0,,307,Pro League,Saudi-Arabia,2021,Regular Season - 19,True,2929,Al-Ahli Jeddah,,2936,Al Taawon,,1.0,1.0,0.0,0.0,1.0,1.0
1074290,A. Matonte,UTC,2023-09-16 18:00:00+00:00,1694887200,1694887200.0,1694890800.0,19932.0,Prince Abdullah al-Faisal Stadium,Jeddah,Match Finished,FT,90.0,,307,Pro League,Saudi-Arabia,2023,Regular Season - 6,True,2929,Al-Ahli Jeddah,True,2936,Al Taawon,False,3.0,2.0,2.0,1.0,3.0,2.0
1252681,S. Schärer,UTC,2025-05-07 16:25:00+00:00,1746635100,1746635100.0,1746638700.0,1364.0,Prince Abdullah Al Faisal Sports City Stadium,Jeddah,Match Finished,FT,90.0,7.0,307,Pro League,Saudi-Arabia,2024,Regular Season - 30,True,2929,Al-Ahli Jeddah,True,2936,Al Taawon,False,2.0,0.0,2.0,0.0,2.0,0.0
1436041,"Mohammed Khled Hoish, Saudi Arabia",UTC,2026-01-14 17:30:00+00:00,1768411800,1768411800.0,1768415400.0,1364.0,King Abdullah Sports City,Jeddah,Match Finished,FT,90.0,,307,Pro League,Saudi-Arabia,2025,Regular Season - 15,True,2929,Al-Ahli Jeddah,True,2936,Al Taawon,False,2.0,1.0,0.0,1.0,2.0,1.0
1603081,,UTC,2026-11-05 17:00:00+00:00,1793898000,,,1364.0,King Abdullah Sports City,Jeddah,Not Started,NS,,,307,Pro League,Saudi-Arabia,2026,Regular Season - 13,True,2929,Al-Ahli Jeddah,,2936,Al Taawon,,,,,,,
110219,,UTC,2016-12-17 15:45:00+00:00,1481989500,1481989500.0,1481993100.0,10517.0,King Abdullah Sport City Stadium,Buraidah,Match Finished,FT,90.0,,307,Pro League,Saudi-Arabia,2016,Regular Season - 13,True,2936,Al Taawon,False,2929,Al-Ahli Jeddah,True,2.0,3.0,1.0,1.0,2.0,3.0
110429,S. Marciniak,UTC,2017-11-19 15:40:00+00:00,1511106000,1511106000.0,1511109600.0,10517.0,King Abdullah Sport City Stadium,Buraidah,Match Finished,FT,90.0,,307,Pro League,Saudi-Arabia,2017,Regular Season - 10,True,2936,Al Taawon,,2929,Al-Ahli Jeddah,,1.0,1.0,0.0,1.0,1.0,1.0
151828,"Mark Clattenburg, England",UTC,2019-01-28 16:20:00+00:00,1548692400,1548692400.0,1548696000.0,10517.0,King Abdullah Sport City Stadium,Buraidah,Match Finished,FT,90.0,,307,Pro League,Saudi-Arabia,2018,Regular Season - 17,True,2936,Al Taawon,False,2929,Al-Ahli Jeddah,True,3.0,4.0,0.0,1.0,3.0,4.0
312909,S. Jovanović,UTC,2020-03-11 14:50:00+00:00,1583938200,1583938200.0,1583941800.0,10517.0,King Abdullah Sport City Stadium,Buraidah,Match Finished,FT,90.0,,307,Pro League,Saudi-Arabia,2019,Regular Season - 22,True,2936,Al Taawon,True,2929,Al-Ahli Jeddah,False,1.0,0.0,1.0,0.0,1.0,0.0
657844,Sultan Al-Harbi,UTC,2021-05-07 18:50:00+00:00,1620413400,1620413400.0,1620417000.0,10517.0,King Abdullah bin Abdulaziz City,Buraidah,Match Finished,FT,90.0,,307,Pro League,Saudi-Arabia,2020,Regular Season - 26,True,2936,Al Taawon,True,2929,Al-Ahli Jeddah,False,4.0,2.0,1.0,1.0,4.0,2.0
739993,Faisal Alblwi,UTC,2021-09-12 15:50:00+00:00,1631461800,1631461800.0,1631465400.0,10517.0,King Abdullah bin Abdulaziz City,Buraidah,Match Finished,FT,90.0,,307,Pro League,Saudi-Arabia,2021,Regular Season - 4,True,2936,Al Taawon,,2929,Al-Ahli Jeddah,,1.0,1.0,1.0,0.0,1.0,1.0
1074440,Sami Al Jires,UTC,2024-03-09 17:00:00+00:00,1710003600,1710003600.0,1710007200.0,1377.0,King Abdullah Sport City Stadium,Buraidah,Match Finished,FT,90.0,,307,Pro League,Saudi-Arabia,2023,Regular Season - 23,True,2936,Al Taawon,False,2929,Al-Ahli Jeddah,True,0.0,1.0,0.0,0.0,0.0,1.0
1252533,D. Makkelie,UTC,2024-12-07 17:00:00+00:00,1733590800,1733590800.0,1733594400.0,1377.0,King Abdullah Sport City Stadium,Buraidah,Match Finished,FT,90.0,9.0,307,Pro League,Saudi-Arabia,2024,Regular Season - 13,True,2936,Al Taawon,False,2929,Al-Ahli Jeddah,True,2.0,4.0,2.0,1.0,2.0,4.0
1436199,K. Al-Taris,UTC,2026-05-11 18:00:00+00:00,1778522400,1778522400.0,1778526000.0,1377.0,Al Taawon Arena,Buraidah,Match Finished,FT,90.0,10.0,307,Pro League,Saudi-Arabia,2025,Regular Season - 32,True,2936,Al Taawon,False,2929,Al-Ahli Jeddah,True,1.0,2.0,0.0,1.0,1.0,2.0
1603240,,UTC,2027-05-06 18:00:00+00:00,1809626400,,,,Al Taawon Arena,Buraidah,Not Started,NS,,,307,Pro League,Saudi-Arabia,2026,Regular Season - 30,True,2936,Al Taawon,,2929,Al-Ahli Jeddah,,,,,,,
110282,,UTC,2016-09-23 17:45:00+00:00,1474652700,1474652700.0,1474656300.0,1364.0,King Abdullah Sports City,Jeddah,Match Finished,FT,90.0,,307,Pro League,Saudi-Arabia,2016,Regular Season - 4,True,2929,Al-Ahli Jeddah,,2938,Al-Ittihad FC,,1.0,1.0,0.0,0.0,1.0,1.0
110448,I. Bebek,UTC,2017-10-21 16:55:00+00:00,1508604900,1508604900.0,1508608500.0,1364.0,King Abdullah Sports City,Jeddah,Match Finished,FT,90.0,,307,Pro League,Saudi-Arabia,2017,Regular Season - 7,True,2929,Al-Ahli Jeddah,True,2938,Al-Ittihad FC,False,3.0,0.0,0.0,0.0,3.0,0.0
151868,"Damir Skomina, Slovenia",UTC,2019-03-01 16:30:00+00:00,1551457800,1551457800.0,1551461400.0,1364.0,King Abdullah Sports City,Jeddah,Match Finished,FT,90.0,,307,Pro League,Saudi-Arabia,2018,Regular Season - 22,True,2929,Al-Ahli Jeddah,,2938,Al-Ittihad FC,,1.0,1.0,0.0,0.0,1.0,1.0
234845,Artur Soares Dias,UTC,2019-10-31 15:50:00+00:00,1572537000,1572537000.0,1572540600.0,1364.0,King Abdullah Sports City,Jeddah,Match Finished,FT,90.0,,307,Pro League,Saudi-Arabia,2019,Regular Season - 9,True,2929,Al-Ahli Jeddah,True,2938,Al-Ittihad FC,False,2.0,1.0,2.0,0.0,2.0,1.0
657780,Mohammed Al Hoaish,UTC,2021-02-11 16:20:00+00:00,1613060400,1613060400.0,1613064000.0,1378.0,King Abdullah Sports City Reserve Stadium,Jeddah,Match Finished,FT,90.0,,307,Pro League,Saudi-Arabia,2020,Regular Season - 18,True,2929,Al-Ahli Jeddah,,2938,Al-Ittihad FC,,1.0,1.0,1.0,0.0,1.0,1.0
825005,S. Schärer,UTC,2022-02-26 17:00:00+00:00,1645894800,1645894800.0,1645898400.0,1364.0,Prince Abdullah al-Faisal Stadium,Jeddah,Match Finished,FT,90.0,,307,Pro League,Saudi-Arabia,2021,Regular Season - 22,True,2929,Al-Ahli Jeddah,False,2938,Al-Ittihad FC,True,3.0,4.0,1.0,3.0,3.0,4.0
1074467,R. Obrenović,UTC,2024-04-01 19:00:00+00:00,1711998000,1711998000.0,1712001600.0,1364.0,King Abdullah Sports City,Jeddah,Match Finished,FT,90.0,,307,Pro League,Saudi-Arabia,2023,Regular Season - 26,True,2929,Al-Ahli Jeddah,True,2938,Al-Ittihad FC,False,1.0,0.0,1.0,0.0,1.0,0.0
1252649,S. Ivanov,UTC,2025-04-05 18:00:00+00:00,1743876000,1743876000.0,1743879600.0,1364.0,Al Inma Bank Stadium at King Abdullah Sport City,Jeddah,Match Finished,FT,90.0,,307,Pro League,Saudi-Arabia,2024,Regular Season - 26,True,2929,Al-Ahli Jeddah,,2938,Al-Ittihad FC,,2.0,2.0,0.0,0.0,2.0,2.0
1436136,N. Dabanovic,UTC,2026-03-06 19:00:00+00:00,1772823600,1772823600.0,1772827200.0,1364.0,King Abdullah Sports City,Jeddah,Match Finished,FT,90.0,7.0,307,Pro League,Saudi-Arabia,2025,Regular Season - 25,True,2929,Al-Ahli Jeddah,True,2938,Al-Ittihad FC,False,3.0,1.0,1.0,0.0,3.0,1.0
1603251,,UTC,2027-05-20 18:00:00+00:00,1810836000,,,1364.0,King Abdullah Sports City,Jeddah,Not Started,NS,,,307,Pro League,Saudi-Arabia,2026,Regular Season - 32,True,2929,Al-Ahli Jeddah,,2938,Al-Ittihad FC,,,,,,,
110193,,UTC,2017-02-03 16:20:00+00:00,1486138800,1486138800.0,1486142400.0,1364.0,King Abdullah Sports City,Jeddah,Match Finished,FT,90.0,,307,Pro League,Saudi-Arabia,2016,Regular Season - 17,True,2938,Al-Ittihad FC,False,2929,Al-Ahli Jeddah,True,1.0,4.0,1.0,1.0,1.0,4.0
110364,,UTC,2018-02-04 16:20:00+00:00,1517761200,1517761200.0,1517764800.0,,King Abdullah Sports City (Jeddah),,Match Finished,FT,90.0,,307,Pro League,Saudi-Arabia,2017,Regular Season - 20,True,2938,Al-Ittihad FC,,2929,Al-Ahli Jeddah,,0.0,0.0,0.0,0.0,0.0,0.0
151774,"Milorad Mazic, Serbia",UTC,2018-11-25 15:40:00+00:00,1543160400,1543160400.0,1543164000.0,1364.0,King Abdullah Sports City,Jeddah,Match Finished,FT,90.0,,307,Pro League,Saudi-Arabia,2018,Regular Season - 10,True,2938,Al-Ittihad FC,False,2929,Al-Ahli Jeddah,True,1.0,3.0,1.0,1.0,1.0,3.0
312923,S. Jovanović,UTC,2020-08-09 18:00:00+00:00,1596996000,1596996000.0,1596999600.0,1364.0,King Abdullah Sports City,Jeddah,Match Finished,FT,90.0,,307,Pro League,Saudi-Arabia,2019,Regular Season - 24,True,2938,Al-Ittihad FC,False,2929,Al-Ahli Jeddah,True,1.0,2.0,1.0,1.0,1.0,2.0
635889,Majed Al Shamrani,UTC,2020-10-31 15:50:00+00:00,1604159400,1604159400.0,1604163000.0,1364.0,King Abdullah Sports City,Jeddah,Match Finished,FT,90.0,,307,Pro League,Saudi-Arabia,2020,Regular Season - 3,True,2938,Al-Ittihad FC,True,2929,Al-Ahli Jeddah,False,2.0,0.0,2.0,0.0,2.0,0.0
740016,Mohammed Al Hoaish,UTC,2021-10-01 17:20:00+00:00,1633108800,1633108800.0,1633112400.0,1364.0,Prince Abdullah al-Faisal Stadium,Jeddah,Match Finished,FT,90.0,,307,Pro League,Saudi-Arabia,2021,Regular Season - 7,True,2938,Al-Ittihad FC,True,2929,Al-Ahli Jeddah,False,2.0,0.0,0.0,0.0,2.0,0.0
1074316,D. Makkelie,UTC,2023-10-06 18:00:00+00:00,1696615200,1696615200.0,1696618800.0,1364.0,King Abdullah Sports City,Jeddah,Match Finished,FT,90.0,,307,Pro League,Saudi-Arabia,2023,Regular Season - 9,True,2938,Al-Ittihad FC,False,2929,Al-Ahli Jeddah,True,0.0,1.0,0.0,1.0,0.0,1.0
1252493,J. Valenzuela,UTC,2024-10-31 18:00:00+00:00,1730397600,1730397600.0,1730401200.0,1364.0,King Abdullah Sports City,Jeddah,Match Finished,FT,90.0,,307,Pro League,Saudi-Arabia,2024,Regular Season - 9,True,2938,Al-Ittihad FC,True,2929,Al-Ahli Jeddah,False,1.0,0.0,1.0,0.0,1.0,0.0
1435981,"Szymon Marciniak, Poland",UTC,2025-11-08 17:30:00+00:00,1762623000,1762623000.0,1762626600.0,1364.0,King Abdullah Sports City,Jeddah,Match Finished,FT,90.0,8.0,307,Pro League,Saudi-Arabia,2025,Regular Season - 8,True,2938,Al-Ittihad FC,False,2929,Al-Ahli Jeddah,True,0.0,1.0,0.0,0.0,0.0,1.0
1603102,,UTC,2026-11-26 17:00:00+00:00,1795712400,,,1364.0,King Abdullah Sports City,Jeddah,Not Started,NS,,,307,Pro League,Saudi-Arabia,2026,Regular Season - 15,True,2938,Al-Ittihad FC,,2929,Al-Ahli Jeddah,,,,,,,
110180,,UTC,2017-02-17 16:25:00+00:00,1487348700,1487348700.0,1487352300.0,1364.0,King Abdullah Sports City,Jeddah,Match Finished,FT,90.0,,307,Pro League,Saudi-Arabia,2016,Regular Season - 19,True,2929,Al-Ahli Jeddah,False,2939,Al-Nassr,True,0.0,2.0,0.0,1.0,0.0,2.0
110475,,UTC,2017-09-17 17:25:00+00:00,1505669100,1505669100.0,1505672700.0,1364.0,King Abdullah Sports City,Jeddah,Match Finished,FT,90.0,,307,Pro League,Saudi-Arabia,2017,Regular Season - 3,True,2929,Al-Ahli Jeddah,,2939,Al-Nassr,,1.0,1.0,1.0,0.0,1.0,1.0
151848,"Cuneyt Cakir, Turkey",UTC,2019-02-12 16:20:00+00:00,1549988400,1549988400.0,1549992000.0,1364.0,King Abdullah Sports City,Jeddah,Match Finished,FT,90.0,,307,Pro League,Saudi-Arabia,2018,Regular Season - 20,True,2929,Al-Ahli Jeddah,False,2939,Al-Nassr,True,1.0,2.0,0.0,1.0,1.0,2.0
234813,Artur Soares Dias,UTC,2019-09-27 17:15:00+00:00,1569604500,1569604500.0,1569608100.0,1364.0,King Abdullah Sports City,Jeddah,Match Finished,FT,90.0,,307,Pro League,Saudi-Arabia,2019,Regular Season - 5,True,2929,Al-Ahli Jeddah,,2939,Al-Nassr,,0.0,0.0,0.0,0.0,0.0,0.0
336008,A. Rojas,UTC,2020-10-27 17:30:00+00:00,1603819800,1603819800.0,1603823400.0,1364.0,King Abdullah Sports City,Jeddah,Match Finished,FT,90.0,,504,King's Cup,Saudi-Arabia,2020,Semi-finals,False,2929,Al-Ahli Jeddah,False,2939,Al-Nassr,True,1.0,2.0,1.0,1.0,1.0,2.0
657826,Khaled Al Teris,UTC,2021-03-11 16:45:00+00:00,1615481100,1615481100.0,1615484700.0,12236.0,Sport Hall Stadium in King Abdullah sport city,Jeddah,Match Finished,FT,90.0,,307,Pro League,Saudi-Arabia,2020,Regular Season - 23,True,2929,Al-Ahli Jeddah,False,2939,Al-Nassr,True,1.0,2.0,0.0,1.0,1.0,2.0
740065,Vitor Ferreira,UTC,2021-11-26 15:40:00+00:00,1637941200,1637941200.0,1637944800.0,1364.0,Prince Abdullah al-Faisal Stadium,Jeddah,Match Finished,FT,90.0,,307,Pro League,Saudi-Arabia,2021,Regular Season - 13,True,2929,Al-Ahli Jeddah,False,2939,Al-Nassr,True,1.0,2.0,0.0,0.0,1.0,2.0
1074449,F. Tello,UTC,2024-03-15 19:00:00+00:00,1710529200,1710529200.0,1710532800.0,1364.0,King Abdullah Sports City,Jeddah,Match Finished,FT,90.0,,307,Pro League,Saudi-Arabia,2023,Regular Season - 24,True,2929,Al-Ahli Jeddah,False,2939,Al-Nassr,True,0.0,1.0,0.0,0.0,0.0,1.0
1252594,C. Ramos,UTC,2025-02-13 17:30:00+00:00,1739467800,1739467800.0,1739471400.0,1364.0,Al Inma Bank Stadium at King Abdullah Sport City,Jeddah,Match Finished,FT,90.0,13.0,307,Pro League,Saudi-Arabia,2024,Regular Season - 20,True,2929,Al-Ahli Jeddah,False,2939,Al-Nassr,True,2.0,3.0,0.0,1.0,2.0,3.0
1436023,"Irfan Peljto, Bosnia & Herzegovina",UTC,2026-01-02 17:30:00+00:00,1767375000,1767375000.0,1767378600.0,1364.0,King Abdullah Sports City,Jeddah,Match Finished,FT,90.0,13.0,307,Pro League,Saudi-Arabia,2025,Regular Season - 13,True,2929,Al-Ahli Jeddah,True,2939,Al-Nassr,False,3.0,2.0,2.0,2.0,3.0,2.0
1603044,,UTC,2026-10-15 18:00:00+00:00,1792087200,,,1364.0,King Abdullah Sports City,Jeddah,Not Started,NS,,,307,Pro League,Saudi-Arabia,2026,Regular Season - 9,True,2929,Al-Ahli Jeddah,,2939,Al-Nassr,,,,,,,
110268,,UTC,2016-10-21 17:15:00+00:00,1477070100,1477070100.0,1477073700.0,,King Fahd Stadium,Riyadh,Match Finished,FT,90.0,,307,Pro League,Saudi-Arabia,2016,Regular Season - 6,True,2939,Al-Nassr,True,2929,Al-Ahli Jeddah,False,1.0,0.0,0.0,0.0,1.0,0.0
110387,M. Mažić,UTC,2017-12-29 15:50:00+00:00,1514562600,1514562600.0,1514566200.0,,King Fahd International Stadium (Ar-Riyāḍ (Riyadh)),,Match Finished,FT,90.0,,307,Pro League,Saudi-Arabia,2017,Regular Season - 16,True,2939,Al-Nassr,True,2929,Al-Ahli Jeddah,False,3.0,1.0,1.0,0.0,3.0,1.0
151758,"Ravshan Irmatov, Uzbekistan",UTC,2018-11-03 13:55:00+00:00,1541253300,1541253300.0,1541256900.0,1374.0,Prince Faisal bin Fahd Stadium,Riyadh,Match Finished,FT,90.0,,307,Pro League,Saudi-Arabia,2018,Regular Season - 8,True,2939,Al-Nassr,False,2929,Al-Ahli Jeddah,True,0.0,2.0,0.0,0.0,0.0,2.0
312888,D. Skomina,UTC,2020-02-27 16:40:00+00:00,1582821600,1582821600.0,1582825200.0,1374.0,Prince Faisal bin Fahd Stadium,Riyadh,Match Finished,FT,90.0,,307,Pro League,Saudi-Arabia,2019,Regular Season - 20,True,2939,Al-Nassr,,2929,Al-Ahli Jeddah,,2.0,2.0,0.0,2.0,2.0,2.0
635367,S. Pu-udom,UTC,2020-09-30 13:40:00+00:00,1601473200,1601473200.0,1601476800.0,,Jassim Bin Hamad Stadium,Doha,Match Finished,FT,90.0,,17,AFC Champions League,World,2020,Quarter-finals,True,2939,Al-Nassr,True,2929,Al-Ahli Jeddah,False,2.0,0.0,1.0,0.0,2.0,0.0
635930,Turki Al Khudair,UTC,2020-12-12 15:45:00+00:00,1607787900,1607787900.0,1607791500.0,1361.0,King Fahd International Stadium,Riyadh,Match Finished,FT,90.0,,307,Pro League,Saudi-Arabia,2020,Regular Season - 8,True,2939,Al-Nassr,False,2929,Al-Ahli Jeddah,True,1.0,2.0,1.0,1.0,1.0,2.0
852011,Faisal Alblwi,UTC,2022-05-28 16:20:00+00:00,1653754800,1653754800.0,1653758400.0,12277.0,Mrsool Park,Riyadh,Match Finished,FT,90.0,,307,Pro League,Saudi-Arabia,2021,Regular Season - 28,True,2939,Al-Nassr,,2929,Al-Ahli Jeddah,,1.0,1.0,0.0,0.0,1.0,1.0
1074301,Anderson Daronco,UTC,2023-09-22 18:00:00+00:00,1695405600,1695405600.0,1695409200.0,1374.0,Al Awal Park at King Saud University,Riyadh,Match Finished,FT,90.0,,307,Pro League,Saudi-Arabia,2023,Regular Season - 7,True,2939,Al-Nassr,True,2929,Al-Ahli Jeddah,False,4.0,3.0,3.0,1.0,4.0,3.0
1252438,S. Karasev,UTC,2024-09-13 18:00:00+00:00,1726250400,1726250400.0,1726254000.0,19933.0,Al Awal Park at King Saud University,Riyadh,Match Finished,FT,90.0,,307,Pro League,Saudi-Arabia,2024,Regular Season - 3,True,2939,Al-Nassr,,2929,Al-Ahli Jeddah,,1.0,1.0,0.0,0.0,1.0,1.0
1436179,E. Lambrechts,UTC,2026-04-29 18:00:00+00:00,1777485600,1777485600.0,1777489200.0,,King Saud University Stadium,Riyadh,Match Finished,FT,90.0,13.0,307,Pro League,Saudi-Arabia,2025,Regular Season - 30,True,2939,Al-Nassr,True,2929,Al-Ahli Jeddah,False,2.0,0.0,0.0,0.0,2.0,0.0
1441099,Mohammed Al Hoaish,UTC,2025-08-23 12:00:00+00:00,1755950400,1755950400.0,1755954000.0,3385.0,Hong Kong Stadium,Hong Kong,Match Finished,PEN,120.0,,826,Super Cup,Saudi-Arabia,2026,Final,False,2939,Al-Nassr,False,2929,Al-Ahli Jeddah,True,2.0,2.0,1.0,1.0,2.0,2.0
1603203,,UTC,2027-04-15 18:00:00+00:00,1807812000,,,,King Saud University Stadium,Riyadh,Not Started,NS,,,307,Pro League,Saudi-Arabia,2026,Regular Season - 26,True,2939,Al-Nassr,,2929,Al-Ahli Jeddah,,,,,,,
110200,,UTC,2017-01-27 16:15:00+00:00,1485533700,1485533700.0,1485537300.0,1364.0,King Abdullah Sports City,Jeddah,Match Finished,FT,90.0,,307,Pro League,Saudi-Arabia,2016,Regular Season - 16,True,2929,Al-Ahli Jeddah,True,2940,Al Shabab,False,3.0,1.0,1.0,1.0,3.0,1.0
110371,,UTC,2018-01-30 16:10:00+00:00,1517328600,1517328600.0,1517332200.0,,King Abdullah Sports City (Jeddah),,Match Finished,FT,90.0,,307,Pro League,Saudi-Arabia,2017,Regular Season - 19,True,2929,Al-Ahli Jeddah,True,2940,Al Shabab,False,3.0,2.0,1.0,2.0,3.0,2.0
151797,"Szymon Marciniak, Poland",UTC,2018-12-15 14:25:00+00:00,1544883900,1544883900.0,1544887500.0,1364.0,King Abdullah Sports City,Jeddah,Match Finished,FT,90.0,,307,Pro League,Saudi-Arabia,2018,Regular Season - 13,True,2929,Al-Ahli Jeddah,False,2940,Al Shabab,True,0.0,1.0,0.0,0.0,0.0,1.0
312956,A. Kulbakov,UTC,2020-08-30 17:40:00+00:00,1598809200,1598809200.0,1598812800.0,1364.0,King Abdullah Sports City,Jeddah,Match Finished,FT,90.0,,307,Pro League,Saudi-Arabia,2019,Regular Season - 28,True,2929,Al-Ahli Jeddah,,2940,Al Shabab,,1.0,1.0,1.0,1.0,1.0,1.0
635901,Mohammed Al Hoaish,UTC,2020-11-23 14:15:00+00:00,1606140900,1606140900.0,1606144500.0,1364.0,King Abdullah Sports City,Jeddah,Match Finished,FT,90.0,,307,Pro League,Saudi-Arabia,2020,Regular Season - 5,True,2929,Al-Ahli Jeddah,,2940,Al Shabab,,2.0,2.0,1.0,1.0,2.0,2.0
740082,Faisal Alblwi,UTC,2022-01-01 15:50:00+00:00,1641052200,1641052200.0,1641055800.0,1364.0,Prince Abdullah al-Faisal Stadium,Jeddah,Match Finished,FT,90.0,,307,Pro League,Saudi-Arabia,2021,Regular Season - 15,True,2929,Al-Ahli Jeddah,False,2940,Al Shabab,True,3.0,4.0,2.0,2.0,3.0,4.0
1074363,M. Escobar,UTC,2023-11-25 18:00:00+00:00,1700935200,1700935200.0,1700938800.0,19932.0,Prince Abdullah al-Faisal Stadium,Jeddah,Match Finished,FT,90.0,,307,Pro League,Saudi-Arabia,2023,Regular Season - 14,True,2929,Al-Ahli Jeddah,,2940,Al Shabab,,0.0,0.0,0.0,0.0,0.0,0.0
1252537,S. Marciniak,UTC,2025-01-10 17:00:00+00:00,1736528400,1736528400.0,1736532000.0,19932.0,Prince Abdullah al-Faisal Stadium,Jeddah,Match Finished,FT,90.0,8.0,307,Pro League,Saudi-Arabia,2024,Regular Season - 14,True,2929,Al-Ahli Jeddah,True,2940,Al Shabab,False,3.0,2.0,2.0,0.0,3.0,2.0
1435950,"Nicolas Ramirez, Argentina",UTC,2025-10-17 18:00:00+00:00,1760724000,1760724000.0,1760727600.0,1364.0,King Abdullah Sports City,Jeddah,Match Finished,FT,90.0,8.0,307,Pro League,Saudi-Arabia,2025,Regular Season - 5,True,2929,Al-Ahli Jeddah,,2940,Al Shabab,,1.0,1.0,1.0,0.0,1.0,1.0
1603224,,UTC,2027-04-29 18:00:00+00:00,1809021600,,,1364.0,King Abdullah Sports City,Jeddah,Not Started,NS,,,307,Pro League,Saudi-Arabia,2026,Regular Season - 29,True,2929,Al-Ahli Jeddah,,2940,Al Shabab,,,,,,,
110289,,UTC,2016-09-18 17:45:00+00:00,1474220700,1474220700.0,1474224300.0,1374.0,Prince Faisal bin Fahd Stadium,Riyadh,Match Finished,FT,90.0,,307,Pro League,Saudi-Arabia,2016,Regular Season - 3,True,2940,Al Shabab,True,2929,Al-Ahli Jeddah,False,3.0,2.0,0.0,1.0,3.0,2.0
110456,P. Kralovec,UTC,2017-10-14 17:00:00+00:00,1508000400,1508000400.0,1508004000.0,1374.0,Prince Faisal bin Fahd Stadium,Riyadh,Match Finished,FT,90.0,,307,Pro League,Saudi-Arabia,2017,Regular Season - 6,True,2940,Al Shabab,False,2929,Al-Ahli Jeddah,True,2.0,5.0,1.0,3.0,2.0,5.0
151900,"Felix Brych, Germany",UTC,2019-04-05 17:45:00+00:00,1554486300,1554486300.0,1554489900.0,1374.0,Prince Faisal bin Fahd Stadium,Riyadh,Match Finished,FT,90.0,,307,Pro League,Saudi-Arabia,2018,Regular Season - 26,True,2940,Al Shabab,False,2929,Al-Ahli Jeddah,True,0.0,4.0,0.0,2.0,0.0,4.0
234876,O. Hațegan,UTC,2019-12-28 13:50:00+00:00,1577541000,1577541000.0,1577544600.0,1374.0,Prince Faisal bin Fahd Stadium,Riyadh,Match Finished,FT,90.0,,307,Pro League,Saudi-Arabia,2019,Regular Season - 13,True,2940,Al Shabab,True,2929,Al-Ahli Jeddah,False,1.0,0.0,1.0,0.0,1.0,0.0
657797,Majed Al Shamrani,UTC,2021-02-22 16:35:00+00:00,1614011700,1614011700.0,1614015300.0,,Al-Shabab Club Stadium,Riyadh,Match Finished,FT,90.0,,307,Pro League,Saudi-Arabia,2020,Regular Season - 20,True,2940,Al Shabab,True,2929,Al-Ahli Jeddah,False,3.0,0.0,1.0,0.0,3.0,0.0
819550,S. Ivanov,UTC,2022-02-21 17:40:00+00:00,1645465200,1645465200.0,1645468800.0,1374.0,Prince Faisal bin Fahd Stadium,Riyadh,Match Finished,FT,90.0,,504,King's Cup,Saudi-Arabia,2022,Quarter-finals,False,2940,Al Shabab,True,2929,Al-Ahli Jeddah,False,2.0,1.0,0.0,0.0,2.0,1.0
852025,Mohammed Al Hoaish,UTC,2022-06-27 18:00:00+00:00,1656352800,1656352800.0,1656356400.0,1374.0,Prince Faisal bin Fahd Stadium,Riyadh,Match Finished,FT,90.0,,307,Pro League,Saudi-Arabia,2021,Regular Season - 30,True,2940,Al Shabab,,2929,Al-Ahli Jeddah,,0.0,0.0,0.0,0.0,0.0,0.0
1074517,S. Karasev,UTC,2024-05-11 18:00:00+00:00,1715450400,1715450400.0,1715454000.0,1374.0,Al-Shabab Club Stadium,Riyadh,Match Finished,FT,90.0,,307,Pro League,Saudi-Arabia,2023,Regular Season - 31,True,2940,Al Shabab,False,2929,Al-Ahli Jeddah,True,1.0,2.0,1.0,1.0,1.0,2.0
1252693,F. Zwayer,UTC,2025-05-11 16:05:00+00:00,1746979500,1746979500.0,1746983100.0,,Al-Shabab Club Stadium,Riyadh,Match Finished,FT,90.0,15.0,307,Pro League,Saudi-Arabia,2024,Regular Season - 31,True,2940,Al Shabab,True,2929,Al-Ahli Jeddah,False,3.0,1.0,2.0,1.0,3.0,1.0
1436110,F. Al Balawi,UTC,2026-02-13 13:55:00+00:00,1770990900,1770990900.0,1770994500.0,1374.0,Al-Shabab Club Stadium,Riyadh,Match Finished,FT,90.0,5.0,307,Pro League,Saudi-Arabia,2025,Regular Season - 22,True,2940,Al Shabab,False,2929,Al-Ahli Jeddah,True,2.0,5.0,2.0,4.0,2.0,5.0
1603078,,UTC,2026-10-30 18:00:00+00:00,1793383200,,,,Al-Shabab Club Stadium,Riyadh,Not Started,NS,,,307,Pro League,Saudi-Arabia,2026,Regular Season - 12,True,2940,Al Shabab,,2929,Al-Ahli Jeddah,,,,,,,
110439,N. Hänni,UTC,2017-10-31 15:45:00+00:00,1509464700,1509464700.0,1509468300.0,1364.0,King Abdullah Sports City,Jeddah,Match Finished,FT,90.0,,307,Pro League,Saudi-Arabia,2017,Regular Season - 9,True,2929,Al-Ahli Jeddah,,2944,Al-Fayha,,1.0,1.0,1.0,0.0,1.0,1.0
151777,"Damir Skomina, Slovenia",UTC,2018-11-30 14:30:00+00:00,1543588200,1543588200.0,1543591800.0,1364.0,King Abdullah Sports City,Jeddah,Match Finished,FT,90.0,,307,Pro League,Saudi-Arabia,2018,Regular Season - 11,True,2929,Al-Ahli Jeddah,,2944,Al-Fayha,,1.0,1.0,0.0,0.0,1.0,1.0
312899,S. Vinčić,UTC,2020-03-06 16:40:00+00:00,1583512800,1583512800.0,1583516400.0,1364.0,King Abdullah Sports City,Jeddah,Match Finished,FT,90.0,,307,Pro League,Saudi-Arabia,2019,Regular Season - 21,True,2929,Al-Ahli Jeddah,True,2944,Al-Fayha,False,1.0,0.0,0.0,0.0,1.0,0.0
824996,Ahmad Al Rumaikhani,UTC,2022-02-17 14:55:00+00:00,1645109700,1645109700.0,1645113300.0,1364.0,Prince Abdullah al-Faisal Stadium,Jeddah,Match Finished,FT,90.0,,307,Pro League,Saudi-Arabia,2021,Regular Season - 21,True,2929,Al-Ahli Jeddah,,2944,Al-Fayha,,1.0,1.0,0.0,0.0,1.0,1.0
1074544,R. Petrescu,UTC,2024-05-27 18:00:00+00:00,1716832800,1716832800.0,1716836400.0,19932.0,Prince Abdullah al-Faisal Stadium,Jeddah,Match Finished,FT,90.0,,307,Pro League,Saudi-Arabia,2023,Regular Season - 34,True,2929,Al-Ahli Jeddah,True,2944,Al-Fayha,False,1.0,0.0,0.0,0.0,1.0,0.0
1252668,I. Kružliak,UTC,2025-04-18 16:20:00+00:00,1744993200,1744993200.0,1744996800.0,1364.0,Prince Abdullah Al Faisal Sports City Stadium,Jeddah,Match Finished,FT,90.0,4.0,307,Pro League,Saudi-Arabia,2024,Regular Season - 28,True,2929,Al-Ahli Jeddah,True,2944,Al-Fayha,False,5.0,0.0,3.0,0.0,5.0,0.0
1436012,"Faisal Suleiman Al-Balawi, Saudi Arabia",UTC,2025-12-30 15:30:00+00:00,1767108600,1767108600.0,1767112200.0,1364.0,King Abdullah Sports City,Jeddah,Match Finished,FT,90.0,6.0,307,Pro League,Saudi-Arabia,2025,Regular Season - 12,True,2929,Al-Ahli Jeddah,True,2944,Al-Fayha,False,2.0,0.0,1.0,0.0,2.0,0.0
1603206,,UTC,2027-04-18 18:00:00+00:00,1808071200,,,1364.0,King Abdullah Sports City,Jeddah,Not Started,NS,,,307,Pro League,Saudi-Arabia,2026,Regular Season - 27,True,2929,Al-Ahli Jeddah,,2944,Al-Fayha,,,,,,,
110353,,UTC,2018-02-16 14:35:00+00:00,1518791700,1518791700.0,1518795300.0,,King Salman bin Abdulaziz Sport City Stadium (Al Majma'ah),,Match Finished,FT,90.0,,307,Pro League,Saudi-Arabia,2017,Regular Season - 22,True,2944,Al-Fayha,,2929,Al-Ahli Jeddah,,1.0,1.0,0.0,0.0,1.0,1.0
151886,"Anastasios Sidiropoulos, Greece",UTC,2019-04-01 15:55:00+00:00,1554134100,1554134100.0,1554137700.0,,Prince Salman Bin Abdulaziz Sport City Stadium,Al Majma'ah,Match Finished,FT,90.0,,307,Pro League,Saudi-Arabia,2018,Regular Season - 24,True,2944,Al-Fayha,False,2929,Al-Ahli Jeddah,True,0.0,2.0,0.0,1.0,0.0,2.0
234823,B. Madden,UTC,2019-10-05 15:20:00+00:00,1570288800,1570288800.0,1570292400.0,1367.0,Al Majma'ah Sports City Stadium,Al Majma'ah,Match Finished,FT,90.0,,307,Pro League,Saudi-Arabia,2019,Regular Season - 6,True,2944,Al-Fayha,False,2929,Al-Ahli Jeddah,True,0.0,3.0,0.0,2.0,0.0,3.0
335998,B. Nijhuis,UTC,2020-01-02 15:00:00+00:00,1577977200,1577977200.0,1577980800.0,1367.0,Al Majma'ah Sports City Stadium,Al Majma'ah,Match Finished,FT,90.0,,504,King's Cup,Saudi-Arabia,2020,8th Finals,False,2944,Al-Fayha,False,2929,Al-Ahli Jeddah,True,0.0,1.0,0.0,0.0,0.0,1.0
336107,,UTC,2018-02-24 15:40:00+00:00,1519486800,1519486800.0,1519490400.0,,King Salman bin Abdulaziz Sport City Stadium,Al Majma'ah,Match Finished,PEN,120.0,,504,King's Cup,Saudi-Arabia,2018,Quarter-finals,False,2944,Al-Fayha,False,2929,Al-Ahli Jeddah,True,3.0,3.0,1.0,0.0,1.0,1.0
740004,Shukri Al Hanfosh,UTC,2021-09-23 15:30:00+00:00,1632411000,1632411000.0,1632414600.0,1367.0,Al Majma'ah Sports City Stadium,Al Majma'ah,Match Finished,FT,90.0,,307,Pro League,Saudi-Arabia,2021,Regular Season - 6,True,2944,Al-Fayha,True,2929,Al-Ahli Jeddah,False,2.0,0.0,0.0,0.0,2.0,0.0
1074390,G. Guerrero,UTC,2023-12-14 18:00:00+00:00,1702576800,1702576800.0,1702580400.0,1367.0,Prince Faisal bin Fahd Stadium,Riyadh,Match Finished,FT,90.0,,307,Pro League,Saudi-Arabia,2023,Regular Season - 17,True,2944,Al-Fayha,False,2929,Al-Ahli Jeddah,True,0.0,4.0,0.0,4.0,0.0,4.0
1252510,Mohammed Al Hoaish,UTC,2024-11-22 14:50:00+00:00,1732287000,1732287000.0,1732290600.0,1377.0,King Abdullah Sport City Stadium,Buraidah,Match Finished,FT,90.0,10.0,307,Pro League,Saudi-Arabia,2024,Regular Season - 11,True,2944,Al-Fayha,False,2929,Al-Ahli Jeddah,True,0.0,1.0,0.0,1.0,0.0,1.0
1436171,M. Al Ismail,UTC,2026-04-08 15:55:00+00:00,1775663700,1775663700.0,1775667300.0,1367.0,King Abdullah Sports City Stadium,Buraidah,Match Finished,FT,90.0,,307,Pro League,Saudi-Arabia,2025,Regular Season - 29,True,2944,Al-Fayha,,2929,Al-Ahli Jeddah,,1.0,1.0,0.0,1.0,1.0,1.0
1603057,,UTC,2026-10-19 15:05:00+00:00,1792422300,,,,King Abdullah Sports City Stadium,Buraidah,Not Started,NS,,,307,Pro League,Saudi-Arabia,2026,Regular Season - 10,True,2944,Al-Fayha,,2929,Al-Ahli Jeddah,,,,,,,
151717,,UTC,2018-09-21 17:35:00+00:00,1537551300,1537551300.0,1537554900.0,1364.0,King Abdullah Sports City,Jeddah,Match Finished,FT,90.0,,307,Pro League,Saudi-Arabia,2018,Regular Season - 3,True,2929,Al-Ahli Jeddah,True,2945,Al-Hazm,False,2.0,0.0,1.0,0.0,2.0,0.0
312912,Shukri Al Hanfosh,UTC,2020-08-04 18:15:00+00:00,1596564900,1596564900.0,1596568500.0,1364.0,King Abdullah Sports City,Jeddah,Match Finished,FT,90.0,,307,Pro League,Saudi-Arabia,2019,Regular Season - 23,True,2929,Al-Ahli Jeddah,True,2945,Al-Hazm,False,4.0,2.0,1.0,0.0,4.0,2.0
813340,Khaled Salwi,UTC,2022-01-15 16:00:00+00:00,1642262400,1642262400.0,1642266000.0,1364.0,Prince Abdullah al-Faisal Stadium,Jeddah,Match Finished,FT,90.0,,307,Pro League,Saudi-Arabia,2021,Regular Season - 17,True,2929,Al-Ahli Jeddah,True,2945,Al-Hazm,False,1.0,0.0,1.0,0.0,1.0,0.0
932175,,UTC,2023-01-18 15:40:00+00:00,1674056400,1674056400.0,1674060000.0,1364.0,Prince Abdullah al-Faisal Stadium,Jeddah,Match Finished,FT,90.0,,308,Division 1,Saudi-Arabia,2022,Regular Season - 17,True,2929,Al-Ahli Jeddah,True,2945,Al-Hazm,False,1.0,0.0,0.0,0.0,1.0,0.0
1074239,Khaled Al Teris,UTC,2023-08-11 18:00:00+00:00,1691776800,1691776800.0,1691780400.0,19932.0,Prince Abdullah al-Faisal Stadium,Jeddah,Match Finished,FT,90.0,,307,Pro League,Saudi-Arabia,2023,Regular Season - 1,True,2929,Al-Ahli Jeddah,True,2945,Al-Hazm,False,3.0,1.0,2.0,0.0,3.0,1.0
1436100,M. K. Al Hoish,UTC,2026-02-05 17:30:00+00:00,1770312600,1770312600.0,1770316200.0,1364.0,King Abdullah Sports City,Jeddah,Match Finished,FT,90.0,6.0,307,Pro League,Saudi-Arabia,2025,Regular Season - 21,True,2929,Al-Ahli Jeddah,True,2945,Al-Hazm,False,2.0,0.0,0.0,0.0,2.0,0.0
1603026,,UTC,2026-09-11 18:00:00+00:00,1789149600,,,1364.0,King Abdullah Sports City,Jeddah,Match Finished,FT,90.0,,307,Pro League,Saudi-Arabia,2026,Regular Season - 7,True,2929,Al-Ahli Jeddah,True,2945,Al-Hazm,False,3.0,1.0,3.0,1.0,3.0,1.0
151841,"Artur Soares Dias, Portugal",UTC,2019-02-07 16:15:00+00:00,1549556100,1549556100.0,1549559700.0,,Al Hazm Club Stadium,Ar Rass,Match Finished,FT,90.0,,307,Pro League,Saudi-Arabia,2018,Regular Season - 19,True,2945,Al-Hazm,False,2929,Al-Ahli Jeddah,True,2.0,4.0,2.0,2.0,2.0,4.0
234839,I. Bebek,UTC,2019-10-26 15:10:00+00:00,1572102600,1572102600.0,1572106200.0,,Ar-Rass Stadium,Rass,Match Finished,FT,90.0,,307,Pro League,Saudi-Arabia,2019,Regular Season - 8,True,2945,Al-Hazm,True,2929,Al-Ahli Jeddah,False,2.0,1.0,0.0,0.0,2.0,1.0
739974,Mohammed Al Esmaiel,UTC,2021-08-19 16:10:00+00:00,1629389400,1629389400.0,1629393000.0,,Ar-Rass Stadium,Rass,Match Finished,FT,90.0,,307,Pro League,Saudi-Arabia,2021,Regular Season - 2,True,2945,Al-Hazm,,2929,Al-Ahli Jeddah,,2.0,2.0,2.0,0.0,2.0,2.0
984784,,UTC,2023-05-29 18:00:00+00:00,1685383200,1685383200.0,1685386800.0,,Ar-Rass Stadium,Rass,Match Finished,FT,90.0,,308,Division 1,Saudi-Arabia,2022,Regular Season - 34,True,2945,Al-Hazm,,2929,Al-Ahli Jeddah,,0.0,0.0,0.0,0.0,0.0,0.0
1074397,J. Benítez,UTC,2023-12-22 15:00:00+00:00,1703257200,1703257200.0,1703260800.0,1377.0,King Abdullah Sport City Stadium,Buraidah,Match Finished,FT,90.0,,307,Pro League,Saudi-Arabia,2023,Regular Season - 18,True,2945,Al-Hazm,False,2929,Al-Ahli Jeddah,True,0.0,4.0,0.0,1.0,0.0,4.0
1435947,A. Treimanis,UTC,2025-09-26 15:35:00+00:00,1758900900,1758900900.0,1758904500.0,1377.0,King Abdullah Sports City Stadium,Buraidah,Match Finished,FT,90.0,5.0,307,Pro League,Saudi-Arabia,2025,Regular Season - 4,True,2945,Al-Hazm,False,2929,Al-Ahli Jeddah,True,0.0,2.0,0.0,0.0,0.0,2.0
1603183,,UTC,2027-04-02 18:00:00+00:00,1806688800,,,,Al-Hazem Club Stadium,Ar Rass,Not Started,NS,,,307,Pro League,Saudi-Arabia,2026,Regular Season - 24,True,2945,Al-Hazm,,2929,Al-Ahli Jeddah,,,,,,,
234882,Sultan Al-Harbi,UTC,2020-01-13 16:05:00+00:00,1578931500,1578931500.0,1578935100.0,1364.0,King Abdullah Sports City,Jeddah,Match Finished,FT,90.0,,307,Pro League,Saudi-Arabia,2019,Regular Season - 14,True,2929,Al-Ahli Jeddah,True,2951,Abha,False,3.0,1.0,2.0,1.0,3.0,1.0
635976,Mohammed Alharbi,UTC,2021-01-19 16:10:00+00:00,1611072600,1611072600.0,1611076200.0,1378.0,King Abdullah Sports City Reserve Stadium,Jeddah,Match Finished,FT,90.0,,307,Pro League,Saudi-Arabia,2020,Regular Season - 14,True,2929,Al-Ahli Jeddah,True,2951,Abha,False,3.0,0.0,2.0,0.0,3.0,0.0
852001,Ahmad Al Rumaikhani,UTC,2022-05-22 18:00:00+00:00,1653242400,1653242400.0,1653246000.0,1364.0,King Abdullah Sports City,Jeddah,Match Finished,FT,90.0,,307,Pro League,Saudi-Arabia,2021,Regular Season - 27,True,2929,Al-Ahli Jeddah,,2951,Abha,,1.0,1.0,1.0,1.0,1.0,1.0
1074525,T. Bognár,UTC,2024-05-18 18:00:00+00:00,1716055200,1716055200.0,1716058800.0,1364.0,King Abdullah Sports City,Jeddah,Match Finished,FT,90.0,,307,Pro League,Saudi-Arabia,2023,Regular Season - 32,True,2929,Al-Ahli Jeddah,True,2951,Abha,False,5.0,1.0,2.0,0.0,5.0,1.0
1136332,Paulo Cesar Zanovelli da Silva,UTC,2023-10-31 18:00:00+00:00,1698775200,1698775200.0,1698778800.0,19932.0,Prince Abdullah al-Faisal Stadium,Jeddah,Match Finished,FT,90.0,,504,King's Cup,Saudi-Arabia,2024,Round of 16,False,2929,Al-Ahli Jeddah,False,2951,Abha,True,1.0,2.0,1.0,1.0,1.0,2.0
1602988,"Sami Al Jires, Saudi Arabia",UTC,2026-08-22 18:00:00+00:00,1787421600,1787421600.0,1787425200.0,1364.0,King Abdullah Sports City,Jeddah,Match Finished,FT,90.0,4.0,307,Pro League,Saudi-Arabia,2026,Regular Season - 2,True,2929,Al-Ahli Jeddah,True,2951,Abha,False,4.0,0.0,2.0,0.0,4.0,0.0
312957,Khaled Al Teris,UTC,2020-09-04 17:35:00+00:00,1599240900,1599240900.0,1599244500.0,10516.0,Prince Sultan bin Abdulaziz Sports City Stadium,Abha,Match Finished,FT,90.0,,307,Pro League,Saudi-Arabia,2019,Regular Season - 29,True,2951,Abha,True,2929,Al-Ahli Jeddah,False,2.0,1.0,1.0,0.0,2.0,1.0
657868,Majed Al Shamrani,UTC,2021-05-25 18:00:00+00:00,1621965600,1621965600.0,1621969200.0,10516.0,Prince Sultan bin Abdulaziz Sports City Stadium,Abha,Match Finished,FT,90.0,,307,Pro League,Saudi-Arabia,2020,Regular Season - 29,True,2951,Abha,,2929,Al-Ahli Jeddah,,1.0,1.0,0.0,1.0,1.0,1.0
740058,Sultan Al-Harbi,UTC,2021-11-21 11:30:00+00:00,1637494200,1637494200.0,1637497800.0,10516.0,Prince Sultan bin Abdulaziz Sports City Stadium,Abha,Match Finished,FT,90.0,,307,Pro League,Saudi-Arabia,2021,Regular Season - 12,True,2951,Abha,True,2929,Al-Ahli Jeddah,False,2.0,0.0,0.0,0.0,2.0,0.0
1074373,S. Karasev,UTC,2023-11-30 15:00:00+00:00,1701356400,1701356400.0,1701360000.0,10516.0,Prince Sultan bin Abdulaziz Sports City Stadium,Abha,Match Finished,FT,90.0,,307,Pro League,Saudi-Arabia,2023,Regular Season - 15,True,2951,Abha,False,2929,Al-Ahli Jeddah,True,0.0,6.0,0.0,5.0,0.0,6.0
1603134,,UTC,2027-02-11 19:00:00+00:00,1802372400,,,,Prince Sultan bin Abdul Aziz Stadium,Abha,Not Started,NS,,,307,Pro League,Saudi-Arabia,2026,Regular Season - 19,True,2951,Abha,,2929,Al-Ahli Jeddah,,,,,,,
984699,,UTC,2023-03-12 15:50:00+00:00,1678636200,1678636200.0,1678639800.0,1367.0,Al Majma'ah Sports City Stadium,Al Majma'ah,Match Finished,FT,90.0,,308,Division 1,Saudi-Arabia,2022,Regular Season - 25,True,2930,Al-Faisaly FC,,10509,Al Kholood,,1.0,1.0,0.0,1.0,1.0,1.0
1151332,,UTC,2024-03-29 18:45:00+00:00,1711737900,1711737900.0,1711741500.0,1367.0,Al Majma'ah Sports City Stadium,Al Majma'ah,Match Finished,FT,90.0,,308,Division 1,Saudi-Arabia,2023,Regular Season - 27,True,2930,Al-Faisaly FC,False,10509,Al Kholood,True,0.0,3.0,0.0,2.0,0.0,3.0
1603046,,UTC,2026-10-15 13:40:00+00:00,1792071600,,,,,,Not Started,NS,,,307,Pro League,Saudi-Arabia,2026,Regular Season - 9,True,2930,Al-Faisaly FC,,10509,Al Kholood,,,,,,,
932094,,UTC,2022-10-18 16:55:00+00:00,1666112100,1666112100.0,1666115700.0,,Ar-Rass Stadium,Rass,Match Finished,FT,90.0,,308,Division 1,Saudi-Arabia,2022,Regular Season - 8,True,10509,Al Kholood,False,2930,Al-Faisaly FC,True,0.0,1.0,0.0,0.0,0.0,1.0
1074180,,UTC,2023-11-08 15:00:00+00:00,1699455600,1699455600.0,1699459200.0,,Ar-Rass Stadium,Rass,Match Finished,FT,90.0,,308,Division 1,Saudi-Arabia,2023,Regular Season - 10,True,10509,Al Kholood,True,2930,Al-Faisaly FC,False,1.0,0.0,0.0,0.0,1.0,0.0
1603202,,UTC,2027-04-15 18:00:00+00:00,1807812000,,,,Al-Hazem Club Stadium,Ar Rass,Not Started,NS,,,307,Pro League,Saudi-Arabia,2026,Regular Season - 26,True,10509,Al Kholood,,2930,Al-Faisaly FC,,,,,,,
984636,,UTC,2023-01-27 12:40:00+00:00,1674823200,1674823200.0,1674826800.0,1367.0,Al Majma'ah Sports City Stadium,Al Majma'ah,Match Finished,FT,90.0,,308,Division 1,Saudi-Arabia,2022,Regular Season - 18,True,2930,Al-Faisaly FC,False,10511,Al Riyadh,True,0.0,1.0,0.0,0.0,0.0,1.0
1603119,,UTC,2026-12-10 17:00:00+00:00,1796922000,,,,,,Not Started,NS,,,307,Pro League,Saudi-Arabia,2026,Regular Season - 17,True,2930,Al-Faisaly FC,,10511,Al Riyadh,,,,,,,
932032,,UTC,2022-08-24 15:55:00+00:00,1661356500,1661356500.0,1661360100.0,1361.0,King Fahd International Stadium,Riyadh,Match Finished,FT,90.0,,308,Division 1,Saudi-Arabia,2022,Regular Season - 1,True,10511,Al Riyadh,False,2930,Al-Faisaly FC,True,1.0,2.0,0.0,1.0,1.0,2.0
1603275,,UTC,2027-05-28 18:00:00+00:00,1811527200,,,1374.0,Prince Faisal bin Fahd Stadium,Riyadh,Not Started,NS,,,307,Pro League,Saudi-Arabia,2026,Regular Season - 34,True,10511,Al Riyadh,,2930,Al-Faisaly FC,,,,,,,
1253448,,UTC,2025-01-06 12:25:00+00:00,1736166300,1736166300.0,1736169900.0,1367.0,Al Majma'ah Sports City Stadium,Al Majma'ah,Match Finished,FT,90.0,,308,Division 1,Saudi-Arabia,2024,Regular Season - 15,True,2930,Al-Faisaly FC,True,10513,NEOM,False,3.0,2.0,1.0,1.0,3.0,2.0
1561575,M. Abu Shaqarah,UTC,2026-08-18 18:00:00+00:00,1787076000,1787076000.0,1787079600.0,,,,Match Finished,FT,90.0,6.0,504,King's Cup,Saudi-Arabia,2027,Round of 32,False,2930,Al-Faisaly FC,False,10513,NEOM,True,1.0,3.0,1.0,2.0,1.0,3.0
1602984,"Shukri Alhunfush, Saudi Arabia",UTC,2026-08-21 18:00:00+00:00,1787335200,1787335200.0,1787338800.0,,Al Majma'ah Sport City,Al Majmaah,Match Finished,FT,90.0,5.0,307,Pro League,Saudi-Arabia,2026,Regular Season - 2,True,2930,Al-Faisaly FC,False,10513,NEOM,True,0.0,2.0,0.0,0.0,0.0,2.0
1330405,,UTC,2025-05-05 16:50:00+00:00,1746463800,1746463800.0,1746467400.0,2903.0,King Khalid Sport City Stadium,Tabouk,Match Finished,FT,90.0,5.0,308,Division 1,Saudi-Arabia,2024,Regular Season - 32,True,10513,NEOM,True,2930,Al-Faisaly FC,False,4.0,1.0,2.0,0.0,4.0,1.0
1603142,,UTC,2027-02-11 19:00:00+00:00,1802372400,,,,King Khalid Sports City,Tabuk,Not Started,NS,,,307,Pro League,Saudi-Arabia,2026,Regular Season - 19,True,10513,NEOM,,2930,Al-Faisaly FC,,,,,,,
1499041,,UTC,2026-03-07 18:45:00+00:00,1772909100,1772909100.0,1772912700.0,,,,Match Finished,FT,90.0,9.0,308,Division 1,Saudi-Arabia,2025,Regular Season - 26,True,2930,Al-Faisaly FC,,26738,Al Diriyah,,2.0,2.0,2.0,1.0,2.0,2.0
1603083,,UTC,2026-11-05 17:00:00+00:00,1793898000,,,,,,Not Started,NS,,,307,Pro League,Saudi-Arabia,2026,Regular Season - 13,True,2930,Al-Faisaly FC,,26738,Al Diriyah,,,,,,,
1437367,,UTC,2025-11-23 14:45:00+00:00,1763909100,1763909100.0,1763912700.0,,Prince Turki bin Abdul Aziz Stadium,Riyadh,Match Finished,FT,90.0,8.0,308,Division 1,Saudi-Arabia,2025,Regular Season - 9,True,26738,Al Diriyah,,2930,Al-Faisaly FC,,1.0,1.0,0.0,1.0,1.0,1.0
1603233,,UTC,2027-05-06 18:00:00+00:00,1809626400,,,,Prince Turki bin Abdul Aziz Stadium,Riyadh,Not Started,NS,,,307,Pro League,Saudi-Arabia,2026,Regular Season - 30,True,26738,Al Diriyah,,2930,Al-Faisaly FC,,,,,,,
110292,,UTC,2016-09-17 15:40:00+00:00,1474126800,1474126800.0,1474130400.0,,Prince Salman Bin Abdulaziz Sport City Stadium,Al Majma'ah,Match Finished,FT,90.0,,307,Pro League,Saudi-Arabia,2016,Regular Season - 3,True,2930,Al-Faisaly FC,,2931,Al-Fateh,,0.0,0.0,0.0,0.0,0.0,0.0
110333,,UTC,2018-03-10 14:45:00+00:00,1520693100,1520693100.0,1520696700.0,,King Salman bin Abdulaziz Sport City Stadium (Al Majma'ah),,Match Finished,FT,90.0,,307,Pro League,Saudi-Arabia,2017,Regular Season - 24,True,2930,Al-Faisaly FC,False,2931,Al-Fateh,True,0.0,2.0,0.0,0.0,0.0,2.0
151898,"Matt Conger, New Zealand",UTC,2019-04-05 15:55:00+00:00,1554479700,1554479700.0,1554483300.0,,Prince Salman Bin Abdulaziz Sport City Stadium,Al Majma'ah,Match Finished,FT,90.0,,307,Pro League,Saudi-Arabia,2018,Regular Season - 26,True,2930,Al-Faisaly FC,,2931,Al-Fateh,,1.0,1.0,1.0,1.0,1.0,1.0
234800,D. Stefanski,UTC,2019-09-15 17:10:00+00:00,1568567400,1568567400.0,1568571000.0,1367.0,Al Majma'ah Sports City Stadium,Al Majma'ah,Match Finished,FT,90.0,,307,Pro League,Saudi-Arabia,2019,Regular Season - 3,True,2930,Al-Faisaly FC,True,2931,Al-Fateh,False,3.0,2.0,0.0,1.0,3.0,2.0
657841,Khaled Al Teris,UTC,2021-04-10 15:55:00+00:00,1618070100,1618070100.0,1618073700.0,1367.0,Al Majma'ah Sports City Stadium,Al Majma'ah,Match Finished,FT,90.0,,307,Pro League,Saudi-Arabia,2020,Regular Season - 25,True,2930,Al-Faisaly FC,False,2931,Al-Fateh,True,2.0,3.0,1.0,1.0,2.0,3.0
825026,Sami Al Jires,UTC,2022-03-17 14:45:00+00:00,1647528300,1647528300.0,1647531900.0,1367.0,Al Majma'ah Sports City Stadium,Al Majma'ah,Match Finished,FT,90.0,,307,Pro League,Saudi-Arabia,2021,Regular Season - 25,True,2930,Al-Faisaly FC,True,2931,Al-Fateh,False,1.0,0.0,0.0,0.0,1.0,0.0
1602996,"Sami Ahmed Al-Jurays, Saudi Arabia",UTC,2026-08-26 16:00:00+00:00,1787760000,1787760000.0,1787763600.0,,Al Majma'ah Sport City,Al Majmaah,Match Finished,FT,90.0,6.0,307,Pro League,Saudi-Arabia,2026,Regular Season - 3,True,2930,Al-Faisaly FC,,2931,Al-Fateh,,1.0,1.0,1.0,1.0,1.0,1.0
110201,,UTC,2017-01-27 14:05:00+00:00,1485525900,1485525900.0,1485529500.0,,Prince Abdullah bin Jalawi Stadium,Al-Hasa,Match Finished,FT,90.0,,307,Pro League,Saudi-Arabia,2016,Regular Season - 16,True,2931,Al-Fateh,True,2930,Al-Faisaly FC,False,1.0,0.0,1.0,0.0,1.0,0.0
110423,C. Kalogeropoulos,UTC,2017-11-25 13:30:00+00:00,1511616600,1511616600.0,1511620200.0,,Prince Abdullah bin Jalawi Stadium,Al-Hasa,Match Finished,FT,90.0,,307,Pro League,Saudi-Arabia,2017,Regular Season - 11,True,2931,Al-Fateh,False,2930,Al-Faisaly FC,True,0.0,5.0,0.0,1.0,0.0,5.0
151792,"Szymon Marciniak, Poland",UTC,2018-12-13 13:30:00+00:00,1544707800,1544707800.0,1544711400.0,,Prince Abdullah bin Jalawi Stadium,Al-Hasa,Match Finished,FT,90.0,,307,Pro League,Saudi-Arabia,2018,Regular Season - 13,True,2931,Al-Fateh,,2930,Al-Faisaly FC,,1.0,1.0,1.0,0.0,1.0,1.0
312880,Sultan Al-Harbi,UTC,2020-02-15 14:10:00+00:00,1581775800,1581775800.0,1581779400.0,1363.0,Prince Abdullah bin Jalawi Sports City Stadium,Al-Hasa,Match Finished,FT,90.0,,307,Pro League,Saudi-Arabia,2019,Regular Season - 18,True,2931,Al-Fateh,,2930,Al-Faisaly FC,,2.0,2.0,1.0,0.0,2.0,2.0
635943,Sami Al Jires,UTC,2020-12-27 13:35:00+00:00,1609076100,1609076100.0,1609079700.0,1363.0,Prince Abdullah bin Jalawi Sports City Stadium,Al-Hasa,Match Finished,FT,90.0,,307,Pro League,Saudi-Arabia,2020,Regular Season - 10,True,2931,Al-Fateh,True,2930,Al-Faisaly FC,False,3.0,2.0,3.0,0.0,3.0,2.0
740039,Sultan Al-Harbi,UTC,2022-02-22 14:15:00+00:00,1645539300,1645539300.0,1645542900.0,1363.0,Prince Abdullah bin Jalawi Sports City Stadium,Al-Hasa,Match Finished,FT,90.0,,307,Pro League,Saudi-Arabia,2021,Regular Season - 10,True,2931,Al-Fateh,True,2930,Al-Faisaly FC,False,4.0,1.0,3.0,0.0,4.0,1.0
1603144,,UTC,2027-02-18 19:00:00+00:00,1802977200,,,,Al Fateh club stadium,Al-Hofuf,Not Started,NS,,,307,Pro League,Saudi-Arabia,2026,Regular Season - 20,True,2931,Al-Fateh,,2930,Al-Faisaly FC,,,,,,,
110277,,UTC,2016-10-15 17:00:00+00:00,1476550800,1476550800.0,1476554400.0,1374.0,Prince Faisal bin Fahd Stadium,Riyadh,Match Finished,FT,90.0,,307,Pro League,Saudi-Arabia,2016,Regular Season - 5,True,2932,Al-Hilal Saudi FC,True,2930,Al-Faisaly FC,False,4.0,0.0,2.0,0.0,4.0,0.0
110343,,UTC,2018-03-02 16:30:00+00:00,1520008200,1520008200.0,1520011800.0,,King Saud University Stadium (Ar-Riyāḍ (Riyadh)),,Match Finished,FT,90.0,,307,Pro League,Saudi-Arabia,2017,Regular Season - 23,True,2932,Al-Hilal Saudi FC,True,2930,Al-Faisaly FC,False,1.0,0.0,1.0,0.0,1.0,0.0
151867,"Bakary Papa Gassama, Gambia",UTC,2019-03-01 14:35:00+00:00,1551450900,1551450900.0,1551454500.0,1369.0,King Saud University Stadium,Riyadh,Match Finished,FT,90.0,,307,Pro League,Saudi-Arabia,2018,Regular Season - 22,True,2932,Al-Hilal Saudi FC,True,2930,Al-Faisaly FC,False,2.0,1.0,1.0,0.0,2.0,1.0
312945,N. Pitana,UTC,2020-08-25 16:00:00+00:00,1598371200,1598371200.0,1598374800.0,1369.0,King Saud University Stadium,Riyadh,Match Finished,FT,90.0,,307,Pro League,Saudi-Arabia,2019,Regular Season - 27,True,2932,Al-Hilal Saudi FC,True,2930,Al-Faisaly FC,False,2.0,0.0,0.0,0.0,2.0,0.0
336065,,UTC,2019-01-21 17:05:00+00:00,1548090300,1548090300.0,1548093900.0,1369.0,King Saud University Stadium,Riyadh,Match Finished,FT,90.0,,504,King's Cup,Saudi-Arabia,2019,8th Finals,False,2932,Al-Hilal Saudi FC,True,2930,Al-Faisaly FC,False,3.0,2.0,1.0,2.0,3.0,2.0
657881,,UTC,2021-05-30 18:00:00+00:00,1622397600,1622397600.0,1622401200.0,,King Fahd Stadium,Riyadh,Match Finished,FT,90.0,,307,Pro League,Saudi-Arabia,2020,Regular Season - 30,True,2932,Al-Hilal Saudi FC,True,2930,Al-Faisaly FC,False,3.0,2.0,1.0,1.0,3.0,2.0
806963,D. Makkelie,UTC,2022-01-06 17:15:00+00:00,1641489300,1641489300.0,1641492900.0,1374.0,Prince Faisal bin Fahd Stadium,Riyadh,Match Finished,PEN,120.0,,826,Super Cup,Saudi-Arabia,2022,Final,False,2932,Al-Hilal Saudi FC,True,2930,Al-Faisaly FC,False,2.0,2.0,1.0,2.0,2.0,2.0
852022,A. Sidiropoulos,UTC,2022-06-27 18:00:00+00:00,1656352800,1656352800.0,1656356400.0,1361.0,King Fahd International Stadium,Riyadh,Match Finished,FT,90.0,,307,Pro League,Saudi-Arabia,2021,Regular Season - 30,True,2932,Al-Hilal Saudi FC,True,2930,Al-Faisaly FC,False,2.0,1.0,1.0,0.0,2.0,1.0
1602977,J. Manzano,UTC,2026-08-14 18:00:00+00:00,1786730400,1786730400.0,1786734000.0,20744.0,Kingdom Arena,Riyadh,Match Finished,FT,90.0,5.0,307,Pro League,Saudi-Arabia,2026,Regular Season - 1,True,2932,Al-Hilal Saudi FC,True,2930,Al-Faisaly FC,False,4.0,2.0,3.0,0.0,4.0,2.0
110189,,UTC,2017-02-09 16:15:00+00:00,1486656900,1486656900.0,1486660500.0,,Prince Salman Bin Abdulaziz Sport City Stadium,Al Majma'ah,Match Finished,FT,90.0,,307,Pro League,Saudi-Arabia,2016,Regular Season - 18,True,2930,Al-Faisaly FC,False,2932,Al-Hilal Saudi FC,True,0.0,2.0,0.0,0.0,0.0,2.0
110386,Javier Estrada,UTC,2018-01-01 15:50:00+00:00,1514821800,1514821800.0,1514825400.0,,Prince Salman Bin Abdulaziz Sport City Stadium,Al Majma'ah,Match Finished,FT,90.0,,307,Pro League,Saudi-Arabia,2017,Regular Season - 10,True,2930,Al-Faisaly FC,,2932,Al-Hilal Saudi FC,,1.0,1.0,1.0,0.0,1.0,1.0
151773,"Viktor Kassai, Hungary",UTC,2018-11-24 13:50:00+00:00,1543067400,1543067400.0,1543071000.0,,Prince Salman Bin Abdulaziz Sport City Stadium,Al Majma'ah,Match Finished,FT,90.0,,307,Pro League,Saudi-Arabia,2018,Regular Season - 10,True,2930,Al-Faisaly FC,,2932,Al-Hilal Saudi FC,,1.0,1.0,0.0,0.0,1.0,1.0
234868,A. Treimanis,UTC,2020-01-20 14:10:00+00:00,1579529400,1579529400.0,1579533000.0,1367.0,Al Majma'ah Sports City Stadium,Al Majma'ah,Match Finished,FT,90.0,,307,Pro League,Saudi-Arabia,2019,Regular Season - 12,True,2930,Al-Faisaly FC,,2932,Al-Hilal Saudi FC,,2.0,2.0,0.0,0.0,2.0,2.0
336001,I. Bebek,UTC,2020-01-03 16:50:00+00:00,1578070200,1578070200.0,1578073800.0,1367.0,Al Majma'ah Sports City Stadium,Al Majma'ah,Match Finished,PEN,120.0,,504,King's Cup,Saudi-Arabia,2020,8th Finals,False,2930,Al-Faisaly FC,False,2932,Al-Hilal Saudi FC,True,2.0,2.0,1.0,1.0,2.0,2.0
635979,Raed Al Zahrani,UTC,2021-01-25 14:15:00+00:00,1611584100,1611584100.0,1611587700.0,1367.0,Al Majma'ah Sports City Stadium,Al Majma'ah,Match Finished,FT,90.0,,307,Pro League,Saudi-Arabia,2020,Regular Season - 15,True,2930,Al-Faisaly FC,,2932,Al-Hilal Saudi FC,,1.0,1.0,0.0,1.0,1.0,1.0
740079,Majed Al Shamrani,UTC,2021-12-31 14:05:00+00:00,1640959500,1640959500.0,1640963100.0,1367.0,Al Majma'ah Sports City Stadium,Al Majma'ah,Match Finished,FT,90.0,,307,Pro League,Saudi-Arabia,2021,Regular Season - 15,True,2930,Al-Faisaly FC,False,2932,Al-Hilal Saudi FC,True,2.0,3.0,1.0,0.0,2.0,3.0
1603126,,UTC,2026-12-14 17:00:00+00:00,1797267600,,,,,,Not Started,NS,,,307,Pro League,Saudi-Arabia,2026,Regular Season - 18,True,2930,Al-Faisaly FC,,2932,Al-Hilal Saudi FC,,,,,,,
110211,,UTC,2016-12-29 14:00:00+00:00,1483020000,1483020000.0,1483023600.0,,Prince Salman Bin Abdulaziz Sport City Stadium,Al Majma'ah,Match Finished,FT,90.0,,307,Pro League,Saudi-Arabia,2016,Regular Season - 15,True,2930,Al-Faisaly FC,True,2933,Al-Qadisiyah FC,False,3.0,2.0,1.0,1.0,3.0,2.0
110380,M. Mažić,UTC,2018-01-13 11:25:00+00:00,1515842700,1515842700.0,1515846300.0,,King Salman bin Abdulaziz Sport City Stadium (Al Majma'ah),,Match Finished,FT,90.0,,307,Pro League,Saudi-Arabia,2017,Regular Season - 17,True,2930,Al-Faisaly FC,True,2933,Al-Qadisiyah FC,False,2.0,0.0,0.0,0.0,2.0,0.0
151879,"Damir Skomina, Slovenia",UTC,2019-03-14 14:45:00+00:00,1552574700,1552574700.0,1552578300.0,,Prince Salman Bin Abdulaziz Sport City Stadium,Al Majma'ah,Match Finished,FT,90.0,,307,Pro League,Saudi-Arabia,2018,Regular Season - 24,True,2930,Al-Faisaly FC,True,2933,Al-Qadisiyah FC,False,3.0,0.0,0.0,0.0,3.0,0.0
635963,Shukri Al Hanfosh,UTC,2021-01-14 11:30:00+00:00,1610623800,1610623800.0,1610627400.0,1367.0,Al Majma'ah Sports City Stadium,Al Majma'ah,Match Finished,FT,90.0,,307,Pro League,Saudi-Arabia,2020,Regular Season - 13,True,2930,Al-Faisaly FC,,2933,Al-Qadisiyah FC,,2.0,2.0,1.0,0.0,2.0,2.0
984754,,UTC,2023-05-10 16:15:00+00:00,1683735300,1683735300.0,1683738900.0,1367.0,Al Majma'ah Sports City Stadium,Al Majma'ah,Match Finished,FT,90.0,,308,Division 1,Saudi-Arabia,2022,Regular Season - 31,True,2930,Al-Faisaly FC,True,2933,Al-Qadisiyah FC,False,1.0,0.0,1.0,0.0,1.0,0.0
1074142,,UTC,2023-09-19 17:30:00+00:00,1695144600,1695144600.0,1695148200.0,1367.0,Al Majma'ah Sports City Stadium,Al Majma'ah,Match Finished,FT,90.0,,308,Division 1,Saudi-Arabia,2023,Regular Season - 6,True,2930,Al-Faisaly FC,False,2933,Al-Qadisiyah FC,True,0.0,1.0,0.0,1.0,0.0,1.0
1603155,,UTC,2027-02-25 19:00:00+00:00,1803582000,,,,,,Not Started,NS,,,307,Pro League,Saudi-Arabia,2026,Regular Season - 21,True,2930,Al-Faisaly FC,,2933,Al-Qadisiyah FC,,,,,,,
110301,,UTC,2016-08-19 15:50:00+00:00,1471621800,1471621800.0,1471625400.0,,Prince Saud bin Jalawi Stadium (al-Khobar (Khobar)),,Match Finished,FT,90.0,,307,Pro League,Saudi-Arabia,2016,Regular Season - 2,True,2933,Al-Qadisiyah FC,,2930,Al-Faisaly FC,,1.0,1.0,1.0,0.0,1.0,1.0
110470,,UTC,2017-09-23 15:15:00+00:00,1506179700,1506179700.0,1506183300.0,,Prince Saud bin Jalawi Stadium (al-Khobar (Khobar)),,Match Finished,FT,90.0,,307,Pro League,Saudi-Arabia,2017,Regular Season - 4,True,2933,Al-Qadisiyah FC,,2930,Al-Faisaly FC,,1.0,1.0,0.0,0.0,1.0,1.0
151776,"Anastasios Sidiropoulos, Greece",UTC,2018-11-30 13:25:00+00:00,1543584300,1543584300.0,1543587900.0,1376.0,Prince Saud bin Jalawi Stadium,Khobar,Match Finished,FT,90.0,,307,Pro League,Saudi-Arabia,2018,Regular Season - 11,True,2933,Al-Qadisiyah FC,,2930,Al-Faisaly FC,,1.0,1.0,0.0,0.0,1.0,1.0
336108,,UTC,2018-02-25 15:20:00+00:00,1519572000,1519572000.0,1519575600.0,1376.0,Prince Saud bin Jalawi Stadium,Khobar,Match Finished,FT,90.0,,504,King's Cup,Saudi-Arabia,2018,Quarter-finals,False,2933,Al-Qadisiyah FC,False,2930,Al-Faisaly FC,True,2.0,3.0,1.0,0.0,2.0,3.0
657859,R. Jayed,UTC,2021-04-29 18:35:00+00:00,1619721300,1619721300.0,1619724900.0,1376.0,Prince Saud bin Jalawi Stadium,Khobar,Match Finished,FT,90.0,,307,Pro League,Saudi-Arabia,2020,Regular Season - 28,True,2933,Al-Qadisiyah FC,False,2930,Al-Faisaly FC,True,1.0,2.0,0.0,1.0,1.0,2.0
932145,,UTC,2022-12-26 14:30:00+00:00,1672065000,1672065000.0,1672068600.0,1376.0,Prince Saud bin Jalawi Stadium,Khobar,Match Finished,FT,90.0,,308,Division 1,Saudi-Arabia,2022,Regular Season - 14,True,2933,Al-Qadisiyah FC,,2930,Al-Faisaly FC,,0.0,0.0,0.0,0.0,0.0,0.0
1151299,,UTC,2024-02-27 15:15:00+00:00,1709046900,1709046900.0,1709050500.0,1376.0,Prince Saud bin Jalawi Stadium,Khobar,Match Finished,FT,90.0,,308,Division 1,Saudi-Arabia,2023,Regular Season - 23,True,2933,Al-Qadisiyah FC,True,2930,Al-Faisaly FC,False,2.0,1.0,1.0,0.0,2.0,1.0
1603006,"Majed Mohammed Al-Shamrani, Saudi Arabia",UTC,2026-08-30 18:00:00+00:00,1788112800,1788112800.0,1788116400.0,1376.0,Prince Saud bin Jalawi Stadium,Dammam,Match Finished,FT,90.0,6.0,307,Pro League,Saudi-Arabia,2026,Regular Season - 4,True,2933,Al-Qadisiyah FC,True,2930,Al-Faisaly FC,False,3.0,1.0,2.0,1.0,3.0,1.0
110155,,UTC,2017-04-13 16:00:00+00:00,1492099200,1492099200.0,1492102800.0,,Prince Salman Bin Abdulaziz Sport City Stadium,Al Majma'ah,Match Finished,FT,90.0,,307,Pro League,Saudi-Arabia,2016,Regular Season - 23,True,2930,Al-Faisaly FC,,2934,Al-Ettifaq,,3.0,3.0,2.0,1.0,3.0,3.0
110463,Khaled Al Teris,UTC,2017-09-30 15:30:00+00:00,1506785400,1506785400.0,1506789000.0,,Prince Salman Bin Abdulaziz Sport City Stadium,Al Majma'ah,Match Finished,FT,90.0,,307,Pro League,Saudi-Arabia,2017,Regular Season - 5,True,2930,Al-Faisaly FC,True,2934,Al-Ettifaq,False,3.0,0.0,1.0,0.0,3.0,0.0
151753,"Svein Oddvar Moen, Norway",UTC,2018-11-01 14:00:00+00:00,1541080800,1541080800.0,1541084400.0,,Prince Salman Bin Abdulaziz Sport City Stadium,Al Majma'ah,Match Finished,FT,90.0,,307,Pro League,Saudi-Arabia,2018,Regular Season - 8,True,2930,Al-Faisaly FC,True,2934,Al-Ettifaq,False,5.0,1.0,1.0,0.0,5.0,1.0
312884,B. Gassama,UTC,2020-02-21 14:30:00+00:00,1582295400,1582295400.0,1582299000.0,1367.0,Al Majma'ah Sports City Stadium,Al Majma'ah,Match Finished,FT,90.0,,307,Pro League,Saudi-Arabia,2019,Regular Season - 19,True,2930,Al-Faisaly FC,False,2934,Al-Ettifaq,True,1.0,2.0,0.0,0.0,1.0,2.0
635931,Turki Al Khudair,UTC,2020-12-22 13:50:00+00:00,1608645000,1608645000.0,1608648600.0,1367.0,Al Majma'ah Sports City Stadium,Al Majma'ah,Match Finished,FT,90.0,,307,Pro League,Saudi-Arabia,2020,Regular Season - 9,True,2930,Al-Faisaly FC,False,2934,Al-Ettifaq,True,0.0,3.0,0.0,1.0,0.0,3.0
852008,A. Sidiropoulos,UTC,2022-05-28 16:20:00+00:00,1653754800,1653754800.0,1653758400.0,1367.0,Al Majma'ah Sports City Stadium,Al Majma'ah,Match Finished,FT,90.0,,307,Pro League,Saudi-Arabia,2021,Regular Season - 28,True,2930,Al-Faisaly FC,,2934,Al-Ettifaq,,1.0,1.0,1.0,0.0,1.0,1.0
1603173,,UTC,2027-03-18 18:00:00+00:00,1805392800,,,,,,Not Started,NS,,,307,Pro League,Saudi-Arabia,2026,Regular Season - 23,True,2930,Al-Faisaly FC,,2934,Al-Ettifaq,,,,,,,
110246,,UTC,2016-11-24 13:30:00+00:00,1479994200,1479994200.0,1479997800.0,1370.0,Prince Mohamed Bin Fahd Stadium,Dammam,Match Finished,FT,90.0,,307,Pro League,Saudi-Arabia,2016,Regular Season - 10,True,2934,Al-Ettifaq,True,2930,Al-Faisaly FC,False,3.0,1.0,0.0,1.0,3.0,1.0
110339,,UTC,2018-03-06 14:25:00+00:00,1520346300,1520346300.0,1520349900.0,,Prince Mohamed bin Fahd Stadium (Ad Dammām (Dammam)),,Match Finished,FT,90.0,,307,Pro League,Saudi-Arabia,2017,Regular Season - 18,True,2934,Al-Ettifaq,,2930,Al-Faisaly FC,,0.0,0.0,0.0,0.0,0.0,0.0
151850,"Bartosz Frankowski, Poland",UTC,2019-02-13 14:10:00+00:00,1550067000,1550067000.0,1550070600.0,1376.0,Prince Saud bin Jalawi Stadium,Khobar,Match Finished,FT,90.0,,307,Pro League,Saudi-Arabia,2018,Regular Season - 20,True,2934,Al-Ettifaq,False,2930,Al-Faisaly FC,True,3.0,4.0,2.0,1.0,3.0,4.0
234806,B. Gassama,UTC,2019-09-21 15:15:00+00:00,1569078900,1569078900.0,1569082500.0,1370.0,Prince Mohamed bin Fahd Stadium,Dammam,Match Finished,FT,90.0,,307,Pro League,Saudi-Arabia,2019,Regular Season - 4,True,2934,Al-Ettifaq,False,2930,Al-Faisaly FC,True,0.0,1.0,0.0,0.0,0.0,1.0
649530,Mohammed Al Hoaish,UTC,2020-12-17 14:25:00+00:00,1608215100,1608215100.0,1608218700.0,1370.0,Prince Mohamed bin Fahd Stadium,Dammam,Match Finished,PEN,120.0,,504,King's Cup,Saudi-Arabia,2021,Round of 16,False,2934,Al-Ettifaq,False,2930,Al-Faisaly FC,True,0.0,0.0,0.0,0.0,0.0,0.0
657827,Abdullah Al-Shehri,UTC,2021-03-20 14:30:00+00:00,1616250600,1616250600.0,1616254200.0,1370.0,Prince Mohamed bin Fahd Stadium,Dammam,Match Finished,FT,90.0,,307,Pro League,Saudi-Arabia,2020,Regular Season - 24,True,2934,Al-Ettifaq,True,2930,Al-Faisaly FC,False,1.0,0.0,0.0,0.0,1.0,0.0
740067,Khaled Salwi,UTC,2021-11-27 13:25:00+00:00,1638019500,1638019500.0,1638023100.0,1376.0,Prince Saud bin Jalawi Stadium,Khobar,Match Finished,FT,90.0,,307,Pro League,Saudi-Arabia,2021,Regular Season - 13,True,2934,Al-Ettifaq,True,2930,Al-Faisaly FC,False,1.0,0.0,0.0,0.0,1.0,0.0
1603019,"Abdullah Al-Harbi, Saudi Arabia",UTC,2026-09-08 15:30:00+00:00,1788881400,,,,Al-Ettifaq Club Stadium,Dammam,Match Finished,FT,90.0,,307,Pro League,Saudi-Arabia,2026,Regular Season - 6,True,2934,Al-Ettifaq,,2930,Al-Faisaly FC,,0.0,0.0,0.0,0.0,0.0,0.0
110161,,UTC,2017-04-06 16:00:00+00:00,1491494400,1491494400.0,1491498000.0,,Prince Salman Bin Abdulaziz Sport City Stadium,Al Majma'ah,Match Finished,FT,90.0,,307,Pro League,Saudi-Arabia,2016,Regular Season - 22,True,2930,Al-Faisaly FC,True,2936,Al Taawon,False,1.0,0.0,0.0,0.0,1.0,0.0
110370,,UTC,2018-02-03 11:40:00+00:00,1517658000,1517658000.0,1517661600.0,,King Salman bin Abdulaziz Sport City Stadium (Al Majma'ah),,Match Finished,FT,90.0,,307,Pro League,Saudi-Arabia,2017,Regular Season - 20,True,2930,Al-Faisaly FC,False,2936,Al Taawon,True,0.0,1.0,0.0,0.0,0.0,1.0
151738,"Simon Lee Evans, Wales",UTC,2018-10-19 15:10:00+00:00,1539961800,1539961800.0,1539965400.0,,Prince Salman Bin Abdulaziz Sport City Stadium,Al Majma'ah,Match Finished,FT,90.0,,307,Pro League,Saudi-Arabia,2018,Regular Season - 6,True,2930,Al-Faisaly FC,False,2936,Al Taawon,True,1.0,4.0,1.0,2.0,1.0,4.0
312911,Faisal Alblwi,UTC,2020-08-04 17:45:00+00:00,1596563100,1596563100.0,1596566700.0,1367.0,Al Majma'ah Sports City Stadium,Al Majma'ah,Match Finished,FT,90.0,,307,Pro League,Saudi-Arabia,2019,Regular Season - 23,True,2930,Al-Faisaly FC,True,2936,Al Taawon,False,2.0,1.0,1.0,0.0,2.0,1.0
657763,Abdullah Al-Shehri,UTC,2021-01-30 11:40:00+00:00,1612006800,1612006800.0,1612010400.0,1367.0,Al Majma'ah Sports City Stadium,Al Majma'ah,Match Finished,FT,90.0,,307,Pro League,Saudi-Arabia,2020,Regular Season - 16,True,2930,Al-Faisaly FC,,2936,Al Taawon,,0.0,0.0,0.0,0.0,0.0,0.0
740031,Mohammed Al Esmaiel,UTC,2021-10-22 15:05:00+00:00,1634915100,1634915100.0,1634918700.0,1367.0,Al Majma'ah Sports City Stadium,Al Majma'ah,Match Finished,FT,90.0,,307,Pro League,Saudi-Arabia,2021,Regular Season - 9,True,2930,Al-Faisaly FC,,2936,Al Taawon,,2.0,2.0,1.0,1.0,2.0,2.0
1395302,A. Ali Bakri,UTC,2025-09-21 18:00:00+00:00,1758477600,1758477600.0,1758481200.0,,King Salman Sport City Stadium,Harmah,Match Finished,FT,90.0,,504,King's Cup,Saudi-Arabia,2026,Round of 32,False,2930,Al-Faisaly FC,False,2936,Al Taawon,True,0.0,4.0,0.0,2.0,0.0,4.0
1603263,,UTC,2027-05-24 18:00:00+00:00,1811181600,,,,,,Not Started,NS,,,307,Pro League,Saudi-Arabia,2026,Regular Season - 33,True,2930,Al-Faisaly FC,,2936,Al Taawon,,,,,,,
110252,,UTC,2016-11-18 15:45:00+00:00,1479483900,1479483900.0,1479487500.0,10517.0,King Abdullah Sport City Stadium,Buraidah,Match Finished,FT,90.0,,307,Pro League,Saudi-Arabia,2016,Regular Season - 9,True,2936,Al Taawon,,2930,Al-Faisaly FC,,0.0,0.0,0.0,0.0,0.0,0.0
110450,Abdullah Al Nuhait,UTC,2017-10-20 16:55:00+00:00,1508518500,1508518500.0,1508522100.0,10517.0,King Abdullah Sport City Stadium,Buraidah,Match Finished,FT,90.0,,307,Pro League,Saudi-Arabia,2017,Regular Season - 7,True,2936,Al Taawon,True,2930,Al-Faisaly FC,False,1.0,0.0,0.0,0.0,1.0,0.0
151933,"Anastasios Sidiropoulos, Greece",UTC,2019-05-16 19:30:00+00:00,1558035000,1558035000.0,1558038600.0,10517.0,King Abdullah Sport City Stadium,Buraidah,Match Finished,FT,90.0,,307,Pro League,Saudi-Arabia,2018,Regular Season - 30,True,2936,Al Taawon,True,2930,Al-Faisaly FC,False,2.0,1.0,2.0,1.0,2.0,1.0
234838,I. Kružliak,UTC,2019-10-26 15:05:00+00:00,1572102300,1572102300.0,1572105900.0,10517.0,King Abdullah Sport City Stadium,Buraidah,Match Finished,FT,90.0,,307,Pro League,Saudi-Arabia,2019,Regular Season - 8,True,2936,Al Taawon,True,2930,Al-Faisaly FC,False,2.0,1.0,1.0,0.0,2.0,1.0
635868,Faisal Alblwi,UTC,2020-10-17 15:10:00+00:00,1602947400,1602947400.0,1602951000.0,10517.0,King Abdullah bin Abdulaziz City,Buraidah,Match Finished,FT,90.0,,307,Pro League,Saudi-Arabia,2020,Regular Season - 1,True,2936,Al Taawon,,2930,Al-Faisaly FC,,1.0,1.0,1.0,0.0,1.0,1.0
698800,S. Marciniak,UTC,2021-05-27 18:00:00+00:00,1622138400,1622138400.0,1622142000.0,1361.0,King Fahd International Stadium,Riyadh,Match Finished,FT,90.0,,504,King's Cup,Saudi-Arabia,2021,Final,False,2936,Al Taawon,False,2930,Al-Faisaly FC,True,2.0,3.0,2.0,1.0,2.0,3.0
825019,M. Conger,UTC,2022-03-10 14:50:00+00:00,1646923800,1646923800.0,1646927400.0,10517.0,King Abdullah Sport City Stadium,Buraidah,Match Finished,FT,90.0,,307,Pro League,Saudi-Arabia,2021,Regular Season - 24,True,2936,Al Taawon,,2930,Al-Faisaly FC,,2.0,2.0,1.0,0.0,2.0,2.0
1603115,,UTC,2026-12-03 17:00:00+00:00,1796317200,,,,Al Taawon Arena,Buraidah,Not Started,NS,,,307,Pro League,Saudi-Arabia,2026,Regular Season - 16,True,2936,Al Taawon,,2930,Al-Faisaly FC,,,,,,,
110226,,UTC,2016-12-10 15:45:00+00:00,1481384700,1481384700.0,1481388300.0,,Prince Salman Bin Abdulaziz Sport City Stadium,Al Majma'ah,Match Finished,FT,90.0,,307,Pro League,Saudi-Arabia,2016,Regular Season - 12,True,2930,Al-Faisaly FC,False,2938,Al-Ittihad FC,True,2.0,4.0,1.0,2.0,2.0,4.0
110478,,UTC,2017-09-15 17:25:00+00:00,1505496300,1505496300.0,1505499900.0,,Prince Salman Bin Abdulaziz Sport City Stadium,Al Majma'ah,Match Finished,FT,90.0,,307,Pro League,Saudi-Arabia,2017,Regular Season - 3,True,2930,Al-Faisaly FC,True,2938,Al-Ittihad FC,False,2.0,1.0,0.0,1.0,2.0,1.0
151892,"Pavel Kralovec, Czech Republic",UTC,2019-03-29 14:55:00+00:00,1553871300,1553871300.0,1553874900.0,,Prince Salman Bin Abdulaziz Sport City Stadium,Al Majma'ah,Match Finished,FT,90.0,,307,Pro League,Saudi-Arabia,2018,Regular Season - 25,True,2930,Al-Faisaly FC,True,2938,Al-Ittihad FC,False,3.0,2.0,1.0,2.0,3.0,2.0
312937,A. Kulbakov,UTC,2020-08-19 16:05:00+00:00,1597853100,1597853100.0,1597856700.0,1367.0,Al Majma'ah Sports City Stadium,Al Majma'ah,Match Finished,FT,90.0,,307,Pro League,Saudi-Arabia,2019,Regular Season - 26,True,2930,Al-Faisaly FC,,2938,Al-Ittihad FC,,1.0,1.0,1.0,0.0,1.0,1.0
336111,,UTC,2018-05-12 18:00:00+00:00,1526148000,1526148000.0,1526151600.0,1364.0,King Abdullah Sports City,Jeddah,Match Finished,AET,120.0,,504,King's Cup,Saudi-Arabia,2018,Final,False,2930,Al-Faisaly FC,False,2938,Al-Ittihad FC,True,1.0,3.0,0.0,1.0,1.0,1.0
635906,Faisal Alblwi,UTC,2020-11-23 13:45:00+00:00,1606139100,1606139100.0,1606142700.0,1367.0,Al Majma'ah Sports City Stadium,Al Majma'ah,Match Finished,FT,90.0,,307,Pro League,Saudi-Arabia,2020,Regular Season - 5,True,2930,Al-Faisaly FC,,2938,Al-Ittihad FC,,1.0,1.0,0.0,1.0,1.0,1.0
739986,Faisal Alblwi,UTC,2021-08-27 16:00:00+00:00,1630080000,1630080000.0,1630083600.0,1367.0,Al Majma'ah Sports City Stadium,Al Majma'ah,Match Finished,FT,90.0,,307,Pro League,Saudi-Arabia,2021,Regular Season - 3,True,2930,Al-Faisaly FC,False,2938,Al-Ittihad FC,True,1.0,2.0,1.0,2.0,1.0,2.0
1141347,M. Conger,UTC,2024-02-04 15:15:00+00:00,1707059700,1707059700.0,1707063300.0,1374.0,Prince Faisal bin Fahd Stadium,Riyadh,Match Finished,FT,90.0,,504,King's Cup,Saudi-Arabia,2024,Quarter-finals,False,2930,Al-Faisaly FC,False,2938,Al-Ittihad FC,True,0.0,4.0,0.0,1.0,0.0,4.0
1603028,,UTC,2026-09-11 15:45:00+00:00,1789141500,,,,Al Majma’a Sport City,Madimaa,Match Finished,FT,90.0,,307,Pro League,Saudi-Arabia,2026,Regular Season - 7,True,2930,Al-Faisaly FC,False,2938,Al-Ittihad FC,True,1.0,3.0,0.0,2.0,1.0,3.0
110139,,UTC,2017-04-29 17:50:00+00:00,1493488200,1493488200.0,1493491800.0,1364.0,King Abdullah Sports City,Jeddah,Match Finished,FT,90.0,,307,Pro League,Saudi-Arabia,2016,Regular Season - 25,True,2938,Al-Ittihad FC,,2930,Al-Faisaly FC,,2.0,2.0,1.0,1.0,2.0,2.0
110389,Fahad Al Mirdasi,UTC,2017-12-28 16:20:00+00:00,1514478000,1514478000.0,1514481600.0,,King Abdullah Sports City (Jeddah),,Match Finished,FT,90.0,,307,Pro League,Saudi-Arabia,2017,Regular Season - 16,True,2938,Al-Ittihad FC,,2930,Al-Faisaly FC,,3.0,3.0,2.0,1.0,3.0,3.0
151786,"Ovidiu Hategan, Romania",UTC,2018-12-06 15:40:00+00:00,1544110800,1544110800.0,1544114400.0,1364.0,King Abdullah Sports City,Jeddah,Match Finished,FT,90.0,,307,Pro League,Saudi-Arabia,2018,Regular Season - 12,True,2938,Al-Ittihad FC,False,2930,Al-Faisaly FC,True,1.0,2.0,0.0,1.0,1.0,2.0
234864,P. van Boekel,UTC,2019-12-14 15:45:00+00:00,1576338300,1576338300.0,1576341900.0,1364.0,King Abdullah Sports City,Jeddah,Match Finished,FT,90.0,,307,Pro League,Saudi-Arabia,2019,Regular Season - 11,True,2938,Al-Ittihad FC,False,2930,Al-Faisaly FC,True,1.0,2.0,0.0,1.0,1.0,2.0
657801,Khaled Al Teris,UTC,2021-02-23 15:00:00+00:00,1614092400,1614092400.0,1614096000.0,10518.0,King Abdulaziz Sports City Stadium,Mecca,Match Finished,FT,90.0,,307,Pro League,Saudi-Arabia,2020,Regular Season - 20,True,2938,Al-Ittihad FC,False,2930,Al-Faisaly FC,True,1.0,3.0,1.0,0.0,1.0,3.0
813347,Rodolpho Toski Marques,UTC,2022-01-21 16:10:00+00:00,1642781400,1642781400.0,1642785000.0,1364.0,King Abdullah Sports City,Jeddah,Match Finished,FT,90.0,,307,Pro League,Saudi-Arabia,2021,Regular Season - 18,True,2938,Al-Ittihad FC,True,2930,Al-Faisaly FC,False,1.0,0.0,0.0,0.0,1.0,0.0
1603185,,UTC,2027-04-02 18:00:00+00:00,1806688800,,,1364.0,King Abdullah Sports City,Jeddah,Not Started,NS,,,307,Pro League,Saudi-Arabia,2026,Regular Season - 24,True,2938,Al-Ittihad FC,,2930,Al-Faisaly FC,,,,,,,
110263,,UTC,2016-10-29 16:50:00+00:00,1477759800,1477759800.0,1477763400.0,,Prince Salman Bin Abdulaziz Sport City Stadium,Al Majma'ah,Match Finished,FT,90.0,,307,Pro League,Saudi-Arabia,2016,Regular Season - 7,True,2930,Al-Faisaly FC,False,2939,Al-Nassr,True,1.0,2.0,1.0,2.0,1.0,2.0
110489,,UTC,2017-08-12 17:55:00+00:00,1502560500,1502560500.0,1502564100.0,,Prince Salman Bin Abdulaziz Sport City Stadium,Al Majma'ah,Match Finished,FT,90.0,,307,Pro League,Saudi-Arabia,2017,Regular Season - 1,True,2930,Al-Faisaly FC,False,2939,Al-Nassr,True,1.0,3.0,0.0,3.0,1.0,3.0
151815,"Szymon Marciniak, Poland",UTC,2019-01-10 14:05:00+00:00,1547129100,1547129100.0,1547132700.0,,Prince Salman Bin Abdulaziz Sport City Stadium,Al Majma'ah,Match Finished,FT,90.0,,307,Pro League,Saudi-Arabia,2018,Regular Season - 16,True,2930,Al-Faisaly FC,,2939,Al-Nassr,,2.0,2.0,0.0,1.0,2.0,2.0
312901,D. Makkelie,UTC,2020-03-07 14:40:00+00:00,1583592000,1583592000.0,1583595600.0,1367.0,Al Majma'ah Sports City Stadium,Al Majma'ah,Match Finished,FT,90.0,,307,Pro League,Saudi-Arabia,2019,Regular Season - 21,True,2930,Al-Faisaly FC,True,2939,Al-Nassr,False,3.0,2.0,2.0,2.0,3.0,2.0
635947,Faisal Alblwi,UTC,2020-12-31 13:55:00+00:00,1609422900,1609422900.0,1609426500.0,1367.0,Al Majma'ah Sports City Stadium,Al Majma'ah,Match Finished,FT,90.0,,307,Pro League,Saudi-Arabia,2020,Regular Season - 11,True,2930,Al-Faisaly FC,False,2939,Al-Nassr,True,2.0,3.0,0.0,2.0,2.0,3.0
739975,Majed Al Shamrani,UTC,2021-08-19 17:50:00+00:00,1629395400,1629395400.0,1629399000.0,1367.0,Al Majma'ah Sports City Stadium,Al Majma'ah,Match Finished,FT,90.0,,307,Pro League,Saudi-Arabia,2021,Regular Season - 2,True,2930,Al-Faisaly FC,True,2939,Al-Nassr,False,2.0,1.0,1.0,1.0,2.0,1.0
1603063,,UTC,2026-10-23 13:30:00+00:00,1792762200,,,,,,Not Started,NS,,,307,Pro League,Saudi-Arabia,2026,Regular Season - 11,True,2930,Al-Faisaly FC,,2939,Al-Nassr,,,,,,,
110174,,UTC,2017-03-03 16:30:00+00:00,1488558600,1488558600.0,1488562200.0,,King Fahd Stadium,Riyadh,Match Finished,FT,90.0,,307,Pro League,Saudi-Arabia,2016,Regular Season - 20,True,2939,Al-Nassr,,2930,Al-Faisaly FC,,0.0,0.0,0.0,0.0,0.0,0.0
110405,M. Clattenburg,UTC,2017-12-14 15:40:00+00:00,1513266000,1513266000.0,1513269600.0,,King Fahd International Stadium (Ar-Riyāḍ (Riyadh)),,Match Finished,FT,90.0,,307,Pro League,Saudi-Arabia,2017,Regular Season - 14,True,2939,Al-Nassr,,2930,Al-Faisaly FC,,1.0,1.0,0.0,1.0,1.0,1.0
151706,V. Kassai,UTC,2018-09-14 15:40:00+00:00,1536939600,1536939600.0,1536943200.0,1374.0,Prince Faisal bin Fahd Stadium,Riyadh,Match Finished,FT,90.0,,307,Pro League,Saudi-Arabia,2018,Regular Season - 2,True,2939,Al-Nassr,True,2930,Al-Faisaly FC,False,2.0,1.0,1.0,1.0,2.0,1.0
234824,Antonio Mateu,UTC,2019-11-06 15:55:00+00:00,1573055700,1573055700.0,1573059300.0,1374.0,Prince Faisal bin Fahd Stadium,Riyadh,Match Finished,FT,90.0,,307,Pro League,Saudi-Arabia,2019,Regular Season - 6,True,2939,Al-Nassr,True,2930,Al-Faisaly FC,False,2.0,0.0,2.0,0.0,2.0,0.0
657846,Ahmad Al Rumaikhani,UTC,2021-05-05 18:40:00+00:00,1620240000,1620240000.0,1620243600.0,1369.0,Mrsool Park,Riyadh,Match Finished,FT,90.0,,307,Pro League,Saudi-Arabia,2020,Regular Season - 26,True,2939,Al-Nassr,True,2930,Al-Faisaly FC,False,4.0,3.0,3.0,2.0,4.0,3.0
686934,Mohammed Al Hoaish,UTC,2021-04-04 18:00:00+00:00,1617559200,1617559200.0,1617562800.0,1369.0,Mrsool Park,Riyadh,Match Finished,FT,90.0,,504,King's Cup,Saudi-Arabia,2021,Semi-finals,False,2939,Al-Nassr,False,2930,Al-Faisaly FC,True,0.0,1.0,0.0,0.0,0.0,1.0
813339,S. Schärer,UTC,2022-01-15 14:05:00+00:00,1642255500,1642255500.0,1642259100.0,12277.0,Mrsool Park,Riyadh,Match Finished,FT,90.0,,307,Pro League,Saudi-Arabia,2021,Regular Season - 17,True,2939,Al-Nassr,True,2930,Al-Faisaly FC,False,4.0,0.0,1.0,0.0,4.0,0.0
1603221,,UTC,2027-04-22 18:00:00+00:00,1808416800,,,,King Saud University Stadium,Riyadh,Not Started,NS,,,307,Pro League,Saudi-Arabia,2026,Regular Season - 28,True,2939,Al-Nassr,,2930,Al-Faisaly FC,,,,,,,
110260,,UTC,2016-11-03 13:55:00+00:00,1478181300,1478181300.0,1478184900.0,,Prince Salman Bin Abdulaziz Sport City Stadium,Al Majma'ah,Match Finished,FT,90.0,,307,Pro League,Saudi-Arabia,2016,Regular Season - 8,True,2930,Al-Faisaly FC,False,2940,Al Shabab,True,0.0,1.0,0.0,0.0,0.0,1.0
110318,,UTC,2018-04-12 16:00:00+00:00,1523548800,1523548800.0,1523552400.0,,King Salman bin Abdulaziz Sport City Stadium (Al Majma'ah),,Match Finished,FT,90.0,,307,Pro League,Saudi-Arabia,2017,Regular Season - 26,True,2930,Al-Faisaly FC,,2940,Al Shabab,,2.0,2.0,0.0,1.0,2.0,2.0
151760,"Milorad Mazic, Serbia",UTC,2018-11-08 13:50:00+00:00,1541685000,1541685000.0,1541688600.0,,Prince Salman Bin Abdulaziz Sport City Stadium,Al Majma'ah,Match Finished,FT,90.0,,307,Pro League,Saudi-Arabia,2018,Regular Season - 9,True,2930,Al-Faisaly FC,,2940,Al Shabab,,0.0,0.0,0.0,0.0,0.0,0.0
312872,D. Higler,UTC,2020-02-07 16:20:00+00:00,1581092400,1581092400.0,1581096000.0,1367.0,Al Majma'ah Sports City Stadium,Al Majma'ah,Match Finished,FT,90.0,,307,Pro League,Saudi-Arabia,2019,Regular Season - 17,True,2930,Al-Faisaly FC,True,2940,Al Shabab,False,2.0,1.0,0.0,1.0,2.0,1.0
657867,J. Ndala,UTC,2021-05-23 18:00:00+00:00,1621792800,1621792800.0,1621796400.0,1367.0,Al Majma'ah Sports City Stadium,Al Majma'ah,Match Finished,FT,90.0,,307,Pro League,Saudi-Arabia,2020,Regular Season - 29,True,2930,Al-Faisaly FC,False,2940,Al Shabab,True,1.0,5.0,1.0,1.0,1.0,5.0
740055,Mohammed Al Hoaish,UTC,2021-11-20 13:45:00+00:00,1637415900,1637415900.0,1637419500.0,1367.0,Al Majma'ah Sports City Stadium,Al Majma'ah,Match Finished,FT,90.0,,307,Pro League,Saudi-Arabia,2021,Regular Season - 12,True,2930,Al-Faisaly FC,,2940,Al Shabab,,0.0,0.0,0.0,0.0,0.0,0.0
1603207,,UTC,2027-04-18 18:00:00+00:00,1808071200,,,,,,Not Started,NS,,,307,Pro League,Saudi-Arabia,2026,Regular Season - 27,True,2930,Al-Faisaly FC,,2940,Al Shabab,,,,,,,
110165,,UTC,2017-03-11 16:35:00+00:00,1489250100,1489250100.0,1489253700.0,1374.0,Prince Faisal bin Fahd Stadium,Riyadh,Match Finished,FT,90.0,,307,Pro League,Saudi-Arabia,2016,Regular Season - 21,True,2940,Al Shabab,False,2930,Al-Faisaly FC,True,1.0,2.0,0.0,1.0,1.0,2.0
110413,I. McNabb,UTC,2017-12-08 13:45:00+00:00,1512740700,1512740700.0,1512744300.0,1374.0,Prince Faisal bin Fahd Stadium,Riyadh,Match Finished,FT,90.0,,307,Pro League,Saudi-Arabia,2017,Regular Season - 13,True,2940,Al Shabab,False,2930,Al-Faisaly FC,True,0.0,1.0,0.0,1.0,0.0,1.0
151871,"Pol van Boekel, Netherlands",UTC,2019-03-07 14:40:00+00:00,1551969600,1551969600.0,1551973200.0,1374.0,Prince Faisal bin Fahd Stadium,Riyadh,Match Finished,FT,90.0,,307,Pro League,Saudi-Arabia,2018,Regular Season - 23,True,2940,Al Shabab,True,2930,Al-Faisaly FC,False,2.0,1.0,1.0,0.0,2.0,1.0
234787,V. Kassai,UTC,2019-08-30 15:55:00+00:00,1567180500,1567180500.0,1567184100.0,1361.0,King Fahd International Stadium,Riyadh,Match Finished,FT,90.0,,307,Pro League,Saudi-Arabia,2019,Regular Season - 2,True,2940,Al Shabab,,2930,Al-Faisaly FC,,0.0,0.0,0.0,0.0,0.0,0.0
635975,Ahmad Al Rumaikhani,UTC,2021-01-19 14:10:00+00:00,1611065400,1611065400.0,1611069000.0,,Al-Shabab Club Stadium,Riyadh,Match Finished,FT,90.0,,307,Pro League,Saudi-Arabia,2020,Regular Season - 14,True,2940,Al Shabab,,2930,Al-Faisaly FC,,1.0,1.0,1.0,1.0,1.0,1.0
851997,Majed Alshamrani,UTC,2022-05-12 17:50:00+00:00,1652377800,1652377800.0,1652381400.0,1374.0,Prince Faisal bin Fahd Stadium,Riyadh,Match Finished,FT,90.0,,307,Pro League,Saudi-Arabia,2021,Regular Season - 27,True,2940,Al Shabab,True,2930,Al-Faisaly FC,False,1.0,0.0,0.0,0.0,1.0,0.0
1603060,,UTC,2026-10-19 18:00:00+00:00,1792432800,,,,Al-Shabab Club Stadium,Riyadh,Not Started,NS,,,307,Pro League,Saudi-Arabia,2026,Regular Season - 10,True,2940,Al Shabab,,2930,Al-Faisaly FC,,,,,,,
110457,Sultan Al-Harbi,UTC,2017-10-14 17:00:00+00:00,1508000400,1508000400.0,1508004000.0,,Prince Salman Bin Abdulaziz Sport City Stadium,Al Majma'ah,Match Finished,FT,90.0,,307,Pro League,Saudi-Arabia,2017,Regular Season - 6,True,2930,Al-Faisaly FC,True,2944,Al-Fayha,False,2.0,1.0,1.0,0.0,2.0,1.0
151808,"Milorad Mazic, Serbia",UTC,2018-12-27 13:55:00+00:00,1545918900,1545918900.0,1545922500.0,,Prince Salman Bin Abdulaziz Sport City Stadium,Al Majma'ah,Match Finished,FT,90.0,,307,Pro League,Saudi-Arabia,2018,Regular Season - 15,True,2930,Al-Faisaly FC,True,2944,Al-Fayha,False,1.0,0.0,0.0,0.0,1.0,0.0
234783,M. Conger,UTC,2019-08-24 16:05:00+00:00,1566662700,1566662700.0,1566666300.0,1367.0,Al Majma'ah Sports City Stadium,Al Majma'ah,Match Finished,FT,90.0,,307,Pro League,Saudi-Arabia,2019,Regular Season - 1,True,2930,Al-Faisaly FC,,2944,Al-Fayha,,0.0,0.0,0.0,0.0,0.0,0.0
739996,Khaled Al Teris,UTC,2021-09-16 17:30:00+00:00,1631813400,1631813400.0,1631817000.0,1367.0,Al Majma'ah Sports City Stadium,Al Majma'ah,Match Finished,FT,90.0,,307,Pro League,Saudi-Arabia,2021,Regular Season - 5,True,2930,Al-Faisaly FC,True,2944,Al-Fayha,False,2.0,1.0,1.0,0.0,2.0,1.0
1603226,,UTC,2027-04-29 18:00:00+00:00,1809021600,,,,,,Not Started,NS,,,307,Pro League,Saudi-Arabia,2026,Regular Season - 29,True,2930,Al-Faisaly FC,,2944,Al-Fayha,,,,,,,
110375,,UTC,2018-01-29 16:10:00+00:00,1517242200,1517242200.0,1517245800.0,,King Salman bin Abdulaziz Sport City Stadium (Al Majma'ah),,Match Finished,FT,90.0,,307,Pro League,Saudi-Arabia,2017,Regular Season - 19,True,2944,Al-Fayha,,2930,Al-Faisaly FC,,2.0,2.0,1.0,0.0,2.0,2.0
151917,"Viktor Kassai, Hungary",UTC,2019-04-20 17:30:00+00:00,1555781400,1555781400.0,1555785000.0,,Prince Salman Bin Abdulaziz Sport City Stadium,Al Majma'ah,Match Finished,FT,90.0,,307,Pro League,Saudi-Arabia,2018,Regular Season - 28,True,2944,Al-Fayha,False,2930,Al-Faisaly FC,True,3.0,4.0,2.0,3.0,3.0,4.0
312864,N. Waldron,UTC,2020-02-01 16:15:00+00:00,1580573700,1580573700.0,1580577300.0,1367.0,Al Majma'ah Sports City Stadium,Al Majma'ah,Match Finished,FT,90.0,,307,Pro League,Saudi-Arabia,2019,Regular Season - 16,True,2944,Al-Fayha,True,2930,Al-Faisaly FC,False,2.0,1.0,1.0,1.0,2.0,1.0
824987,Mohammed Al Hoaish,UTC,2022-02-10 16:20:00+00:00,1644510000,1644510000.0,1644513600.0,1367.0,Al Majma'ah Sports City Stadium,Al Majma'ah,Match Finished,FT,90.0,,307,Pro League,Saudi-Arabia,2021,Regular Season - 20,True,2944,Al-Fayha,,2930,Al-Faisaly FC,,0.0,0.0,0.0,0.0,0.0,0.0
1603073,,UTC,2026-10-31 14:55:00+00:00,1793458500,,,,King Abdullah Sports City Stadium,Buraidah,Not Started,NS,,,307,Pro League,Saudi-Arabia,2026,Regular Season - 12,True,2944,Al-Fayha,,2930,Al-Faisaly FC,,,,,,,
151834,"Pawel Gil, Poland",UTC,2019-02-03 11:40:00+00:00,1549194000,1549194000.0,1549197600.0,,Prince Salman Bin Abdulaziz Sport City Stadium,Al Majma'ah,Match Finished,FT,90.0,,307,Pro League,Saudi-Arabia,2018,Regular Season - 18,True,2930,Al-Faisaly FC,False,2945,Al-Hazm,True,1.0,2.0,0.0,0.0,1.0,2.0
234832,Fábio Veríssimo,UTC,2019-10-20 17:00:00+00:00,1571590800,1571590800.0,1571594400.0,1367.0,Al Majma'ah Sports City Stadium,Al Majma'ah,Match Finished,FT,90.0,,307,Pro League,Saudi-Arabia,2019,Regular Season - 7,True,2930,Al-Faisaly FC,True,2945,Al-Hazm,False,1.0,0.0,0.0,0.0,1.0,0.0
825015,Mohammed Al Hoaish,UTC,2022-03-05 14:40:00+00:00,1646491200,1646491200.0,1646494800.0,1367.0,Al Majma'ah Sports City Stadium,Al Majma'ah,Match Finished,FT,90.0,,307,Pro League,Saudi-Arabia,2021,Regular Season - 23,True,2930,Al-Faisaly FC,True,2945,Al-Hazm,False,1.0,0.0,1.0,0.0,1.0,0.0
932136,,UTC,2022-12-19 14:50:00+00:00,1671461400,1671461400.0,1671465000.0,1367.0,Al Majma'ah Sports City Stadium,Al Majma'ah,Match Finished,FT,90.0,,308,Division 1,Saudi-Arabia,2022,Regular Season - 13,True,2930,Al-Faisaly FC,True,2945,Al-Hazm,False,3.0,2.0,2.0,1.0,3.0,2.0
1330300,,UTC,2025-02-04 15:20:00+00:00,1738682400,1738682400.0,1738686000.0,1367.0,Al Majma'ah Sports City Stadium,Al Majma'ah,Match Finished,FT,90.0,11.0,308,Division 1,Saudi-Arabia,2024,Regular Season - 20,True,2930,Al-Faisaly FC,False,2945,Al-Hazm,True,0.0,1.0,0.0,0.0,0.0,1.0
1603014,"Abdullah Yahya Yahya Zarban, Saudi Arabia",UTC,2026-09-05 15:50:00+00:00,1788623400,1788623400.0,1788627000.0,,Al Majma'ah Sport City,Al Majmaah,Match Finished,FT,90.0,,307,Pro League,Saudi-Arabia,2026,Regular Season - 5,True,2930,Al-Faisaly FC,,2945,Al-Hazm,,0.0,0.0,0.0,0.0,0.0,0.0
151723,D. Skomina,UTC,2018-09-27 15:35:00+00:00,1538062500,1538062500.0,1538066100.0,,Al Hazm Club Stadium,Ar Rass,Match Finished,FT,90.0,,307,Pro League,Saudi-Arabia,2018,Regular Season - 4,True,2945,Al-Hazm,True,2930,Al-Faisaly FC,False,2.0,1.0,0.0,1.0,2.0,1.0
312903,I. Kovacs,UTC,2020-03-13 14:50:00+00:00,1584111000,1584111000.0,1584114600.0,,Ar-Rass Stadium,Rass,Match Finished,FT,90.0,,307,Pro League,Saudi-Arabia,2019,Regular Season - 22,True,2945,Al-Hazm,,2930,Al-Faisaly FC,,2.0,2.0,1.0,1.0,2.0,2.0
740026,Raed Al Zahrani,UTC,2021-10-17 15:15:00+00:00,1634483700,1634483700.0,1634487300.0,,Ar-Rass Stadium,Rass,Match Finished,FT,90.0,,307,Pro League,Saudi-Arabia,2021,Regular Season - 8,True,2945,Al-Hazm,,2930,Al-Faisaly FC,,0.0,0.0,0.0,0.0,0.0,0.0
984744,,UTC,2023-05-01 16:20:00+00:00,1682958000,1682958000.0,1682961600.0,,Ar-Rass Stadium,Rass,Match Finished,FT,90.0,,308,Division 1,Saudi-Arabia,2022,Regular Season - 30,True,2945,Al-Hazm,False,2930,Al-Faisaly FC,True,0.0,1.0,0.0,0.0,0.0,1.0
1253336,,UTC,2024-08-31 16:05:00+00:00,1725120300,1725120300.0,1725123900.0,,Ar-Rass Stadium,Rass,Match Finished,FT,90.0,,308,Division 1,Saudi-Arabia,2024,Regular Season - 3,True,2945,Al-Hazm,True,2930,Al-Faisaly FC,False,1.0,0.0,0.0,0.0,1.0,0.0
1603163,,UTC,2027-03-11 18:00:00+00:00,1804788000,,,,Al-Hazem Club Stadium,Ar Rass,Not Started,NS,,,307,Pro League,Saudi-Arabia,2026,Regular Season - 22,True,2945,Al-Hazm,,2930,Al-Faisaly FC,,,,,,,
312968,,UTC,2020-09-09 17:35:00+00:00,1599672900,1599672900.0,1599676500.0,1367.0,Al Majma'ah Sports City Stadium,Al Majma'ah,Match Finished,FT,90.0,,307,Pro League,Saudi-Arabia,2019,Regular Season - 30,True,2930,Al-Faisaly FC,True,2951,Abha,False,2.0,1.0,1.0,0.0,2.0,1.0
657852,Raed Al Zahrani,UTC,2021-05-14 16:15:00+00:00,1621008900,1621008900.0,1621012500.0,1367.0,Al Majma'ah Sports City Stadium,Al Majma'ah,Match Finished,FT,90.0,,307,Pro League,Saudi-Arabia,2020,Regular Season - 27,True,2930,Al-Faisaly FC,True,2951,Abha,False,2.0,1.0,0.0,0.0,2.0,1.0
740048,Sami Al Jires,UTC,2021-11-04 13:55:00+00:00,1636034100,1636034100.0,1636037700.0,1367.0,Al Majma'ah Sports City Stadium,Al Majma'ah,Match Finished,FT,90.0,,307,Pro League,Saudi-Arabia,2021,Regular Season - 11,True,2930,Al-Faisaly FC,True,2951,Abha,False,1.0,0.0,1.0,0.0,1.0,0.0
1330318,,UTC,2025-02-18 15:30:00+00:00,1739892600,1739892600.0,1739896200.0,1367.0,Al Majma'ah Sports City Stadium,Al Majma'ah,Match Finished,FT,90.0,11.0,308,Division 1,Saudi-Arabia,2024,Regular Season - 22,True,2930,Al-Faisaly FC,,2951,Abha,,2.0,2.0,1.0,0.0,2.0,2.0
1498968,,UTC,2026-01-21 12:35:00+00:00,1768998900,1768998900.0,1769002500.0,,,,Match Finished,FT,90.0,9.0,308,Division 1,Saudi-Arabia,2025,Regular Season - 18,True,2930,Al-Faisaly FC,False,2951,Abha,True,0.0,2.0,0.0,1.0,0.0,2.0
1603190,,UTC,2027-04-08 18:00:00+00:00,1807207200,,,,,,Not Started,NS,,,307,Pro League,Saudi-Arabia,2026,Regular Season - 25,True,2930,Al-Faisaly FC,,2951,Abha,,,,,,,
234892,T. Bognár,UTC,2020-01-25 11:55:00+00:00,1579953300,1579953300.0,1579956900.0,1362.0,Prince Sultan bin Abdul Aziz Stadium,Abha,Match Finished,FT,90.0,,307,Pro League,Saudi-Arabia,2019,Regular Season - 15,True,2951,Abha,False,2930,Al-Faisaly FC,True,0.0,1.0,0.0,0.0,0.0,1.0
635956,Sultan Al-Harbi,UTC,2021-01-07 11:50:00+00:00,1610020200,1610020200.0,1610023800.0,10516.0,Prince Sultan bin Abdulaziz Sports City Stadium,Abha,Match Finished,FT,90.0,,307,Pro League,Saudi-Arabia,2020,Regular Season - 12,True,2951,Abha,True,2930,Al-Faisaly FC,False,1.0,0.0,0.0,0.0,1.0,0.0
851991,Khaled Al Teris,UTC,2022-05-06 16:10:00+00:00,1651853400,1651853400.0,1651857000.0,10516.0,Prince Sultan bin Abdulaziz Sports City Stadium,Abha,Match Finished,FT,90.0,,307,Pro League,Saudi-Arabia,2021,Regular Season - 26,True,2951,Abha,,2930,Al-Faisaly FC,,0.0,0.0,0.0,0.0,0.0,0.0
1253359,,UTC,2024-10-01 15:40:00+00:00,1727797200,1727797200.0,1727800800.0,10516.0,Prince Sultan bin Abdulaziz Sports City Stadium,Abha,Match Finished,FT,90.0,7.0,308,Division 1,Saudi-Arabia,2024,Regular Season - 5,True,2951,Abha,True,2930,Al-Faisaly FC,False,3.0,1.0,2.0,1.0,3.0,1.0
1437289,Ageel Ali Ageel Fageehi,UTC,2025-09-11 15:50:00+00:00,1757605800,1757605800.0,1757609400.0,10516.0,Prince Sultan bin Abdulaziz Sports City Stadium,Abha,Match Finished,FT,90.0,,308,Division 1,Saudi-Arabia,2025,Regular Season - 1,True,2951,Abha,,2930,Al-Faisaly FC,,2.0,2.0,1.0,0.0,2.0,2.0
1603035,,UTC,2026-10-11 15:25:00+00:00,1791732300,,,,Prince Sultan bin Abdul Aziz Stadium,Abha,Not Started,NS,,,307,Pro League,Saudi-Arabia,2026,Regular Season - 8,True,2951,Abha,,2930,Al-Faisaly FC,,,,,,,
1252480,Khald Alahmari,UTC,2024-10-20 14:45:00+00:00,1729435500,1729435500.0,1729439100.0,,Al Fateh Club Stadium,Al-Hofuf,Match Finished,FT,90.0,8.0,307,Pro League,Saudi-Arabia,2024,Regular Season - 7,True,2931,Al-Fateh,,10509,Al Kholood,,1.0,1.0,0.0,1.0,1.0,1.0
1436060,K. Alahmari,UTC,2026-01-20 17:30:00+00:00,1768930200,1768930200.0,1768933800.0,22271.0,Al Fateh club stadium,Al-Hofuf,Match Finished,FT,90.0,4.0,307,Pro League,Saudi-Arabia,2025,Regular Season - 17,True,2931,Al-Fateh,False,10509,Al Kholood,True,2.0,5.0,1.0,2.0,2.0,5.0
1603108,,UTC,2026-12-03 17:00:00+00:00,1796317200,,,,Al Fateh club stadium,Al-Hofuf,Not Started,NS,,,307,Pro League,Saudi-Arabia,2026,Regular Season - 16,True,2931,Al-Fateh,,10509,Al Kholood,,,,,,,
1252632,Sultan Alharbi,UTC,2025-03-06 19:00:00+00:00,1741287600,1741287600.0,1741291200.0,,Ar-Rass Stadium,Rass,Match Finished,FT,90.0,7.0,307,Pro League,Saudi-Arabia,2024,Regular Season - 24,True,10509,Al Kholood,True,2931,Al-Fateh,False,2.0,1.0,1.0,0.0,2.0,1.0
1436208,A. Al Qahtani,UTC,2026-05-21 18:00:00+00:00,1779386400,1779386400.0,1779390000.0,,Al-Hazem Club Stadium,Ar Rass,Match Finished,FT,90.0,3.0,307,Pro League,Saudi-Arabia,2025,Regular Season - 34,True,10509,Al Kholood,,2931,Al-Fateh,,0.0,0.0,0.0,0.0,0.0,0.0
1603265,,UTC,2027-05-24 18:00:00+00:00,1811181600,,,,Al-Hazem Club Stadium,Ar Rass,Not Started,NS,,,307,Pro League,Saudi-Arabia,2026,Regular Season - 33,True,10509,Al Kholood,,2931,Al-Fateh,,,,,,,
1074504,Abdullah Al-Kharbosh,UTC,2024-05-02 18:00:00+00:00,1714672800,1714672800.0,1714676400.0,1363.0,Al Fateh Club Stadium,Al-Hasa,Match Finished,FT,90.0,,307,Pro League,Saudi-Arabia,2023,Regular Season - 30,True,2931,Al-Fateh,,10511,Al Riyadh,,2.0,2.0,1.0,0.0,2.0,2.0
1252525,Khald Alahmari,UTC,2024-11-28 17:00:00+00:00,1732813200,1732813200.0,1732816800.0,,Al Fateh Club Stadium,Al-Hofuf,Match Finished,FT,90.0,12.0,307,Pro League,Saudi-Arabia,2024,Regular Season - 12,True,2931,Al-Fateh,False,10511,Al Riyadh,True,1.0,2.0,1.0,0.0,1.0,2.0
1436042,"Abdullah Al-Harbi, Saudi Arabia",UTC,2026-01-13 17:30:00+00:00,1768325400,1768325400.0,1768329000.0,22271.0,Al Fateh club stadium,Al-Hofuf,Match Finished,FT,90.0,6.0,307,Pro League,Saudi-Arabia,2025,Regular Season - 15,True,2931,Al-Fateh,True,10511,Al Riyadh,False,3.0,1.0,1.0,0.0,3.0,1.0
1477345,,UTC,2025-10-27 14:35:00+00:00,1761575700,1761575700.0,1761579300.0,,Al Fateh club stadium,Al-Hofuf,Match Finished,FT,90.0,11.0,504,King's Cup,Saudi-Arabia,2026,Round of 16,False,2931,Al-Fateh,True,10511,Al Riyadh,False,2.0,0.0,0.0,0.0,2.0,0.0
1603084,,UTC,2026-11-05 17:00:00+00:00,1793898000,,,,Al Fateh club stadium,Al-Hofuf,Not Started,NS,,,307,Pro League,Saudi-Arabia,2026,Regular Season - 13,True,2931,Al-Fateh,,10511,Al Riyadh,,,,,,,
1074354,Abdallah Dafar,UTC,2023-11-09 18:00:00+00:00,1699552800,1699552800.0,1699556400.0,7224.0,King Fahd International Stadium,Riyadh,Match Finished,FT,90.0,,307,Pro League,Saudi-Arabia,2023,Regular Season - 13,True,10511,Al Riyadh,,2931,Al-Fateh,,1.0,1.0,0.0,1.0,1.0,1.0
1252674,Faisal Alblwi,UTC,2025-04-23 15:55:00+00:00,1745423700,1745423700.0,1745427300.0,7224.0,Prince Faisal bin Fahd Stadium,Riyadh,Match Finished,FT,90.0,9.0,307,Pro League,Saudi-Arabia,2024,Regular Season - 29,True,10511,Al Riyadh,,2931,Al-Fateh,,2.0,2.0,1.0,1.0,2.0,2.0
1436195,S. Al Harbi,UTC,2026-05-10 16:05:00+00:00,1778429100,1778429100.0,1778432700.0,1374.0,Prince Faisal bin Fahd Stadium,Riyadh,Match Finished,FT,90.0,6.0,307,Pro League,Saudi-Arabia,2025,Regular Season - 32,True,10511,Al Riyadh,True,2931,Al-Fateh,False,1.0,0.0,0.0,0.0,1.0,0.0
1603238,,UTC,2027-05-06 18:00:00+00:00,1809626400,,,1374.0,Prince Faisal bin Fahd Stadium,Riyadh,Not Started,NS,,,307,Pro League,Saudi-Arabia,2026,Regular Season - 30,True,10511,Al Riyadh,,2931,Al-Fateh,,,,,,,
1436183,M. Al Shamrani,UTC,2026-05-02 15:50:00+00:00,1777737000,1777737000.0,1777740600.0,22271.0,Al Fateh club stadium,Al-Hofuf,Match Finished,FT,90.0,7.0,307,Pro League,Saudi-Arabia,2025,Regular Season - 31,True,2931,Al-Fateh,,10513,NEOM,,2.0,2.0,0.0,1.0,2.0,2.0
1603181,,UTC,2027-04-02 18:00:00+00:00,1806688800,,,,Al Fateh club stadium,Al-Hofuf,Not Started,NS,,,307,Pro League,Saudi-Arabia,2026,Regular Season - 24,True,2931,Al-Fateh,,10513,NEOM,,,,,,,
1436033,"Abdullah Al-Owaidan, Saudi Arabia",UTC,2026-01-10 14:00:00+00:00,1768053600,1768053600.0,1768057200.0,,King Khalid Sports City,Tabuk,Match Finished,FT,90.0,11.0,307,Pro League,Saudi-Arabia,2025,Regular Season - 14,True,10513,NEOM,False,2931,Al-Fateh,True,0.0,1.0,0.0,1.0,0.0,1.0
1603034,,UTC,2026-09-13 16:20:00+00:00,1789316400,,,,King Khalid Sports City,Tabuk,Not Started,NS,,,307,Pro League,Saudi-Arabia,2026,Regular Season - 7,True,10513,NEOM,,2931,Al-Fateh,,,,,,,
1603024,"Majed Mohammed Al-Shamrani, Saudi Arabia",UTC,2026-09-09 18:00:00+00:00,1788976800,,,,Maydan Tamweel Al-Oula,Al-Hasa,Match Finished,FT,90.0,,307,Pro League,Saudi-Arabia,2026,Regular Season - 6,True,2931,Al-Fateh,False,26738,Al Diriyah,True,1.0,2.0,1.0,2.0,1.0,2.0
1603172,,UTC,2027-03-18 18:00:00+00:00,1805392800,,,,Prince Turki bin Abdul Aziz Stadium,Riyadh,Not Started,NS,,,307,Pro League,Saudi-Arabia,2026,Regular Season - 23,True,26738,Al Diriyah,,2931,Al-Fateh,,,,,,,
110254,,UTC,2016-11-05 16:00:00+00:00,1478361600,1478361600.0,1478365200.0,,Prince Abdullah bin Jalawi Stadium,Al-Hasa,Match Finished,FT,90.0,,307,Pro League,Saudi-Arabia,2016,Regular Season - 8,True,2931,Al-Fateh,False,2932,Al-Hilal Saudi FC,True,0.0,1.0,0.0,0.0,0.0,1.0
110407,O. Hațegan,UTC,2017-12-10 15:40:00+00:00,1512920400,1512920400.0,1512924000.0,,Prince Abdullah bin Jalawi Stadium,Al-Hasa,Match Finished,FT,90.0,,307,Pro League,Saudi-Arabia,2017,Regular Season - 13,True,2931,Al-Fateh,,2932,Al-Hilal Saudi FC,,0.0,0.0,0.0,0.0,0.0,0.0
151719,P. Valeri,UTC,2018-09-24 15:10:00+00:00,1537801800,1537801800.0,1537805400.0,,Prince Abdullah bin Jalawi Stadium,Al-Hasa,Match Finished,FT,90.0,,307,Pro League,Saudi-Arabia,2018,Regular Season - 4,True,2931,Al-Fateh,False,2932,Al-Hilal Saudi FC,True,2.0,3.0,1.0,0.0,2.0,3.0
234842,I. Bebek,UTC,2019-10-31 15:50:00+00:00,1572537000,1572537000.0,1572540600.0,1363.0,Prince Abdullah bin Jalawi Sports City Stadium,Al-Hasa,Match Finished,FT,90.0,,307,Pro League,Saudi-Arabia,2019,Regular Season - 9,True,2931,Al-Fateh,,2932,Al-Hilal Saudi FC,,3.0,3.0,1.0,2.0,3.0,3.0
657809,Khaled Salwi,UTC,2021-02-28 14:20:00+00:00,1614522000,1614522000.0,1614525600.0,1363.0,Prince Abdullah bin Jalawi Sports City Stadium,Al-Hasa,Match Finished,FT,90.0,,307,Pro League,Saudi-Arabia,2020,Regular Season - 21,True,2931,Al-Fateh,False,2932,Al-Hilal Saudi FC,True,2.0,5.0,0.0,3.0,2.0,5.0
852016,R. Tobar,UTC,2022-06-23 18:00:00+00:00,1656007200,1656007200.0,1656010800.0,1363.0,Prince Abdullah bin Jalawi Sports City Stadium,Al-Hasa,Match Finished,FT,90.0,,307,Pro League,Saudi-Arabia,2021,Regular Season - 29,True,2931,Al-Fateh,False,2932,Al-Hilal Saudi FC,True,0.0,3.0,0.0,2.0,0.0,3.0
931922,Mohammed Al Hoaish,UTC,2022-09-04 15:35:00+00:00,1662305700,1662305700.0,1662309300.0,1363.0,Prince Abdullah bin Jalawi Sports City Stadium,Al-Hasa,Match Finished,FT,90.0,,307,Pro League,Saudi-Arabia,2022,Regular Season - 3,True,2931,Al-Fateh,False,2932,Al-Hilal Saudi FC,True,0.0,1.0,0.0,1.0,0.0,1.0
1074344,H. Martinez,UTC,2023-11-03 15:00:00+00:00,1699023600,1699023600.0,1699027200.0,1363.0,Prince Abdullah bin Jalawi Sports City Stadium,Al-Hasa,Match Finished,FT,90.0,,307,Pro League,Saudi-Arabia,2023,Regular Season - 12,True,2931,Al-Fateh,False,2932,Al-Hilal Saudi FC,True,0.0,2.0,0.0,1.0,0.0,2.0
1252702,M. Escobar,UTC,2025-05-16 15:55:00+00:00,1747410900,1747410900.0,1747414500.0,,Al Fateh Club Stadium,Al-Hofuf,Match Finished,FT,90.0,,307,Pro League,Saudi-Arabia,2024,Regular Season - 32,True,2931,Al-Fateh,False,2932,Al-Hilal Saudi FC,True,3.0,4.0,2.0,0.0,3.0,4.0
1436144,C. Garay,UTC,2026-03-14 19:00:00+00:00,1773514800,1773514800.0,1773518400.0,22271.0,Al Fateh club stadium,Al-Hofuf,Match Finished,FT,90.0,,307,Pro League,Saudi-Arabia,2025,Regular Season - 26,True,2931,Al-Fateh,False,2932,Al-Hilal Saudi FC,True,0.0,1.0,0.0,0.0,0.0,1.0
1603227,,UTC,2027-04-29 18:00:00+00:00,1809021600,,,,Al Fateh club stadium,Al-Hofuf,Not Started,NS,,,307,Pro League,Saudi-Arabia,2026,Regular Season - 29,True,2931,Al-Fateh,,2932,Al-Hilal Saudi FC,,,,,,,
110168,,UTC,2017-03-09 16:35:00+00:00,1489077300,1489077300.0,1489080900.0,,King Fahd Stadium,Riyadh,Match Finished,FT,90.0,,307,Pro League,Saudi-Arabia,2016,Regular Season - 21,True,2932,Al-Hilal Saudi FC,True,2931,Al-Fateh,False,1.0,0.0,0.0,0.0,1.0,0.0
110315,,UTC,2018-04-12 17:40:00+00:00,1523554800,1523554800.0,1523558400.0,,King Saud University Stadium (Ar-Riyāḍ (Riyadh)),,Match Finished,FT,90.0,,307,Pro League,Saudi-Arabia,2017,Regular Season - 26,True,2932,Al-Hilal Saudi FC,True,2931,Al-Fateh,False,4.0,1.0,4.0,0.0,4.0,1.0
151836,Paul Rakzoviski,UTC,2019-02-04 14:20:00+00:00,1549290000,1549290000.0,1549293600.0,1369.0,King Saud University Stadium,Riyadh,Match Finished,FT,90.0,,307,Pro League,Saudi-Arabia,2018,Regular Season - 18,True,2932,Al-Hilal Saudi FC,True,2931,Al-Fateh,False,4.0,1.0,3.0,1.0,4.0,1.0
312925,G. Kabakov,UTC,2020-08-10 18:00:00+00:00,1597082400,1597082400.0,1597086000.0,1369.0,King Saud University Stadium,Riyadh,Match Finished,FT,90.0,,307,Pro League,Saudi-Arabia,2019,Regular Season - 24,True,2932,Al-Hilal Saudi FC,True,2931,Al-Fateh,False,2.0,1.0,1.0,0.0,2.0,1.0
635910,Mohammed Al Nuhait,UTC,2020-12-03 13:40:00+00:00,1607002800,1607002800.0,1607006400.0,1361.0,King Fahd International Stadium,Riyadh,Match Finished,FT,90.0,,307,Pro League,Saudi-Arabia,2020,Regular Season - 6,True,2932,Al-Hilal Saudi FC,True,2931,Al-Fateh,False,3.0,0.0,1.0,0.0,3.0,0.0
649531,Turki Al Khudair,UTC,2020-12-17 14:40:00+00:00,1608216000,1608216000.0,1608219600.0,1361.0,King Fahd International Stadium,Riyadh,Match Finished,FT,90.0,,504,King's Cup,Saudi-Arabia,2021,Round of 16,False,2932,Al-Hilal Saudi FC,False,2931,Al-Fateh,True,0.0,2.0,0.0,0.0,0.0,2.0
740073,D. López,UTC,2021-12-25 13:50:00+00:00,1640440200,1640440200.0,1640443800.0,1374.0,Prince Faisal bin Fahd Stadium,Riyadh,Match Finished,FT,90.0,,307,Pro League,Saudi-Arabia,2021,Regular Season - 14,True,2932,Al-Hilal Saudi FC,False,2931,Al-Fateh,True,2.0,3.0,1.0,1.0,2.0,3.0
976671,Artur Soares Dias,UTC,2023-03-06 17:30:00+00:00,1678123800,1678123800.0,1678127400.0,1374.0,Prince Faisal bin Fahd Stadium,Riyadh,Match Finished,FT,90.0,,307,Pro League,Saudi-Arabia,2022,Regular Season - 18,True,2932,Al-Hilal Saudi FC,False,2931,Al-Fateh,True,1.0,2.0,0.0,1.0,1.0,2.0
981791,R. Petrescu,UTC,2023-03-14 18:00:00+00:00,1678816800,1678816800.0,1678820400.0,1374.0,Prince Faisal bin Fahd Stadium,Riyadh,Match Finished,FT,90.0,,504,King's Cup,Saudi-Arabia,2023,Quarter-finals,False,2932,Al-Hilal Saudi FC,True,2931,Al-Fateh,False,3.0,1.0,1.0,1.0,3.0,1.0
1074499,A. Sidiropoulos,UTC,2024-04-26 15:00:00+00:00,1714143600,1714143600.0,1714147200.0,1361.0,Kingdom Arena,Riyadh,Match Finished,FT,90.0,,307,Pro League,Saudi-Arabia,2023,Regular Season - 29,True,2932,Al-Hilal Saudi FC,True,2931,Al-Fateh,False,3.0,1.0,0.0,0.0,3.0,1.0
1252546,S. Karasev,UTC,2025-01-16 15:05:00+00:00,1737039900,1737039900.0,1737043500.0,20744.0,Kingdom Arena,Riyadh,Match Finished,FT,90.0,13.0,307,Pro League,Saudi-Arabia,2024,Regular Season - 15,True,2932,Al-Hilal Saudi FC,True,2931,Al-Fateh,False,9.0,0.0,4.0,0.0,9.0,0.0
1435989,"Horatiu Fesnic, Romania",UTC,2025-11-22 14:40:00+00:00,1763822400,1763822400.0,1763826000.0,20744.0,Kingdom Arena,Riyadh,Match Finished,FT,90.0,9.0,307,Pro League,Saudi-Arabia,2025,Regular Season - 9,True,2932,Al-Hilal Saudi FC,True,2931,Al-Fateh,False,2.0,1.0,1.0,1.0,2.0,1.0
1485073,,UTC,2025-11-29 14:40:00+00:00,1764427200,1764427200.0,1764430800.0,20744.0,Kingdom Arena,Riyadh,Match Finished,FT,90.0,4.0,504,King's Cup,Saudi-Arabia,2026,Quarter-finals,False,2932,Al-Hilal Saudi FC,True,2931,Al-Fateh,False,4.0,1.0,3.0,0.0,4.0,1.0
1603074,,UTC,2026-10-31 18:00:00+00:00,1793469600,,,20744.0,Kingdom Arena,Riyadh,Not Started,NS,,,307,Pro League,Saudi-Arabia,2026,Regular Season - 12,True,2932,Al-Hilal Saudi FC,,2931,Al-Fateh,,,,,,,
110253,,UTC,2016-11-18 13:35:00+00:00,1479476100,1479476100.0,1479479700.0,,Prince Abdullah bin Jalawi Stadium,Al-Hasa,Match Finished,FT,90.0,,307,Pro League,Saudi-Arabia,2016,Regular Season - 9,True,2931,Al-Fateh,,2933,Al-Qadisiyah FC,,1.0,1.0,1.0,0.0,1.0,1.0
110460,Turki Al Khudair,UTC,2017-10-13 14:55:00+00:00,1507906500,1507906500.0,1507910100.0,,Prince Abdullah bin Jalawi Stadium,Al-Hasa,Match Finished,FT,90.0,,307,Pro League,Saudi-Arabia,2017,Regular Season - 6,True,2931,Al-Fateh,True,2933,Al-Qadisiyah FC,False,2.0,1.0,0.0,0.0,2.0,1.0
151823,"Mohammed Al Hoaish, Saudi Arabia",UTC,2019-01-27 11:20:00+00:00,1548588000,1548588000.0,1548591600.0,,Prince Abdullah bin Jalawi Stadium,Al-Hasa,Match Finished,FT,90.0,,307,Pro League,Saudi-Arabia,2018,Regular Season - 17,True,2931,Al-Fateh,True,2933,Al-Qadisiyah FC,False,2.0,0.0,1.0,0.0,2.0,0.0
657872,Sultan Al-Harbi,UTC,2021-05-25 18:00:00+00:00,1621965600,1621965600.0,1621969200.0,1363.0,Prince Abdullah bin Jalawi Sports City Stadium,Al-Hasa,Match Finished,FT,90.0,,307,Pro League,Saudi-Arabia,2020,Regular Season - 29,True,2931,Al-Fateh,True,2933,Al-Qadisiyah FC,False,3.0,0.0,1.0,0.0,3.0,0.0
1252577,N. Arasa,UTC,2025-02-01 15:00:00+00:00,1738422000,1738422000.0,1738425600.0,,Al Fateh Club Stadium,Al-Hofuf,Match Finished,FT,90.0,12.0,307,Pro League,Saudi-Arabia,2024,Regular Season - 18,True,2931,Al-Fateh,,2933,Al-Qadisiyah FC,,1.0,1.0,0.0,1.0,1.0,1.0
1435948,"Florian Badstubner, Germany",UTC,2025-09-27 18:00:00+00:00,1758996000,1758996000.0,1758999600.0,22271.0,Al Fateh club stadium,Al-Hofuf,Match Finished,FT,90.0,7.0,307,Pro League,Saudi-Arabia,2025,Regular Season - 4,True,2931,Al-Fateh,False,2933,Al-Qadisiyah FC,True,0.0,1.0,0.0,0.0,0.0,1.0
1603252,,UTC,2027-05-20 18:00:00+00:00,1810836000,,,,Al Fateh club stadium,Al-Hofuf,Not Started,NS,,,307,Pro League,Saudi-Arabia,2026,Regular Season - 32,True,2931,Al-Fateh,,2933,Al-Qadisiyah FC,,,,,,,
110162,,UTC,2017-04-06 15:40:00+00:00,1491493200,1491493200.0,1491496800.0,,Prince Saud bin Jalawi Stadium (al-Khobar (Khobar)),,Match Finished,FT,90.0,,307,Pro League,Saudi-Arabia,2016,Regular Season - 22,True,2933,Al-Qadisiyah FC,False,2931,Al-Fateh,True,1.0,2.0,0.0,2.0,1.0,2.0
110377,,UTC,2018-01-29 14:00:00+00:00,1517234400,1517234400.0,1517238000.0,,Prince Saud bin Jalawi Stadium (al-Khobar (Khobar)),,Match Finished,FT,90.0,,307,Pro League,Saudi-Arabia,2017,Regular Season - 19,True,2933,Al-Qadisiyah FC,False,2931,Al-Fateh,True,1.0,4.0,0.0,3.0,1.0,4.0
151698,"Mark Clattenburg, England",UTC,2018-08-31 15:40:00+00:00,1535730000,1535730000.0,1535733600.0,1376.0,Prince Saud bin Jalawi Stadium,Khobar,Match Finished,FT,90.0,,307,Pro League,Saudi-Arabia,2018,Regular Season - 1,True,2933,Al-Qadisiyah FC,,2931,Al-Fateh,,0.0,0.0,0.0,0.0,0.0,0.0
635971,Turki Al Khudair,UTC,2021-01-19 13:50:00+00:00,1611064200,1611064200.0,1611067800.0,1376.0,Prince Saud bin Jalawi Stadium,Khobar,Match Finished,FT,90.0,,307,Pro League,Saudi-Arabia,2020,Regular Season - 14,True,2933,Al-Qadisiyah FC,,2931,Al-Fateh,,1.0,1.0,1.0,0.0,1.0,1.0
1252424,Ahmad Al Rumaikhani,UTC,2024-08-23 18:00:00+00:00,1724436000,1724436000.0,1724439600.0,1370.0,Prince Mohamed bin Fahd Stadium,Dammam,Match Finished,FT,90.0,,307,Pro League,Saudi-Arabia,2024,Regular Season - 1,True,2933,Al-Qadisiyah FC,True,2931,Al-Fateh,False,3.0,0.0,1.0,0.0,3.0,0.0
1436096,S. Jablonski,UTC,2026-02-07 17:30:00+00:00,1770485400,1770485400.0,1770489000.0,1370.0,Prince Saud bin Jalawi Stadium,Dammam,Match Finished,FT,90.0,5.0,307,Pro League,Saudi-Arabia,2025,Regular Season - 21,True,2933,Al-Qadisiyah FC,,2931,Al-Fateh,,1.0,1.0,1.0,1.0,1.0,1.0
1603105,,UTC,2026-11-26 17:00:00+00:00,1795712400,,,,Prince Saud bin Jalawi Stadium,Dammam,Not Started,NS,,,307,Pro League,Saudi-Arabia,2026,Regular Season - 15,True,2933,Al-Qadisiyah FC,,2931,Al-Fateh,,,,,,,
110281,,UTC,2016-10-14 14:55:00+00:00,1476456900,1476456900.0,1476460500.0,,Prince Abdullah bin Jalawi Stadium,Al-Hasa,Match Finished,FT,90.0,,307,Pro League,Saudi-Arabia,2016,Regular Season - 5,True,2931,Al-Fateh,,2934,Al-Ettifaq,,0.0,0.0,0.0,0.0,0.0,0.0
110451,Sami Al Jires,UTC,2017-10-20 14:50:00+00:00,1508511000,1508511000.0,1508514600.0,,Prince Abdullah bin Jalawi Stadium,Al-Hasa,Match Finished,FT,90.0,,307,Pro League,Saudi-Arabia,2017,Regular Season - 7,True,2931,Al-Fateh,,2934,Al-Ettifaq,,1.0,1.0,0.0,0.0,1.0,1.0
151803,"Hugo Miguel, Portugal",UTC,2018-12-21 13:30:00+00:00,1545399000,1545399000.0,1545402600.0,,Prince Abdullah bin Jalawi Stadium,Al-Hasa,Match Finished,FT,90.0,,307,Pro League,Saudi-Arabia,2018,Regular Season - 14,True,2931,Al-Fateh,,2934,Al-Ettifaq,,0.0,0.0,0.0,0.0,0.0,0.0
312936,Faisal Alblwi,UTC,2020-08-19 15:50:00+00:00,1597852200,1597852200.0,1597855800.0,1363.0,Prince Abdullah bin Jalawi Sports City Stadium,Al-Hasa,Match Finished,FT,90.0,,307,Pro League,Saudi-Arabia,2019,Regular Season - 26,True,2931,Al-Fateh,,2934,Al-Ettifaq,,1.0,1.0,1.0,1.0,1.0,1.0
657800,Turki Al Khudair,UTC,2021-02-23 14:20:00+00:00,1614090000,1614090000.0,1614093600.0,1363.0,Prince Abdullah bin Jalawi Sports City Stadium,Al-Hasa,Match Finished,FT,90.0,,307,Pro League,Saudi-Arabia,2020,Regular Season - 20,True,2931,Al-Fateh,False,2934,Al-Ettifaq,True,2.0,3.0,1.0,0.0,2.0,3.0
825008,Mohammed Al Hoaish,UTC,2022-02-27 14:15:00+00:00,1645971300,1645971300.0,1645974900.0,1363.0,Prince Abdullah bin Jalawi Sports City Stadium,Al-Hasa,Match Finished,FT,90.0,,307,Pro League,Saudi-Arabia,2021,Regular Season - 22,True,2931,Al-Fateh,True,2934,Al-Ettifaq,False,4.0,0.0,3.0,0.0,4.0,0.0
932005,Faisal Alblwi,UTC,2023-01-12 11:30:00+00:00,1673523000,1673523000.0,1673526600.0,1363.0,Prince Abdullah bin Jalawi Sports City Stadium,Al-Hasa,Match Finished,FT,90.0,,307,Pro League,Saudi-Arabia,2022,Regular Season - 13,True,2931,Al-Fateh,True,2934,Al-Ettifaq,False,2.0,0.0,1.0,0.0,2.0,0.0
1074464,Sultan Alharbi,UTC,2024-04-03 19:00:00+00:00,1712170800,1712170800.0,1712174400.0,1363.0,Al Fateh Club Stadium,Al-Hasa,Match Finished,FT,90.0,,307,Pro League,Saudi-Arabia,2023,Regular Season - 26,True,2931,Al-Fateh,True,2934,Al-Ettifaq,False,1.0,0.0,0.0,0.0,1.0,0.0
1252441,Abdulsamad Bakri,UTC,2024-09-14 15:20:00+00:00,1726327200,1726327200.0,1726330800.0,,Al Fateh Club Stadium,Al-Hofuf,Match Finished,FT,90.0,,307,Pro League,Saudi-Arabia,2024,Regular Season - 3,True,2931,Al-Fateh,False,2934,Al-Ettifaq,True,1.0,2.0,0.0,1.0,1.0,2.0
1435961,"Khaled Al Teris, Saudi Arabia",UTC,2025-10-24 14:45:00+00:00,1761317100,1761317100.0,1761320700.0,22271.0,Al Fateh club stadium,Al-Hofuf,Match Finished,FT,90.0,8.0,307,Pro League,Saudi-Arabia,2025,Regular Season - 6,True,2931,Al-Fateh,True,2934,Al-Ettifaq,False,2.0,1.0,1.0,0.0,2.0,1.0
1602986,"Ali Al-Qahtani, Saudi Arabia",UTC,2026-08-22 15:45:00+00:00,1787413500,1787413500.0,1787417100.0,22271.0,Al Fateh club stadium,Al-Hofuf,Match Finished,FT,90.0,5.0,307,Pro League,Saudi-Arabia,2026,Regular Season - 2,True,2931,Al-Fateh,False,2934,Al-Ettifaq,True,0.0,1.0,0.0,0.0,0.0,1.0
110186,,UTC,2017-02-11 14:10:00+00:00,1486822200,1486822200.0,1486825800.0,1370.0,Prince Mohamed Bin Fahd Stadium,Dammam,Match Finished,FT,90.0,,307,Pro League,Saudi-Arabia,2016,Regular Season - 18,True,2934,Al-Ettifaq,,2931,Al-Fateh,,2.0,2.0,0.0,1.0,2.0,2.0
110369,,UTC,2018-02-03 14:05:00+00:00,1517666700,1517666700.0,1517670300.0,,Prince Mohamed bin Fahd Stadium (Ad Dammām (Dammam)),,Match Finished,FT,90.0,,307,Pro League,Saudi-Arabia,2017,Regular Season - 20,True,2934,Al-Ettifaq,True,2931,Al-Fateh,False,2.0,1.0,1.0,1.0,2.0,1.0
151903,"Serdar Gozubuyuk, Netherlands",UTC,2019-04-11 15:40:00+00:00,1554997200,1554997200.0,1555000800.0,1370.0,Prince Mohamed Bin Fahd Stadium,Dammam,Match Finished,FT,90.0,,307,Pro League,Saudi-Arabia,2018,Regular Season - 27,True,2934,Al-Ettifaq,,2931,Al-Fateh,,0.0,0.0,0.0,0.0,0.0,0.0
234859,B. Madden,UTC,2019-12-13 13:30:00+00:00,1576243800,1576243800.0,1576247400.0,1370.0,Prince Mohamed bin Fahd Stadium,Dammam,Match Finished,FT,90.0,,307,Pro League,Saudi-Arabia,2019,Regular Season - 11,True,2934,Al-Ettifaq,True,2931,Al-Fateh,False,1.0,0.0,0.0,0.0,1.0,0.0
336133,,UTC,2017-02-24 16:55:00+00:00,1487955300,1487955300.0,1487958900.0,,Prince Mohamed bin Fahd Stadium (Ad Dammām (Dammam)),,Match Finished,FT,90.0,,504,King's Cup,Saudi-Arabia,2017,8th Finals,False,2934,Al-Ettifaq,True,2931,Al-Fateh,False,1.0,0.0,1.0,0.0,1.0,0.0
635904,Majed Al Shamrani,UTC,2020-11-24 15:30:00+00:00,1606231800,1606231800.0,1606235400.0,1370.0,Prince Mohamed bin Fahd Stadium,Dammam,Match Finished,FT,90.0,,307,Pro League,Saudi-Arabia,2020,Regular Season - 5,True,2934,Al-Ettifaq,False,2931,Al-Fateh,True,0.0,4.0,0.0,3.0,0.0,4.0
740014,Abdullah Al-Shehri,UTC,2021-09-30 17:20:00+00:00,1633022400,1633022400.0,1633026000.0,1376.0,Prince Saud bin Jalawi Stadium,Khobar,Match Finished,FT,90.0,,307,Pro League,Saudi-Arabia,2021,Regular Season - 7,True,2934,Al-Ettifaq,,2931,Al-Fateh,,0.0,0.0,0.0,0.0,0.0,0.0
976750,Raed Al Zahrani,UTC,2023-05-22 16:00:00+00:00,1684771200,1684771200.0,1684774800.0,1370.0,Prince Mohamed bin Fahd Stadium,Dammam,Match Finished,FT,90.0,,307,Pro League,Saudi-Arabia,2022,Regular Season - 28,True,2934,Al-Ettifaq,False,2931,Al-Fateh,True,0.0,4.0,0.0,2.0,0.0,4.0
1074319,Abdulsamad Bakri,UTC,2023-10-05 18:00:00+00:00,1696528800,1696528800.0,1696532400.0,1370.0,Prince Mohamed bin Fahd Stadium,Dammam,Match Finished,FT,90.0,,307,Pro League,Saudi-Arabia,2023,Regular Season - 9,True,2934,Al-Ettifaq,False,2931,Al-Fateh,True,1.0,2.0,0.0,0.0,1.0,2.0
1252596,Abdullah Al-Kharbosh,UTC,2025-02-14 15:05:00+00:00,1739545500,1739545500.0,1739549100.0,,EGO Stadium,Dammam,Match Finished,FT,90.0,15.0,307,Pro League,Saudi-Arabia,2024,Regular Season - 20,True,2934,Al-Ettifaq,False,2931,Al-Fateh,True,1.0,2.0,1.0,2.0,1.0,2.0
1436118,A. Al Kharboush,UTC,2026-02-19 19:00:00+00:00,1771527600,1771527600.0,1771531200.0,22434.0,Abdullah Al Dabil Stadium,Dammam,Match Finished,FT,90.0,9.0,307,Pro League,Saudi-Arabia,2025,Regular Season - 23,True,2934,Al-Ettifaq,True,2931,Al-Fateh,False,4.0,3.0,3.0,2.0,4.0,3.0
1603136,,UTC,2027-02-11 19:00:00+00:00,1802372400,,,,Abdullah Al Dabil Stadium,,Not Started,NS,,,307,Pro League,Saudi-Arabia,2026,Regular Season - 19,True,2934,Al-Ettifaq,,2931,Al-Fateh,,,,,,,
110183,,UTC,2017-02-16 14:15:00+00:00,1487254500,1487254500.0,1487258100.0,,Prince Abdullah bin Jalawi Stadium,Al-Hasa,Match Finished,FT,90.0,,307,Pro League,Saudi-Arabia,2016,Regular Season - 19,True,2931,Al-Fateh,False,2936,Al Taawon,True,0.0,2.0,0.0,0.0,0.0,2.0
110495,,UTC,2017-08-10 16:00:00+00:00,1502380800,1502380800.0,1502384400.0,,Prince Abdullah bin Jalawi Stadium,Al-Hasa,Match Finished,FT,90.0,,307,Pro League,Saudi-Arabia,2017,Regular Season - 1,True,2931,Al-Fateh,False,2936,Al Taawon,True,1.0,4.0,0.0,1.0,1.0,4.0
151778,"Pawel Raczkowski, Poland",UTC,2018-12-01 13:25:00+00:00,1543670700,1543670700.0,1543674300.0,,Prince Abdullah bin Jalawi Stadium,Al-Hasa,Match Finished,FT,90.0,,307,Pro League,Saudi-Arabia,2018,Regular Season - 11,True,2931,Al-Fateh,False,2936,Al Taawon,True,0.0,2.0,0.0,1.0,0.0,2.0
312961,G. Mažeika,UTC,2020-09-04 17:35:00+00:00,1599240900,1599240900.0,1599244500.0,1363.0,Prince Abdullah bin Jalawi Sports City Stadium,Al-Hasa,Match Finished,FT,90.0,,307,Pro League,Saudi-Arabia,2019,Regular Season - 29,True,2931,Al-Fateh,True,2936,Al Taawon,False,1.0,0.0,0.0,0.0,1.0,0.0
635968,S. Schärer,UTC,2021-01-14 13:50:00+00:00,1610632200,1610632200.0,1610635800.0,1363.0,Prince Abdullah bin Jalawi Sports City Stadium,Al-Hasa,Match Finished,FT,90.0,,307,Pro League,Saudi-Arabia,2020,Regular Season - 13,True,2931,Al-Fateh,False,2936,Al Taawon,True,1.0,2.0,1.0,1.0,1.0,2.0
740025,Khaled Salwi,UTC,2021-10-17 14:50:00+00:00,1634482200,1634482200.0,1634485800.0,1363.0,Prince Abdullah bin Jalawi Sports City Stadium,Al-Hasa,Match Finished,FT,90.0,,307,Pro League,Saudi-Arabia,2021,Regular Season - 8,True,2931,Al-Fateh,True,2936,Al Taawon,False,3.0,0.0,3.0,0.0,3.0,0.0
931911,Khaled Al Teris,UTC,2022-08-27 15:45:00+00:00,1661615100,1661615100.0,1661618700.0,1363.0,Prince Abdullah bin Jalawi Sports City Stadium,Al-Hasa,Match Finished,FT,90.0,,307,Pro League,Saudi-Arabia,2022,Regular Season - 1,True,2931,Al-Fateh,False,2936,Al Taawon,True,0.0,2.0,0.0,1.0,0.0,2.0
1074242,Sami Al Jires,UTC,2023-08-13 18:00:00+00:00,1691949600,1691949600.0,1691953200.0,1363.0,Prince Abdullah bin Jalawi Sports City Stadium,Al-Hasa,Match Finished,FT,90.0,,307,Pro League,Saudi-Arabia,2023,Regular Season - 1,True,2931,Al-Fateh,,2936,Al Taawon,,1.0,1.0,1.0,1.0,1.0,1.0
1252621,Sami Al Jires,UTC,2025-03-01 19:00:00+00:00,1740855600,1740855600.0,1740859200.0,,Al Fateh Club Stadium,Al-Hofuf,Match Finished,FT,90.0,13.0,307,Pro League,Saudi-Arabia,2024,Regular Season - 23,True,2931,Al-Fateh,False,2936,Al Taawon,True,1.0,2.0,1.0,0.0,1.0,2.0
1435978,,UTC,2025-11-07 14:35:00+00:00,1762526100,1762526100.0,1762529700.0,22271.0,Al Fateh club stadium,Al-Hofuf,Match Finished,FT,90.0,6.0,307,Pro League,Saudi-Arabia,2025,Regular Season - 8,True,2931,Al-Fateh,False,2936,Al Taawon,True,2.0,5.0,0.0,3.0,2.0,5.0
1603162,,UTC,2027-03-11 18:00:00+00:00,1804788000,,,,Al Fateh club stadium,Al-Hofuf,Not Started,NS,,,307,Pro League,Saudi-Arabia,2026,Regular Season - 22,True,2931,Al-Fateh,,2936,Al Taawon,,,,,,,
110274,,UTC,2016-10-20 15:10:00+00:00,1476976200,1476976200.0,1476979800.0,10517.0,King Abdullah Sport City Stadium,Buraidah,Match Finished,FT,90.0,,307,Pro League,Saudi-Arabia,2016,Regular Season - 6,True,2936,Al Taawon,,2931,Al-Fateh,,0.0,0.0,0.0,0.0,0.0,0.0
110402,M. Mažić,UTC,2017-12-16 11:15:00+00:00,1513422900,1513422900.0,1513426500.0,,Prince Abdullah bin Abdul Aziz Stadium (King Abdullah Sport City Stadium) (Buraydah (Buraidah)),,Match Finished,FT,90.0,,307,Pro League,Saudi-Arabia,2017,Regular Season - 14,True,2936,Al Taawon,,2931,Al-Fateh,,0.0,0.0,0.0,0.0,0.0,0.0
151880,"Ravshan Irmatov, Uzbekistan",UTC,2019-03-14 16:15:00+00:00,1552580100,1552580100.0,1552583700.0,10517.0,King Abdullah Sport City Stadium,Buraidah,Match Finished,FT,90.0,,307,Pro League,Saudi-Arabia,2018,Regular Season - 24,True,2936,Al Taawon,,2931,Al-Fateh,,1.0,1.0,0.0,1.0,1.0,1.0
234886,Khaled Al Teris,UTC,2020-01-10 14:05:00+00:00,1578665100,1578665100.0,1578668700.0,10517.0,King Abdullah Sport City Stadium,Buraidah,Match Finished,FT,90.0,,307,Pro League,Saudi-Arabia,2019,Regular Season - 14,True,2936,Al Taawon,True,2931,Al-Fateh,False,2.0,1.0,1.0,1.0,2.0,1.0
657864,Mohammed Al Qarni,UTC,2021-04-25 19:00:00+00:00,1619377200,1619377200.0,1619380800.0,10517.0,King Abdullah bin Abdulaziz City,Buraidah,Match Finished,FT,90.0,,307,Pro League,Saudi-Arabia,2020,Regular Season - 28,True,2936,Al Taawon,False,2931,Al-Fateh,True,3.0,4.0,2.0,1.0,3.0,4.0
686933,Faisal Alblwi,UTC,2021-04-04 16:00:00+00:00,1617552000,1617552000.0,1617555600.0,10517.0,King Abdullah bin Abdulaziz City,Buraidah,Match Finished,FT,90.0,,504,King's Cup,Saudi-Arabia,2021,Semi-finals,False,2936,Al Taawon,True,2931,Al-Fateh,False,3.0,2.0,1.0,0.0,3.0,2.0
825013,P. Maza,UTC,2022-03-04 14:45:00+00:00,1646405100,1646405100.0,1646408700.0,10517.0,King Abdullah Sport City Stadium,Buraidah,Match Finished,FT,90.0,,307,Pro League,Saudi-Arabia,2021,Regular Season - 23,True,2936,Al Taawon,,2931,Al-Fateh,,1.0,1.0,1.0,1.0,1.0,1.0
976651,Khaled Al Teris,UTC,2023-02-09 14:00:00+00:00,1675951200,1675951200.0,1675954800.0,1377.0,King Abdullah Sport City Stadium,Buraidah,Match Finished,FT,90.0,,307,Pro League,Saudi-Arabia,2022,Regular Season - 16,True,2936,Al Taawon,False,2931,Al-Fateh,True,1.0,2.0,1.0,0.0,1.0,2.0
1074398,Abdallah Dafar,UTC,2023-12-23 15:00:00+00:00,1703343600,1703343600.0,1703347200.0,1377.0,Al Taawon Club Stadium,Buraidah,Match Finished,FT,90.0,,307,Pro League,Saudi-Arabia,2023,Regular Season - 18,True,2936,Al Taawon,False,2931,Al-Fateh,True,1.0,3.0,0.0,3.0,1.0,3.0
1252471,Majed Alshamrani,UTC,2024-10-05 15:25:00+00:00,1728141900,1728141900.0,1728145500.0,1377.0,Al Taawoun Club Stadium,Buraidah,Match Finished,FT,90.0,8.0,307,Pro League,Saudi-Arabia,2024,Regular Season - 6,True,2936,Al Taawon,True,2931,Al-Fateh,False,2.0,0.0,1.0,0.0,2.0,0.0
1436134,A. Ali Bakri,UTC,2026-03-06 19:00:00+00:00,1772823600,1772823600.0,1772827200.0,1377.0,Al Taawon Arena,Buraidah,Match Finished,FT,90.0,7.0,307,Pro League,Saudi-Arabia,2025,Regular Season - 25,True,2936,Al Taawon,True,2931,Al-Fateh,False,3.0,2.0,1.0,0.0,3.0,2.0
1603015,"Khalid Al-Ahmari, Saudi Arabia",UTC,2026-09-05 15:55:00+00:00,1788623700,1788623700.0,1788627300.0,,Al-Taawoun Stadium,Buraidah,Match Finished,FT,90.0,,307,Pro League,Saudi-Arabia,2026,Regular Season - 5,True,2936,Al Taawon,,2931,Al-Fateh,,0.0,0.0,0.0,0.0,0.0,0.0
110131,,UTC,2017-05-04 17:50:00+00:00,1493920200,1493920200.0,1493923800.0,,Prince Abdullah bin Jalawi Stadium,Al-Hasa,Match Finished,FT,90.0,,307,Pro League,Saudi-Arabia,2016,Regular Season - 26,True,2931,Al-Fateh,True,2938,Al-Ittihad FC,False,4.0,1.0,3.0,0.0,4.0,1.0
110436,Fahad Al Mirdasi,UTC,2017-11-01 15:45:00+00:00,1509551100,1509551100.0,1509554700.0,,Prince Abdullah bin Jalawi Stadium,Al-Hasa,Match Finished,FT,90.0,,307,Pro League,Saudi-Arabia,2017,Regular Season - 9,True,2931,Al-Fateh,False,2938,Al-Ittihad FC,True,1.0,2.0,0.0,0.0,1.0,2.0
151727,S. Evans,UTC,2018-10-04 15:05:00+00:00,1538665500,1538665500.0,1538669100.0,,Prince Abdullah bin Jalawi Stadium,Al-Hasa,Match Finished,FT,90.0,,307,Pro League,Saudi-Arabia,2018,Regular Season - 5,True,2931,Al-Fateh,True,2938,Al-Ittihad FC,False,2.0,0.0,1.0,0.0,2.0,0.0
312951,N. Pitana,UTC,2020-08-30 15:40:00+00:00,1598802000,1598802000.0,1598805600.0,1363.0,Prince Abdullah bin Jalawi Sports City Stadium,Al-Hasa,Match Finished,FT,90.0,,307,Pro League,Saudi-Arabia,2019,Regular Season - 28,True,2931,Al-Fateh,,2938,Al-Ittihad FC,,1.0,1.0,1.0,0.0,1.0,1.0
635882,Khaled Al Teris,UTC,2020-10-24 16:55:00+00:00,1603558500,1603558500.0,1603562100.0,1363.0,Prince Abdullah bin Jalawi Sports City Stadium,Al-Hasa,Match Finished,FT,90.0,,307,Pro League,Saudi-Arabia,2020,Regular Season - 2,True,2931,Al-Fateh,,2938,Al-Ittihad FC,,2.0,2.0,0.0,1.0,2.0,2.0
812245,Khaled Salwi,UTC,2021-12-20 14:35:00+00:00,1640010900,1640010900.0,1640014500.0,1363.0,Prince Abdullah bin Jalawi Sports City Stadium,Al-Hasa,Match Finished,FT,90.0,,504,King's Cup,Saudi-Arabia,2022,Round of 16,False,2931,Al-Fateh,False,2938,Al-Ittihad FC,True,2.0,3.0,2.0,1.0,2.0,3.0
851990,Sami Al Jires,UTC,2022-05-06 15:50:00+00:00,1651852200,1651852200.0,1651855800.0,1363.0,Prince Abdullah bin Jalawi Sports City Stadium,Al-Hasa,Match Finished,FT,90.0,,307,Pro League,Saudi-Arabia,2021,Regular Season - 26,True,2931,Al-Fateh,,2938,Al-Ittihad FC,,4.0,4.0,2.0,3.0,4.0,4.0
976693,A. Matonte,UTC,2023-03-18 13:00:00+00:00,1679144400,1679144400.0,1679148000.0,1363.0,Prince Abdullah bin Jalawi Sports City Stadium,Al-Hasa,Match Finished,FT,90.0,,307,Pro League,Saudi-Arabia,2022,Regular Season - 21,True,2931,Al-Fateh,False,2938,Al-Ittihad FC,True,1.0,5.0,1.0,1.0,1.0,5.0
1074451,S. Karasev,UTC,2024-03-16 19:00:00+00:00,1710615600,1710615600.0,1710619200.0,1363.0,Al Fateh Club Stadium,Al-Hasa,Match Finished,FT,90.0,,307,Pro League,Saudi-Arabia,2023,Regular Season - 24,True,2931,Al-Fateh,False,2938,Al-Ittihad FC,True,2.0,4.0,1.0,2.0,2.0,4.0
1252667,F. Tello,UTC,2025-04-17 18:00:00+00:00,1744912800,1744912800.0,1744916400.0,,Al Fateh Club Stadium,Al-Hofuf,Match Finished,FT,90.0,11.0,307,Pro League,Saudi-Arabia,2024,Regular Season - 28,True,2931,Al-Fateh,True,2938,Al-Ittihad FC,False,2.0,0.0,1.0,0.0,2.0,0.0
1436080,M. Al Shamrani,UTC,2026-01-29 15:00:00+00:00,1769698800,1769698800.0,1769702400.0,22271.0,Al Fateh club stadium,Al-Hofuf,Match Finished,FT,90.0,11.0,307,Pro League,Saudi-Arabia,2025,Regular Season - 19,True,2931,Al-Fateh,,2938,Al-Ittihad FC,,2.0,2.0,0.0,1.0,2.0,2.0
1603004,"Faisal Suleiman Al-Balawi, Saudi Arabia",UTC,2026-08-29 18:00:00+00:00,1788026400,1788026400.0,1788030000.0,22271.0,Al Fateh club stadium,Al-Hofuf,Match Finished,FT,90.0,,307,Pro League,Saudi-Arabia,2026,Regular Season - 4,True,2931,Al-Fateh,,2938,Al-Ittihad FC,,0.0,0.0,0.0,0.0,0.0,0.0
110220,,UTC,2016-12-17 14:25:00+00:00,1481984700,1481984700.0,1481988300.0,1364.0,King Abdullah Sports City,Jeddah,Match Finished,FT,90.0,,307,Pro League,Saudi-Arabia,2016,Regular Season - 13,True,2938,Al-Ittihad FC,True,2931,Al-Fateh,False,3.0,2.0,1.0,2.0,3.0,2.0
110350,,UTC,2018-02-17 16:30:00+00:00,1518885000,1518885000.0,1518888600.0,,King Abdullah Sports City (Jeddah),,Match Finished,FT,90.0,,307,Pro League,Saudi-Arabia,2017,Regular Season - 22,True,2938,Al-Ittihad FC,,2931,Al-Fateh,,0.0,0.0,0.0,0.0,0.0,0.0
151923,"Anastasios Sidiropoulos, Greece",UTC,2019-05-11 19:30:00+00:00,1557603000,1557603000.0,1557606600.0,1364.0,King Abdullah Sports City,Jeddah,Match Finished,FT,90.0,,307,Pro League,Saudi-Arabia,2018,Regular Season - 29,True,2938,Al-Ittihad FC,True,2931,Al-Fateh,False,6.0,2.0,4.0,1.0,6.0,2.0
234877,I. Kovacs,UTC,2019-12-28 15:50:00+00:00,1577548200,1577548200.0,1577551800.0,,King Abdul Aziz Stadium,Mecca,Match Finished,FT,90.0,,307,Pro League,Saudi-Arabia,2019,Regular Season - 13,True,2938,Al-Ittihad FC,,2931,Al-Fateh,,1.0,1.0,0.0,0.0,1.0,1.0
335997,O. Hațegan,UTC,2020-01-01 15:30:00+00:00,1577892600,1577892600.0,1577896200.0,10517.0,King Abdullah Sport City Stadium,Buraidah,Match Finished,FT,90.0,,504,King's Cup,Saudi-Arabia,2020,8th Finals,False,2938,Al-Ittihad FC,False,2931,Al-Fateh,True,1.0,2.0,1.0,1.0,1.0,2.0
657773,Ahmad Al Rumaikhani,UTC,2021-02-04 14:50:00+00:00,1612450200,1612450200.0,1612453800.0,10518.0,King Abdulaziz Sports City Stadium,Mecca,Match Finished,FT,90.0,,307,Pro League,Saudi-Arabia,2020,Regular Season - 17,True,2938,Al-Ittihad FC,True,2931,Al-Fateh,False,4.0,1.0,2.0,1.0,4.0,1.0
686932,Majed Al Shamrani,UTC,2021-03-16 17:45:00+00:00,1615916700,1615916700.0,1615920300.0,10518.0,King Abdulaziz Sports City Stadium,Mecca,Match Finished,AET,120.0,,504,King's Cup,Saudi-Arabia,2021,Quarter-finals,False,2938,Al-Ittihad FC,False,2931,Al-Fateh,True,1.0,2.0,0.0,0.0,0.0,0.0
740049,Ahmad Al Rumaikhani,UTC,2021-11-04 15:45:00+00:00,1636040700,1636040700.0,1636044300.0,1364.0,King Abdullah Sports City,Jeddah,Match Finished,FT,90.0,,307,Pro League,Saudi-Arabia,2021,Regular Season - 11,True,2938,Al-Ittihad FC,True,2931,Al-Fateh,False,3.0,0.0,2.0,0.0,3.0,0.0
931953,G. Kabakov,UTC,2022-10-07 18:00:00+00:00,1665165600,1665165600.0,1665169200.0,1364.0,King Abdullah Sports City,Jeddah,Match Finished,FT,90.0,,307,Pro League,Saudi-Arabia,2022,Regular Season - 6,True,2938,Al-Ittihad FC,True,2931,Al-Fateh,False,3.0,1.0,1.0,0.0,3.0,1.0
1074296,D. Orsato,UTC,2023-09-21 18:00:00+00:00,1695319200,1695319200.0,1695322800.0,19932.0,Prince Abdullah al-Faisal Stadium,Jeddah,Match Finished,FT,90.0,,307,Pro League,Saudi-Arabia,2023,Regular Season - 7,True,2938,Al-Ittihad FC,True,2931,Al-Fateh,False,2.0,1.0,2.0,1.0,2.0,1.0
1252515,Sultan Alharbi,UTC,2024-11-24 17:00:00+00:00,1732467600,1732467600.0,1732471200.0,19932.0,Prince Abdullah al-Faisal Stadium,Jeddah,Match Finished,FT,90.0,12.0,307,Pro League,Saudi-Arabia,2024,Regular Season - 11,True,2938,Al-Ittihad FC,True,2931,Al-Fateh,False,2.0,0.0,0.0,0.0,2.0,0.0
1435927,F. Al Balawi,UTC,2025-09-12 18:00:00+00:00,1757700000,1757700000.0,1757703600.0,1364.0,King Abdullah Sports City,Jeddah,Match Finished,FT,90.0,9.0,307,Pro League,Saudi-Arabia,2025,Regular Season - 2,True,2938,Al-Ittihad FC,True,2931,Al-Fateh,False,4.0,2.0,3.0,1.0,4.0,2.0
1603157,,UTC,2027-02-25 19:00:00+00:00,1803582000,,,1364.0,King Abdullah Sports City,Jeddah,Not Started,NS,,,307,Pro League,Saudi-Arabia,2026,Regular Season - 21,True,2938,Al-Ittihad FC,,2931,Al-Fateh,,,,,,,
110216,,UTC,2016-12-21 15:45:00+00:00,1482335100,1482335100.0,1482338700.0,,Prince Abdullah bin Jalawi Stadium,Al-Hasa,Match Finished,FT,90.0,,307,Pro League,Saudi-Arabia,2016,Regular Season - 14,True,2931,Al-Fateh,False,2939,Al-Nassr,True,1.0,2.0,1.0,0.0,1.0,2.0
110323,,UTC,2018-04-07 15:40:00+00:00,1523115600,1523115600.0,1523119200.0,,Prince Abdullah bin Jalawi Sports City Stadium (Al-Hasa),,Match Finished,FT,90.0,,307,Pro League,Saudi-Arabia,2017,Regular Season - 25,True,2931,Al-Fateh,,2939,Al-Nassr,,1.0,1.0,0.0,1.0,1.0,1.0
151809,"Alberto Undiano, Spain",UTC,2018-12-28 11:00:00+00:00,1545994800,1545994800.0,1545998400.0,,Prince Abdullah bin Jalawi Stadium,Al-Hasa,Match Finished,FT,90.0,,307,Pro League,Saudi-Arabia,2018,Regular Season - 15,True,2931,Al-Fateh,,2939,Al-Nassr,,0.0,0.0,0.0,0.0,0.0,0.0
234789,O. Hațegan,UTC,2019-08-30 17:40:00+00:00,1567186800,1567186800.0,1567190400.0,1363.0,Prince Abdullah bin Jalawi Sports City Stadium,Al-Hasa,Match Finished,FT,90.0,,307,Pro League,Saudi-Arabia,2019,Regular Season - 2,True,2931,Al-Fateh,False,2939,Al-Nassr,True,0.0,1.0,0.0,0.0,0.0,1.0
657770,Khaled Al Teris,UTC,2021-02-09 14:10:00+00:00,1612879800,1612879800.0,1612883400.0,1363.0,Prince Abdullah bin Jalawi Sports City Stadium,Al-Hasa,Match Finished,FT,90.0,,307,Pro League,Saudi-Arabia,2020,Regular Season - 16,True,2931,Al-Fateh,,2939,Al-Nassr,,1.0,1.0,0.0,0.0,1.0,1.0
740078,O. Hațegan,UTC,2022-01-01 13:40:00+00:00,1641044400,1641044400.0,1641048000.0,1363.0,Prince Abdullah bin Jalawi Sports City Stadium,Al-Hasa,Match Finished,FT,90.0,,307,Pro League,Saudi-Arabia,2021,Regular Season - 15,True,2931,Al-Fateh,False,2939,Al-Nassr,True,0.0,1.0,0.0,0.0,0.0,1.0
932021,F. Rapallini,UTC,2023-02-03 14:00:00+00:00,1675432800,1675432800.0,1675436400.0,1363.0,Prince Abdullah bin Jalawi Sports City Stadium,Al-Hasa,Match Finished,FT,90.0,,307,Pro League,Saudi-Arabia,2022,Regular Season - 15,True,2931,Al-Fateh,,2939,Al-Nassr,,2.0,2.0,1.0,1.0,2.0,2.0
1074265,Abdullah Al-Harbi,UTC,2023-08-25 18:00:00+00:00,1692986400,1692986400.0,1692990000.0,1363.0,Prince Abdullah bin Jalawi Sports City Stadium,Al-Hasa,Match Finished,FT,90.0,,307,Pro League,Saudi-Arabia,2023,Regular Season - 3,True,2931,Al-Fateh,False,2939,Al-Nassr,True,0.0,5.0,0.0,2.0,0.0,5.0
1252717,S. Marciniak,UTC,2025-05-26 18:00:00+00:00,1748282400,1748282400.0,1748286000.0,,Al Fateh Club Stadium,Al-Hofuf,Match Finished,FT,90.0,10.0,307,Pro League,Saudi-Arabia,2024,Regular Season - 34,True,2931,Al-Fateh,True,2939,Al-Nassr,False,3.0,2.0,1.0,1.0,3.0,2.0
1436108,A. Al Rumaikhani,UTC,2026-02-14 17:30:00+00:00,1771090200,1771090200.0,1771093800.0,22271.0,Al Fateh club stadium,Al-Hofuf,Match Finished,FT,90.0,11.0,307,Pro League,Saudi-Arabia,2025,Regular Season - 22,True,2931,Al-Fateh,False,2939,Al-Nassr,True,0.0,2.0,0.0,1.0,0.0,2.0
1603127,,UTC,2026-12-14 17:00:00+00:00,1797267600,,,,Al Fateh club stadium,Al-Hofuf,Not Started,NS,,,307,Pro League,Saudi-Arabia,2026,Regular Season - 18,True,2931,Al-Fateh,,2939,Al-Nassr,,,,,,,
110306,,UTC,2016-08-12 18:05:00+00:00,1471025100,1471025100.0,1471028700.0,,King Fahd Stadium,Riyadh,Match Finished,FT,90.0,,307,Pro League,Saudi-Arabia,2016,Regular Season - 1,True,2939,Al-Nassr,True,2931,Al-Fateh,False,4.0,1.0,2.0,0.0,4.0,1.0
110421,Artur Soares Dias,UTC,2017-11-29 15:40:00+00:00,1511970000,1511970000.0,1511973600.0,,King Fahd Stadium,Riyadh,Match Finished,FT,90.0,,307,Pro League,Saudi-Arabia,2017,Regular Season - 12,True,2939,Al-Nassr,True,2931,Al-Fateh,False,3.0,1.0,2.0,0.0,3.0,1.0
151911,"Viktor Kassai, Hungary",UTC,2019-04-18 17:45:00+00:00,1555609500,1555609500.0,1555613100.0,1370.0,Prince Mohamed Bin Fahd Stadium,Dammam,Match Finished,FT,90.0,,307,Pro League,Saudi-Arabia,2018,Regular Season - 28,True,2939,Al-Nassr,True,2931,Al-Fateh,False,5.0,0.0,3.0,0.0,5.0,0.0
312868,I. Bebek,UTC,2020-02-06 14:20:00+00:00,1580998800,1580998800.0,1581002400.0,1374.0,Prince Faisal bin Fahd Stadium,Riyadh,Match Finished,FT,90.0,,307,Pro League,Saudi-Arabia,2019,Regular Season - 17,True,2939,Al-Nassr,,2931,Al-Fateh,,1.0,1.0,0.0,0.0,1.0,1.0
635872,Majed Al Shamrani,UTC,2020-10-18 15:00:00+00:00,1603033200,1603033200.0,1603036800.0,1374.0,Prince Faisal bin Fahd Stadium,Riyadh,Match Finished,FT,90.0,,307,Pro League,Saudi-Arabia,2020,Regular Season - 1,True,2939,Al-Nassr,False,2931,Al-Fateh,True,1.0,2.0,0.0,1.0,1.0,2.0
852021,Sami Al Jires,UTC,2022-06-27 18:00:00+00:00,1656352800,1656352800.0,1656356400.0,12277.0,Mrsool Park,Riyadh,Match Finished,FT,90.0,,307,Pro League,Saudi-Arabia,2021,Regular Season - 30,True,2939,Al-Nassr,True,2931,Al-Fateh,False,2.0,1.0,1.0,1.0,2.0,1.0
976770,Artur Soares Dias,UTC,2023-05-31 18:00:00+00:00,1685556000,1685556000.0,1685559600.0,12277.0,Al Awal Park at King Saud University,Riyadh,Match Finished,FT,90.0,,307,Pro League,Saudi-Arabia,2022,Regular Season - 30,True,2939,Al-Nassr,True,2931,Al-Fateh,False,3.0,0.0,1.0,0.0,3.0,0.0
1074411,Sami Al Jires,UTC,2024-02-17 17:00:00+00:00,1708189200,1708189200.0,1708192800.0,1374.0,Al Awal Park at King Saud University,Riyadh,Match Finished,FT,90.0,,307,Pro League,Saudi-Arabia,2023,Regular Season - 20,True,2939,Al-Nassr,True,2931,Al-Fateh,False,2.0,1.0,1.0,1.0,2.0,1.0
1252569,A. Treimanis,UTC,2025-01-26 17:00:00+00:00,1737910800,1737910800.0,1737914400.0,19933.0,Al-Awwal Park,Riyadh,Match Finished,FT,90.0,10.0,307,Pro League,Saudi-Arabia,2024,Regular Season - 17,True,2939,Al-Nassr,True,2931,Al-Fateh,False,3.0,1.0,1.0,0.0,3.0,1.0
1435954,"Abdullah Al-Shehri, Saudi Arabia",UTC,2025-10-18 18:00:00+00:00,1760810400,1760810400.0,1760814000.0,,King Saud University Stadium,Riyadh,Match Finished,FT,90.0,4.0,307,Pro League,Saudi-Arabia,2025,Regular Season - 5,True,2939,Al-Nassr,True,2931,Al-Fateh,False,5.0,1.0,1.0,0.0,5.0,1.0
1602980,"Faisal Suleiman Al-Balawi, Saudi Arabia",UTC,2026-08-15 18:00:00+00:00,1786816800,1786816800.0,1786820400.0,,Al-Awwal Park,Riyadh,Match Finished,FT,90.0,4.0,307,Pro League,Saudi-Arabia,2026,Regular Season - 1,True,2939,Al-Nassr,True,2931,Al-Fateh,False,3.0,0.0,2.0,0.0,3.0,0.0
110173,,UTC,2017-03-04 14:25:00+00:00,1488637500,1488637500.0,1488641100.0,,Prince Abdullah bin Jalawi Stadium,Al-Hasa,Match Finished,FT,90.0,,307,Pro League,Saudi-Arabia,2016,Regular Season - 20,True,2931,Al-Fateh,,2940,Al Shabab,,1.0,1.0,1.0,1.0,1.0,1.0
110358,,UTC,2018-02-10 14:15:00+00:00,1518272100,1518272100.0,1518275700.0,,Prince Abdullah bin Jalawi Sports City Stadium (Al-Hasa),,Match Finished,FT,90.0,,307,Pro League,Saudi-Arabia,2017,Regular Season - 21,True,2931,Al-Fateh,True,2940,Al Shabab,False,1.0,0.0,0.0,0.0,1.0,0.0
151845,"Martin Van den Kerkhof, Netherlands",UTC,2019-02-09 14:10:00+00:00,1549721400,1549721400.0,1549725000.0,,Prince Abdullah bin Jalawi Stadium,Al-Hasa,Match Finished,FT,90.0,,307,Pro League,Saudi-Arabia,2018,Regular Season - 19,True,2931,Al-Fateh,True,2940,Al Shabab,False,1.0,0.0,0.0,0.0,1.0,0.0
234782,M. van den Kerkhof,UTC,2019-08-24 15:50:00+00:00,1566661800,1566661800.0,1566665400.0,1363.0,Prince Abdullah bin Jalawi Sports City Stadium,Al-Hasa,Match Finished,FT,90.0,,307,Pro League,Saudi-Arabia,2019,Regular Season - 1,True,2931,Al-Fateh,False,2940,Al Shabab,True,1.0,2.0,0.0,1.0,1.0,2.0
635897,Faisal Alblwi,UTC,2020-11-07 13:35:00+00:00,1604756100,1604756100.0,1604759700.0,1363.0,Prince Abdullah bin Jalawi Sports City Stadium,Al-Hasa,Match Finished,FT,90.0,,307,Pro League,Saudi-Arabia,2020,Regular Season - 4,True,2931,Al-Fateh,False,2940,Al Shabab,True,1.0,3.0,1.0,0.0,1.0,3.0
739983,Turki Al Khudair,UTC,2021-08-26 15:45:00+00:00,1629992700,1629992700.0,1629996300.0,1363.0,Prince Abdullah bin Jalawi Sports City Stadium,Al-Hasa,Match Finished,FT,90.0,,307,Pro League,Saudi-Arabia,2021,Regular Season - 3,True,2931,Al-Fateh,True,2940,Al Shabab,False,2.0,0.0,1.0,0.0,2.0,0.0
931981,Mohammed Al Hoaish,UTC,2022-12-26 11:30:00+00:00,1672054200,1672054200.0,1672057800.0,1363.0,Prince Abdullah bin Jalawi Sports City Stadium,Al-Hasa,Match Finished,FT,90.0,,307,Pro League,Saudi-Arabia,2022,Regular Season - 10,True,2931,Al-Fateh,True,2940,Al Shabab,False,4.0,1.0,1.0,0.0,4.0,1.0
1074385,Mamdouh Al Shahdan,UTC,2023-12-15 15:00:00+00:00,1702652400,1702652400.0,1702656000.0,1363.0,Al Fateh Club Stadium,Al-Hasa,Match Finished,FT,90.0,,307,Pro League,Saudi-Arabia,2023,Regular Season - 17,True,2931,Al-Fateh,,2940,Al Shabab,,1.0,1.0,1.0,0.0,1.0,1.0
1136335,Sami Al Jires,UTC,2023-10-31 12:15:00+00:00,1698754500,1698754500.0,1698758100.0,1363.0,Prince Abdullah bin Jalawi Sports City Stadium,Al-Hasa,Match Finished,AET,120.0,,504,King's Cup,Saudi-Arabia,2024,Round of 16,False,2931,Al-Fateh,False,2940,Al Shabab,True,1.0,2.0,1.0,0.0,1.0,1.0
1252685,Khalid Al Turais,UTC,2025-05-01 18:00:00+00:00,1746122400,1746122400.0,1746126000.0,,Al Fateh Club Stadium,Al-Hofuf,Match Finished,FT,90.0,9.0,307,Pro League,Saudi-Arabia,2024,Regular Season - 30,True,2931,Al-Fateh,True,2940,Al Shabab,False,3.0,1.0,3.0,1.0,3.0,1.0
1436021,"Ahmad Al Rumaikhani, Saudi Arabia",UTC,2026-01-03 13:10:00+00:00,1767445800,1767445800.0,1767449400.0,22271.0,Al Fateh club stadium,Al-Hofuf,Match Finished,FT,90.0,11.0,307,Pro League,Saudi-Arabia,2025,Regular Season - 13,True,2931,Al-Fateh,True,2940,Al Shabab,False,2.0,0.0,1.0,0.0,2.0,0.0
1603064,,UTC,2026-10-22 14:45:00+00:00,1792680300,,,,Al Fateh club stadium,Al-Hofuf,Not Started,NS,,,307,Pro League,Saudi-Arabia,2026,Regular Season - 11,True,2931,Al-Fateh,,2940,Al Shabab,,,,,,,
110264,,UTC,2016-10-29 15:10:00+00:00,1477753800,1477753800.0,1477757400.0,1374.0,Prince Faisal bin Fahd Stadium,Riyadh,Match Finished,FT,90.0,,307,Pro League,Saudi-Arabia,2016,Regular Season - 7,True,2940,Al Shabab,True,2931,Al-Fateh,False,2.0,0.0,0.0,0.0,2.0,0.0
110442,Sultan Al-Harbi,UTC,2017-10-27 15:00:00+00:00,1509116400,1509116400.0,1509120000.0,1374.0,Prince Faisal bin Fahd Stadium,Riyadh,Match Finished,FT,90.0,,307,Pro League,Saudi-Arabia,2017,Regular Season - 8,True,2940,Al Shabab,,2931,Al-Fateh,,1.0,1.0,0.0,1.0,1.0,1.0
151712,P. Raczkowski,UTC,2018-09-20 15:30:00+00:00,1537457400,1537457400.0,1537461000.0,1374.0,Prince Faisal bin Fahd Stadium,Riyadh,Match Finished,FT,90.0,,307,Pro League,Saudi-Arabia,2018,Regular Season - 3,True,2940,Al Shabab,,2931,Al-Fateh,,1.0,1.0,1.0,1.0,1.0,1.0
312863,Turki Al Khudair,UTC,2020-02-01 14:15:00+00:00,1580566500,1580566500.0,1580570100.0,1374.0,Prince Faisal bin Fahd Stadium,Riyadh,Match Finished,FT,90.0,,307,Pro League,Saudi-Arabia,2019,Regular Season - 16,True,2940,Al Shabab,True,2931,Al-Fateh,False,2.0,1.0,0.0,1.0,2.0,1.0
657789,Mohammed Alharbi,UTC,2021-02-17 14:25:00+00:00,1613571900,1613571900.0,1613575500.0,,Al-Shabab Club Stadium,Riyadh,Match Finished,FT,90.0,,307,Pro League,Saudi-Arabia,2020,Regular Season - 19,True,2940,Al Shabab,False,2931,Al-Fateh,True,1.0,2.0,1.0,0.0,1.0,2.0
813343,Sami Al Jires,UTC,2022-01-20 14:10:00+00:00,1642687800,1642687800.0,1642691400.0,1374.0,Prince Faisal bin Fahd Stadium,Riyadh,Match Finished,FT,90.0,,307,Pro League,Saudi-Arabia,2021,Regular Season - 18,True,2940,Al Shabab,,2931,Al-Fateh,,1.0,1.0,0.0,0.0,1.0,1.0
976725,A. Treimanis,UTC,2023-05-03 18:30:00+00:00,1683138600,1683138600.0,1683142200.0,1374.0,Prince Faisal bin Fahd Stadium,Riyadh,Match Finished,FT,90.0,,307,Pro League,Saudi-Arabia,2022,Regular Season - 25,True,2940,Al Shabab,True,2931,Al-Fateh,False,1.0,0.0,0.0,0.0,1.0,0.0
1074539,Abdullah Al-Harbi,UTC,2024-05-27 18:00:00+00:00,1716832800,1716832800.0,1716836400.0,,Al-Shabab Club Stadium,Riyadh,Match Finished,FT,90.0,,307,Pro League,Saudi-Arabia,2023,Regular Season - 34,True,2940,Al Shabab,True,2931,Al-Fateh,False,3.0,2.0,1.0,0.0,3.0,2.0
1252535,Majed Alshamrani,UTC,2024-12-05 17:00:00+00:00,1733418000,1733418000.0,1733421600.0,,Al-Shabab Club Stadium,Riyadh,Match Finished,FT,90.0,14.0,307,Pro League,Saudi-Arabia,2024,Regular Season - 13,True,2940,Al Shabab,,2931,Al-Fateh,,2.0,2.0,0.0,0.0,2.0,2.0
1436177,A. Al Rumaikhani,UTC,2026-04-28 16:00:00+00:00,1777392000,1777392000.0,1777395600.0,1374.0,Al-Shabab Club Stadium,Riyadh,Match Finished,FT,90.0,8.0,307,Pro League,Saudi-Arabia,2025,Regular Season - 30,True,2940,Al Shabab,,2931,Al-Fateh,,1.0,1.0,0.0,1.0,1.0,1.0
1603222,,UTC,2027-04-22 18:00:00+00:00,1808416800,,,,Al-Shabab Club Stadium,Riyadh,Not Started,NS,,,307,Pro League,Saudi-Arabia,2026,Regular Season - 28,True,2940,Al Shabab,,2931,Al-Fateh,,,,,,,
110348,,UTC,2018-03-01 14:25:00+00:00,1519914300,1519914300.0,1519917900.0,,Prince Abdullah bin Jalawi Sports City Stadium (Al-Hasa),,Match Finished,FT,90.0,,307,Pro League,Saudi-Arabia,2017,Regular Season - 23,True,2931,Al-Fateh,True,2944,Al-Fayha,False,3.0,2.0,2.0,1.0,3.0,2.0
151751,Bruin Manchost,UTC,2018-11-01 13:35:00+00:00,1541079300,1541079300.0,1541082900.0,,Prince Abdullah bin Jalawi Stadium,Al-Hasa,Match Finished,FT,90.0,,307,Pro League,Saudi-Arabia,2018,Regular Season - 8,True,2931,Al-Fateh,False,2944,Al-Fayha,True,1.0,2.0,0.0,0.0,1.0,2.0
312917,Turki Al Khudair,UTC,2020-08-04 16:00:00+00:00,1596556800,1596556800.0,1596560400.0,1363.0,Prince Abdullah bin Jalawi Sports City Stadium,Al-Hasa,Match Finished,FT,90.0,,307,Pro League,Saudi-Arabia,2019,Regular Season - 23,True,2931,Al-Fateh,True,2944,Al-Fayha,False,2.0,0.0,1.0,0.0,2.0,0.0
739979,Abdullah Al-Harbi,UTC,2021-08-21 15:50:00+00:00,1629561000,1629561000.0,1629564600.0,1363.0,Prince Abdullah bin Jalawi Sports City Stadium,Al-Hasa,Match Finished,FT,90.0,,307,Pro League,Saudi-Arabia,2021,Regular Season - 2,True,2931,Al-Fateh,,2944,Al-Fayha,,1.0,1.0,1.0,1.0,1.0,1.0
931989,Sultan Alharbi,UTC,2022-12-30 11:30:00+00:00,1672399800,1672399800.0,1672403400.0,1363.0,Prince Abdullah bin Jalawi Sports City Stadium,Al-Hasa,Match Finished,FT,90.0,,307,Pro League,Saudi-Arabia,2022,Regular Season - 11,True,2931,Al-Fateh,False,2944,Al-Fayha,True,0.0,2.0,0.0,0.0,0.0,2.0
1074361,Fareeh Al Jaloud,UTC,2023-11-25 18:00:00+00:00,1700935200,1700935200.0,1700938800.0,1363.0,Al Fateh Club Stadium,Al-Hasa,Match Finished,FT,90.0,,307,Pro League,Saudi-Arabia,2023,Regular Season - 14,True,2931,Al-Fateh,False,2944,Al-Fayha,True,0.0,1.0,0.0,1.0,0.0,1.0
1252496,Ahmad Al Rumaikhani,UTC,2024-11-02 14:35:00+00:00,1730558100,1730558100.0,1730561700.0,,Al Fateh Club Stadium,Al-Hofuf,Match Finished,FT,90.0,7.0,307,Pro League,Saudi-Arabia,2024,Regular Season - 9,True,2931,Al-Fateh,,2944,Al-Fayha,,1.0,1.0,0.0,1.0,1.0,1.0
1435919,A. Al Harbi,UTC,2025-08-30 15:55:00+00:00,1756569300,1756569300.0,1756572900.0,22271.0,Al Fateh club stadium,Al-Hofuf,Match Finished,FT,90.0,11.0,307,Pro League,Saudi-Arabia,2025,Regular Season - 1,True,2931,Al-Fateh,False,2944,Al-Fayha,True,1.0,2.0,1.0,2.0,1.0,2.0
1603246,,UTC,2027-05-12 18:00:00+00:00,1810144800,,,,Al Fateh club stadium,Al-Hofuf,Not Started,NS,,,307,Pro League,Saudi-Arabia,2026,Regular Season - 31,True,2931,Al-Fateh,,2944,Al-Fayha,,,,,,,
110430,M. Clattenburg,UTC,2017-11-18 13:50:00+00:00,1511013000,1511013000.0,1511016600.0,,Prince Salman Bin Abdulaziz Sport City Stadium,Al Majma'ah,Match Finished,FT,90.0,,307,Pro League,Saudi-Arabia,2017,Regular Season - 10,True,2944,Al-Fayha,False,2931,Al-Fateh,True,1.0,3.0,1.0,2.0,1.0,3.0
151851,Turki Al Khudair,UTC,2019-02-14 11:45:00+00:00,1550144700,1550144700.0,1550148300.0,,Prince Salman Bin Abdulaziz Sport City Stadium,Al Majma'ah,Match Finished,FT,90.0,,307,Pro League,Saudi-Arabia,2018,Regular Season - 20,True,2944,Al-Fayha,False,2931,Al-Fateh,True,1.0,2.0,1.0,0.0,1.0,2.0
234837,António Nobre,UTC,2019-10-25 15:00:00+00:00,1572015600,1572015600.0,1572019200.0,1367.0,Al Majma'ah Sports City Stadium,Al Majma'ah,Match Finished,FT,90.0,,307,Pro League,Saudi-Arabia,2019,Regular Season - 8,True,2944,Al-Fayha,True,2931,Al-Fateh,False,3.0,1.0,0.0,1.0,3.0,1.0
336102,,UTC,2018-01-24 12:35:00+00:00,1516797300,1516797300.0,1516800900.0,,King Salman bin Abdulaziz Sport City Stadium,Al Majma'ah,Match Finished,AET,120.0,,504,King's Cup,Saudi-Arabia,2018,8th Finals,False,2944,Al-Fayha,True,2931,Al-Fateh,False,2.0,1.0,1.0,0.0,1.0,1.0
813334,Khaled Al Teris,UTC,2022-01-13 11:30:00+00:00,1642073400,1642073400.0,1642077000.0,1367.0,Al Majma'ah Sports City Stadium,Al Majma'ah,Match Finished,FT,90.0,,307,Pro League,Saudi-Arabia,2021,Regular Season - 17,True,2944,Al-Fayha,,2931,Al-Fateh,,0.0,0.0,0.0,0.0,0.0,0.0
976732,Sami Al Jires,UTC,2023-05-09 16:00:00+00:00,1683648000,1683648000.0,1683651600.0,1367.0,Al Majma'ah Sports City Stadium,Al Majma'ah,Match Finished,FT,90.0,,307,Pro League,Saudi-Arabia,2022,Regular Season - 26,True,2944,Al-Fayha,True,2931,Al-Fateh,False,3.0,0.0,2.0,0.0,3.0,0.0
1074514,Mohammed Abu Shaqarah,UTC,2024-05-09 15:00:00+00:00,1715266800,1715266800.0,1715270400.0,1367.0,Al Majma'ah Sports City Stadium,Al Majma'ah,Match Finished,FT,90.0,,307,Pro League,Saudi-Arabia,2023,Regular Season - 31,True,2944,Al-Fayha,,2931,Al-Fateh,,2.0,2.0,1.0,0.0,2.0,2.0
1252650,Ahmad Al Rumaikhani,UTC,2025-04-06 14:25:00+00:00,1743949500,1743949500.0,1743953100.0,1367.0,Al Majma'ah Sports City Stadium,Al Majma'ah,Match Finished,FT,90.0,7.0,307,Pro League,Saudi-Arabia,2024,Regular Season - 26,True,2944,Al-Fayha,,2931,Al-Fateh,,1.0,1.0,0.0,1.0,1.0,1.0
1436072,M. Abu Shaqarah,UTC,2026-01-25 17:30:00+00:00,1769362200,1769362200.0,1769365800.0,1367.0,King Abdullah Sports City Stadium,Buraidah,Match Finished,FT,90.0,6.0,307,Pro League,Saudi-Arabia,2025,Regular Season - 18,True,2944,Al-Fayha,True,2931,Al-Fateh,False,2.0,0.0,0.0,0.0,2.0,0.0
1603090,,UTC,2026-11-20 17:00:00+00:00,1795194000,,,,King Abdullah Sports City Stadium,Buraidah,Not Started,NS,,,307,Pro League,Saudi-Arabia,2026,Regular Season - 14,True,2944,Al-Fayha,,2931,Al-Fateh,,,,,,,
151789,"Wilmar Roldan, Colombia",UTC,2018-12-08 13:30:00+00:00,1544275800,1544275800.0,1544279400.0,,Prince Abdullah bin Jalawi Stadium,Al-Hasa,Match Finished,FT,90.0,,307,Pro League,Saudi-Arabia,2018,Regular Season - 12,True,2931,Al-Fateh,True,2945,Al-Hazm,False,3.0,2.0,1.0,1.0,3.0,2.0
234871,V. Kassai,UTC,2019-12-20 13:35:00+00:00,1576848900,1576848900.0,1576852500.0,1363.0,Prince Abdullah bin Jalawi Sports City Stadium,Al-Hasa,Match Finished,FT,90.0,,307,Pro League,Saudi-Arabia,2019,Regular Season - 12,True,2931,Al-Fateh,True,2945,Al-Hazm,False,2.0,1.0,1.0,1.0,2.0,1.0
336087,,UTC,2018-01-05 12:05:00+00:00,1515153900,1515153900.0,1515157500.0,1363.0,Prince Abdullah bin Jalawi Sports City Stadium,Al-Hasa,Match Finished,FT,90.0,,504,King's Cup,Saudi-Arabia,2018,16th Finals,False,2931,Al-Fateh,True,2945,Al-Hazm,False,1.0,0.0,,,1.0,0.0
740009,Mohammed Alharbi,UTC,2021-09-25 15:15:00+00:00,1632582900,1632582900.0,1632586500.0,1363.0,Prince Abdullah bin Jalawi Sports City Stadium,Al-Hasa,Match Finished,FT,90.0,,307,Pro League,Saudi-Arabia,2021,Regular Season - 6,True,2931,Al-Fateh,False,2945,Al-Hazm,True,0.0,1.0,0.0,0.0,0.0,1.0
1074533,Fareeh Al Jaloud,UTC,2024-05-23 18:00:00+00:00,1716487200,1716487200.0,1716490800.0,1363.0,Al Fateh Club Stadium,Al-Hasa,Match Finished,FT,90.0,,307,Pro League,Saudi-Arabia,2023,Regular Season - 33,True,2931,Al-Fateh,True,2945,Al-Hazm,False,2.0,1.0,2.0,1.0,2.0,1.0
1436086,A. Ali Bakri,UTC,2026-02-01 17:30:00+00:00,1769967000,1769967000.0,1769970600.0,22271.0,Al Fateh club stadium,Al-Hofuf,Match Finished,FT,90.0,9.0,307,Pro League,Saudi-Arabia,2025,Regular Season - 20,True,2931,Al-Fateh,,2945,Al-Hazm,,1.0,1.0,0.0,1.0,1.0,1.0
1603199,,UTC,2027-04-15 18:00:00+00:00,1807812000,,,,Al Fateh club stadium,Al-Hofuf,Not Started,NS,,,307,Pro League,Saudi-Arabia,2026,Regular Season - 26,True,2931,Al-Fateh,,2945,Al-Hazm,,,,,,,
151887,"Joao Carlos Santos Capela, Portugal",UTC,2019-03-28 12:00:00+00:00,1553774400,1553774400.0,1553778000.0,,Al Hazem Club Stadium,Ar Rass,Match Finished,FT,90.0,,307,Pro League,Saudi-Arabia,2018,Regular Season - 25,True,2945,Al-Hazm,True,2931,Al-Fateh,False,1.0,0.0,0.0,0.0,1.0,0.0
312948,A. Kulbakov,UTC,2020-08-24 16:10:00+00:00,1598285400,1598285400.0,1598289000.0,,Ar-Rass Stadium,Rass,Match Finished,FT,90.0,,307,Pro League,Saudi-Arabia,2019,Regular Season - 27,True,2945,Al-Hazm,False,2931,Al-Fateh,True,3.0,4.0,1.0,1.0,3.0,4.0
824998,Khaled Al Teris,UTC,2022-02-18 12:00:00+00:00,1645185600,1645185600.0,1645189200.0,,Ar-Rass Stadium,Rass,Match Finished,FT,90.0,,307,Pro League,Saudi-Arabia,2021,Regular Season - 21,True,2945,Al-Hazm,False,2931,Al-Fateh,True,0.0,1.0,0.0,0.0,0.0,1.0
1074376,Ahmad Al Rumaikhani,UTC,2023-12-07 15:00:00+00:00,1701961200,1701961200.0,1701964800.0,,Ar-Rass Stadium,Rass,Match Finished,FT,90.0,,307,Pro League,Saudi-Arabia,2023,Regular Season - 16,True,2945,Al-Hazm,True,2931,Al-Fateh,False,2.0,0.0,2.0,0.0,2.0,0.0
1435938,A. Al Rumaikhani,UTC,2025-09-20 15:40:00+00:00,1758382800,1758382800.0,1758386400.0,,Al-Hazem Club Stadium,Ar Rass,Match Finished,FT,90.0,8.0,307,Pro League,Saudi-Arabia,2025,Regular Season - 3,True,2945,Al-Hazm,,2931,Al-Fateh,,0.0,0.0,0.0,0.0,0.0,0.0
1603047,,UTC,2026-10-15 15:15:00+00:00,1792077300,,,,Al-Hazem Club Stadium,Ar Rass,Not Started,NS,,,307,Pro League,Saudi-Arabia,2026,Regular Season - 9,True,2945,Al-Hazm,,2931,Al-Fateh,,,,,,,
312931,K. Tohver,UTC,2020-08-14 15:55:00+00:00,1597420500,1597420500.0,1597424100.0,1363.0,Prince Abdullah bin Jalawi Sports City Stadium,Al-Hasa,Match Finished,FT,90.0,,307,Pro League,Saudi-Arabia,2019,Regular Season - 25,True,2931,Al-Fateh,True,2951,Abha,False,2.0,1.0,2.0,1.0,2.0,1.0
635919,Mohammed Al Qarni,UTC,2020-12-07 13:30:00+00:00,1607347800,1607347800.0,1607351400.0,1363.0,Prince Abdullah bin Jalawi Sports City Stadium,Al-Hasa,Match Finished,FT,90.0,,307,Pro League,Saudi-Arabia,2020,Regular Season - 7,True,2931,Al-Fateh,False,2951,Abha,True,1.0,3.0,1.0,2.0,1.0,3.0
825018,Mohammed Al Esmaiel,UTC,2022-03-10 14:25:00+00:00,1646922300,1646922300.0,1646925900.0,1363.0,Prince Abdullah bin Jalawi Sports City Stadium,Al-Hasa,Match Finished,FT,90.0,,307,Pro League,Saudi-Arabia,2021,Regular Season - 24,True,2931,Al-Fateh,True,2951,Abha,False,3.0,0.0,0.0,0.0,3.0,0.0
931944,Sami Al Jires,UTC,2022-10-02 18:00:00+00:00,1664733600,1664733600.0,1664737200.0,1363.0,Prince Abdullah bin Jalawi Sports City Stadium,Al-Hasa,Match Finished,FT,90.0,,307,Pro League,Saudi-Arabia,2022,Regular Season - 5,True,2931,Al-Fateh,True,2951,Abha,False,3.0,0.0,1.0,0.0,3.0,0.0
1074323,Mohammed Alharbi,UTC,2023-10-20 18:00:00+00:00,1697824800,1697824800.0,1697828400.0,1363.0,Prince Abdullah bin Jalawi Sports City Stadium,Al-Hasa,Match Finished,FT,90.0,,307,Pro League,Saudi-Arabia,2023,Regular Season - 10,True,2931,Al-Fateh,True,2951,Abha,False,4.0,1.0,2.0,0.0,4.0,1.0
1603270,,UTC,2027-05-28 18:00:00+00:00,1811527200,,,,Al Fateh club stadium,Al-Hofuf,Not Started,NS,,,307,Pro League,Saudi-Arabia,2026,Regular Season - 34,True,2931,Al-Fateh,,2951,Abha,,,,,,,
234849,F. San,UTC,2019-11-22 11:30:00+00:00,1574422200,1574422200.0,1574425800.0,1362.0,Prince Sultan bin Abdul Aziz Stadium,Abha,Match Finished,FT,90.0,,307,Pro League,Saudi-Arabia,2019,Regular Season - 10,True,2951,Abha,True,2931,Al-Fateh,False,3.0,1.0,2.0,0.0,3.0,1.0
336005,A. Treimanis,UTC,2020-01-18 12:55:00+00:00,1579352100,1579352100.0,1579355700.0,10516.0,Prince Sultan bin Abdulaziz Sports City Stadium,Abha,Match Finished,PEN,120.0,,504,King's Cup,Saudi-Arabia,2020,Quarter-finals,False,2951,Abha,True,2931,Al-Fateh,False,1.0,1.0,1.0,0.0,1.0,1.0
657812,Sami Al Jires,UTC,2021-03-05 12:10:00+00:00,1614946200,1614946200.0,1614949800.0,10516.0,Prince Sultan bin Abdulaziz Sports City Stadium,Abha,Match Finished,FT,90.0,,307,Pro League,Saudi-Arabia,2020,Regular Season - 22,True,2951,Abha,True,2931,Al-Fateh,False,2.0,1.0,1.0,0.0,2.0,1.0
740034,Mohammed Al Beredi,UTC,2021-10-23 15:20:00+00:00,1635002400,1635002400.0,1635006000.0,10516.0,Prince Sultan bin Abdulaziz Sports City Stadium,Abha,Match Finished,FT,90.0,,307,Pro League,Saudi-Arabia,2021,Regular Season - 9,True,2951,Abha,True,2931,Al-Fateh,False,3.0,1.0,2.0,1.0,3.0,1.0
976684,Mohammed Al Beredi,UTC,2023-03-10 13:00:00+00:00,1678453200,1678453200.0,1678456800.0,10516.0,Prince Sultan bin Abdulaziz Sports City Stadium,Abha,Match Finished,FT,90.0,,307,Pro League,Saudi-Arabia,2022,Regular Season - 20,True,2951,Abha,,2931,Al-Fateh,,2.0,2.0,2.0,0.0,2.0,2.0
1074480,Mohammed Alharbi,UTC,2024-04-07 19:00:00+00:00,1712516400,1712516400.0,1712520000.0,10516.0,Prince Sultan bin Abdulaziz Sports City Stadium,Abha,Match Finished,FT,90.0,,307,Pro League,Saudi-Arabia,2023,Regular Season - 27,True,2951,Abha,True,2931,Al-Fateh,False,2.0,1.0,1.0,0.0,2.0,1.0
1603116,,UTC,2026-12-10 17:00:00+00:00,1796922000,,,,Prince Sultan bin Abdul Aziz Stadium,Abha,Not Started,NS,,,307,Pro League,Saudi-Arabia,2026,Regular Season - 17,True,2951,Abha,,2931,Al-Fateh,,,,,,,
1252460,A. Sidiropoulos,UTC,2024-09-28 18:00:00+00:00,1727546400,1727546400.0,1727550000.0,1377.0,King Abdullah Sport City Stadium,Buraidah,Match Finished,FT,90.0,11.0,307,Pro League,Saudi-Arabia,2024,Regular Season - 5,True,10509,Al Kholood,False,2932,Al-Hilal Saudi FC,True,2.0,4.0,0.0,3.0,2.0,4.0
1436017,"Donatas Rumsas, Lithuania",UTC,2025-12-31 17:30:00+00:00,1767202200,1767202200.0,1767205800.0,,Al-Hazem Club Stadium,Ar Rass,Match Finished,FT,90.0,5.0,307,Pro League,Saudi-Arabia,2025,Regular Season - 12,True,10509,Al Kholood,False,2932,Al-Hilal Saudi FC,True,1.0,3.0,1.0,1.0,1.0,3.0
1540775,D. Siebert,UTC,2026-05-08 18:00:00+00:00,1778263200,1778263200.0,1778266800.0,1364.0,King Abdullah Sports City,Jeddah,Match Finished,FT,90.0,8.0,504,King's Cup,Saudi-Arabia,2026,Final,False,10509,Al Kholood,False,2932,Al-Hilal Saudi FC,True,1.0,2.0,1.0,2.0,1.0,2.0
1603103,,UTC,2026-11-26 17:00:00+00:00,1795712400,,,,Al-Hazem Club Stadium,Ar Rass,Not Started,NS,,,307,Pro League,Saudi-Arabia,2026,Regular Season - 15,True,10509,Al Kholood,,2932,Al-Hilal Saudi FC,,,,,,,
1252610,T. Bognár,UTC,2025-02-25 15:30:00+00:00,1740497400,1740497400.0,1740501000.0,20744.0,Kingdom Arena,Riyadh,Match Finished,FT,90.0,3.0,307,Pro League,Saudi-Arabia,2024,Regular Season - 22,True,2932,Al-Hilal Saudi FC,True,10509,Al Kholood,False,5.0,1.0,4.0,0.0,5.0,1.0
1436167,S. Jablonski,UTC,2026-04-08 18:00:00+00:00,1775671200,1775671200.0,1775674800.0,20744.0,Kingdom Arena,Riyadh,Match Finished,FT,90.0,5.0,307,Pro League,Saudi-Arabia,2025,Regular Season - 29,True,2932,Al-Hilal Saudi FC,True,10509,Al Kholood,False,6.0,0.0,4.0,0.0,6.0,0.0
1603255,,UTC,2027-05-20 18:00:00+00:00,1810836000,,,20744.0,Kingdom Arena,Riyadh,Not Started,NS,,,307,Pro League,Saudi-Arabia,2026,Regular Season - 32,True,2932,Al-Hilal Saudi FC,,10509,Al Kholood,,,,,,,
1074444,Wilton Pereira Sampaio,UTC,2024-03-08 14:00:00+00:00,1709906400,1709906400.0,1709910000.0,7224.0,Prince Faisal bin Fahd Stadium,Riyadh,Match Finished,FT,90.0,,307,Pro League,Saudi-Arabia,2023,Regular Season - 23,True,10511,Al Riyadh,False,2932,Al-Hilal Saudi FC,True,1.0,3.0,0.0,0.0,1.0,3.0
1252439,T. Bognár,UTC,2024-09-14 18:00:00+00:00,1726336800,1726336800.0,1726340400.0,1374.0,Prince Faisal bin Fahd Stadium,Riyadh,Match Finished,FT,90.0,,307,Pro League,Saudi-Arabia,2024,Regular Season - 3,True,10511,Al Riyadh,False,2932,Al-Hilal Saudi FC,True,0.0,3.0,0.0,0.0,0.0,3.0
1436066,J. Valenzuela,UTC,2026-01-25 17:30:00+00:00,1769362200,1769362200.0,1769365800.0,1374.0,Prince Faisal bin Fahd Stadium,Riyadh,Match Finished,FT,90.0,13.0,307,Pro League,Saudi-Arabia,2025,Regular Season - 18,True,10511,Al Riyadh,,2932,Al-Hilal Saudi FC,,1.0,1.0,0.0,1.0,1.0,1.0
1603051,,UTC,2026-10-16 15:00:00+00:00,1792162800,,,1374.0,Prince Faisal bin Fahd Stadium,Riyadh,Not Started,NS,,,307,Pro League,Saudi-Arabia,2026,Regular Season - 9,True,10511,Al Riyadh,,2932,Al-Hilal Saudi FC,,,,,,,
1074287,T. Bognár,UTC,2023-09-15 18:00:00+00:00,1694800800,1694800800.0,1694804400.0,1361.0,Prince Faisal bin Fahd Stadium,Riyadh,Match Finished,FT,90.0,,307,Pro League,Saudi-Arabia,2023,Regular Season - 6,True,2932,Al-Hilal Saudi FC,True,10511,Al Riyadh,False,6.0,1.0,2.0,0.0,6.0,1.0
1252595,I. Barton,UTC,2025-02-14 17:00:00+00:00,1739552400,1739552400.0,1739556000.0,20744.0,Kingdom Arena,Riyadh,Match Finished,FT,90.0,15.0,307,Pro League,Saudi-Arabia,2024,Regular Season - 20,True,2932,Al-Hilal Saudi FC,,10511,Al Riyadh,,1.0,1.0,0.0,1.0,1.0,1.0
1435916,M. Al Shamrani,UTC,2025-08-29 15:50:00+00:00,1756482600,1756482600.0,1756486200.0,20744.0,Kingdom Arena,Riyadh,Match Finished,FT,90.0,7.0,307,Pro League,Saudi-Arabia,2025,Regular Season - 1,True,2932,Al-Hilal Saudi FC,True,10511,Al Riyadh,False,2.0,0.0,2.0,0.0,2.0,0.0
1603201,,UTC,2027-04-15 18:00:00+00:00,1807812000,,,20744.0,Kingdom Arena,Riyadh,Not Started,NS,,,307,Pro League,Saudi-Arabia,2026,Regular Season - 26,True,2932,Al-Hilal Saudi FC,,10511,Al Riyadh,,,,,,,
1436051,J. Alberola,UTC,2026-01-18 17:30:00+00:00,1768757400,1768757400.0,1768761000.0,,King Khalid Sports City,Tabuk,Match Finished,FT,90.0,6.0,307,Pro League,Saudi-Arabia,2025,Regular Season - 16,True,10513,NEOM,False,2932,Al-Hilal Saudi FC,True,1.0,2.0,1.0,0.0,1.0,2.0
1603178,,UTC,2027-03-18 18:00:00+00:00,1805392800,,,,King Khalid Sports City,Tabuk,Not Started,NS,,,307,Pro League,Saudi-Arabia,2026,Regular Season - 23,True,10513,NEOM,,2932,Al-Hilal Saudi FC,,,,,,,
1436205,A. Sidiropoulos,UTC,2026-05-16 16:05:00+00:00,1778947500,1778947500.0,1778951100.0,20744.0,Kingdom Arena,Riyadh,Match Finished,FT,90.0,6.0,307,Pro League,Saudi-Arabia,2025,Regular Season - 33,True,2932,Al-Hilal Saudi FC,True,10513,NEOM,False,2.0,0.0,1.0,0.0,2.0,0.0
1603018,"Sascha Stegemann, Germany",UTC,2026-09-07 18:00:00+00:00,1788804000,1788804000.0,1788807600.0,20744.0,Kingdom Arena,Riyadh,Match Finished,FT,90.0,,307,Pro League,Saudi-Arabia,2026,Regular Season - 6,True,2932,Al-Hilal Saudi FC,False,10513,NEOM,True,0.0,2.0,0.0,2.0,0.0,2.0
1603243,,UTC,2027-05-12 18:00:00+00:00,1810144800,,,,Prince Turki bin Abdul Aziz Stadium,Riyadh,Not Started,NS,,,307,Pro League,Saudi-Arabia,2026,Regular Season - 31,True,26738,Al Diriyah,,2932,Al-Hilal Saudi FC,,,,,,,
1603091,,UTC,2026-11-20 17:00:00+00:00,1795194000,,,20744.0,Kingdom Arena,Riyadh,Not Started,NS,,,307,Pro League,Saudi-Arabia,2026,Regular Season - 14,True,2932,Al-Hilal Saudi FC,,26738,Al Diriyah,,,,,,,
110286,,UTC,2016-09-22 17:25:00+00:00,1474565100,1474565100.0,1474568700.0,,Prince Mohamed bin Fahd Stadium (Ad Dammām (Dammam)),,Match Finished,FT,90.0,,307,Pro League,Saudi-Arabia,2016,Regular Season - 4,True,2933,Al-Qadisiyah FC,False,2932,Al-Hilal Saudi FC,True,1.0,2.0,1.0,1.0,1.0,2.0
110328,,UTC,2018-03-16 16:30:00+00:00,1521217800,1521217800.0,1521221400.0,,Prince Saud bin Jalawi Stadium (al-Khobar (Khobar)),,Match Finished,FT,90.0,,307,Pro League,Saudi-Arabia,2017,Regular Season - 18,True,2933,Al-Qadisiyah FC,False,2932,Al-Hilal Saudi FC,True,0.0,1.0,0.0,1.0,0.0,1.0
151756,"Bartosz Frankowski, Poland",UTC,2018-11-02 13:35:00+00:00,1541165700,1541165700.0,1541169300.0,1376.0,Prince Saud bin Jalawi Stadium,Khobar,Match Finished,FT,90.0,,307,Pro League,Saudi-Arabia,2018,Regular Season - 8,True,2933,Al-Qadisiyah FC,False,2932,Al-Hilal Saudi FC,True,0.0,2.0,0.0,1.0,0.0,2.0
336099,,UTC,2018-01-20 14:55:00+00:00,1516460100,1516460100.0,1516463700.0,1376.0,Prince Saud bin Jalawi Stadium,Khobar,Match Finished,FT,90.0,,504,King's Cup,Saudi-Arabia,2018,8th Finals,False,2933,Al-Qadisiyah FC,True,2932,Al-Hilal Saudi FC,False,1.0,0.0,0.0,0.0,1.0,0.0
635932,Shukri Al Hanfosh,UTC,2020-12-21 13:30:00+00:00,1608557400,1608557400.0,1608561000.0,1376.0,Prince Saud bin Jalawi Stadium,Khobar,Match Finished,FT,90.0,,307,Pro League,Saudi-Arabia,2020,Regular Season - 9,True,2933,Al-Qadisiyah FC,False,2932,Al-Hilal Saudi FC,True,1.0,3.0,0.0,2.0,1.0,3.0
687757,,UTC,2017-10-30 16:30:00+00:00,1509381000,,,1376.0,Prince Saud bin Jalawi Stadium,Khobar,Match Cancelled,CANC,,,827,Crown Prince Cup,Saudi-Arabia,2017,Round of 16,False,2933,Al-Qadisiyah FC,,2932,Al-Hilal Saudi FC,,,,,,,
1252568,J. Weinberger,UTC,2025-01-27 17:00:00+00:00,1737997200,1737997200.0,1738000800.0,1376.0,Prince Mohamed bin Fahd Stadium,Dammam,Match Finished,FT,90.0,8.0,307,Pro League,Saudi-Arabia,2024,Regular Season - 17,True,2933,Al-Qadisiyah FC,True,2932,Al-Hilal Saudi FC,False,2.0,1.0,1.0,0.0,2.0,1.0
1436077,R. Claus,UTC,2026-01-29 17:30:00+00:00,1769707800,1769707800.0,1769711400.0,1370.0,Prince Saud bin Jalawi Stadium,Dammam,Match Finished,FT,90.0,6.0,307,Pro League,Saudi-Arabia,2025,Regular Season - 19,True,2933,Al-Qadisiyah FC,,2932,Al-Hilal Saudi FC,,2.0,2.0,1.0,1.0,2.0,2.0
1603068,,UTC,2026-10-23 18:00:00+00:00,1792778400,,,,Prince Saud bin Jalawi Stadium,Dammam,Not Started,NS,,,307,Pro League,Saudi-Arabia,2026,Regular Season - 11,True,2933,Al-Qadisiyah FC,,2932,Al-Hilal Saudi FC,,,,,,,
110194,,UTC,2017-02-02 16:20:00+00:00,1486052400,1486052400.0,1486056000.0,1374.0,Prince Faisal bin Fahd Stadium,Riyadh,Match Finished,FT,90.0,,307,Pro League,Saudi-Arabia,2016,Regular Season - 17,True,2932,Al-Hilal Saudi FC,,2933,Al-Qadisiyah FC,,1.0,1.0,0.0,1.0,1.0,1.0
110462,Shukri Al Hanfosh,UTC,2017-09-30 17:15:00+00:00,1506791700,1506791700.0,1506795300.0,,King Fahd Stadium,Riyadh,Match Finished,FT,90.0,,307,Pro League,Saudi-Arabia,2017,Regular Season - 5,True,2932,Al-Hilal Saudi FC,True,2933,Al-Qadisiyah FC,False,2.0,1.0,1.0,0.0,2.0,1.0
151847,Tomas Mosyal,UTC,2019-02-12 14:25:00+00:00,1549981500,1549981500.0,1549985100.0,1369.0,King Saud University Stadium,Riyadh,Match Finished,FT,90.0,,307,Pro League,Saudi-Arabia,2018,Regular Season - 20,True,2932,Al-Hilal Saudi FC,True,2933,Al-Qadisiyah FC,False,4.0,1.0,1.0,0.0,4.0,1.0
657829,J. Sikazwe,UTC,2021-03-20 16:45:00+00:00,1616258700,1616258700.0,1616262300.0,1374.0,Prince Faisal bin Fahd Stadium,Riyadh,Match Finished,FT,90.0,,307,Pro League,Saudi-Arabia,2020,Regular Season - 24,True,2932,Al-Hilal Saudi FC,True,2933,Al-Qadisiyah FC,False,1.0,0.0,0.0,0.0,1.0,0.0
1252722,H. Osmers,UTC,2025-05-26 18:00:00+00:00,1748282400,1748282400.0,1748286000.0,20744.0,Kingdom Arena,Riyadh,Match Finished,FT,90.0,5.0,307,Pro League,Saudi-Arabia,2024,Regular Season - 34,True,2932,Al-Hilal Saudi FC,True,2933,Al-Qadisiyah FC,False,2.0,0.0,1.0,0.0,2.0,0.0
1435924,J. Martinez,UTC,2025-09-13 18:00:00+00:00,1757786400,1757786400.0,1757790000.0,20744.0,Kingdom Arena,Riyadh,Match Finished,FT,90.0,10.0,307,Pro League,Saudi-Arabia,2025,Regular Season - 2,True,2932,Al-Hilal Saudi FC,,2933,Al-Qadisiyah FC,,2.0,2.0,0.0,1.0,2.0,2.0
1603219,,UTC,2027-04-22 18:00:00+00:00,1808416800,,,20744.0,Kingdom Arena,Riyadh,Not Started,NS,,,307,Pro League,Saudi-Arabia,2026,Regular Season - 28,True,2932,Al-Hilal Saudi FC,,2933,Al-Qadisiyah FC,,,,,,,
110198,,UTC,2017-01-28 16:15:00+00:00,1485620100,1485620100.0,1485623700.0,1370.0,Prince Mohamed Bin Fahd Stadium,Dammam,Match Finished,FT,90.0,,307,Pro League,Saudi-Arabia,2016,Regular Season - 16,True,2934,Al-Ettifaq,False,2932,Al-Hilal Saudi FC,True,0.0,1.0,0.0,1.0,0.0,1.0
110334,,UTC,2018-03-09 16:30:00+00:00,1520613000,1520613000.0,1520616600.0,,Prince Mohamed bin Fahd Stadium (Ad Dammām (Dammam)),,Match Finished,FT,90.0,,307,Pro League,Saudi-Arabia,2017,Regular Season - 24,True,2934,Al-Ettifaq,True,2932,Al-Hilal Saudi FC,False,2.0,1.0,0.0,0.0,2.0,1.0
151926,"Damir Skomina, Slovenia",UTC,2019-05-11 19:30:00+00:00,1557603000,1557603000.0,1557606600.0,1376.0,Prince Saud bin Jalawi Stadium,Khobar,Match Finished,FT,90.0,,307,Pro League,Saudi-Arabia,2018,Regular Season - 29,True,2934,Al-Ettifaq,False,2932,Al-Hilal Saudi FC,True,0.0,1.0,0.0,0.0,0.0,1.0
234819,A. Sidiropoulos,UTC,2019-10-05 15:00:00+00:00,1570287600,1570287600.0,1570291200.0,1370.0,Prince Mohamed bin Fahd Stadium,Dammam,Match Finished,FT,90.0,,307,Pro League,Saudi-Arabia,2019,Regular Season - 6,True,2934,Al-Ettifaq,False,2932,Al-Hilal Saudi FC,True,1.0,4.0,1.0,1.0,1.0,4.0
336071,,UTC,2019-04-01 15:35:00+00:00,1554132900,1554132900.0,1554136500.0,1370.0,Prince Mohamed bin Fahd Stadium,Dammam,Match Finished,AET,120.0,,504,King's Cup,Saudi-Arabia,2019,Quarter-finals,False,2934,Al-Ettifaq,False,2932,Al-Hilal Saudi FC,True,2.0,3.0,1.0,0.0,2.0,2.0
635893,Khaled Al Teris,UTC,2020-11-06 13:30:00+00:00,1604669400,1604669400.0,1604673000.0,1376.0,Prince Saud bin Jalawi Stadium,Khobar,Match Finished,FT,90.0,,307,Pro League,Saudi-Arabia,2020,Regular Season - 4,True,2934,Al-Ettifaq,False,2932,Al-Hilal Saudi FC,True,0.0,2.0,0.0,1.0,0.0,2.0
824993,F. Rapallini,UTC,2022-05-11 15:55:00+00:00,1652284500,1652284500.0,1652288100.0,1370.0,Prince Mohamed bin Fahd Stadium,Dammam,Match Finished,FT,90.0,,307,Pro League,Saudi-Arabia,2021,Regular Season - 20,True,2934,Al-Ettifaq,False,2932,Al-Hilal Saudi FC,True,0.0,2.0,0.0,1.0,0.0,2.0
931949,Sami Al Jires,UTC,2022-10-06 18:00:00+00:00,1665079200,1665079200.0,1665082800.0,1370.0,Prince Mohamed bin Fahd Stadium,Dammam,Match Finished,FT,90.0,,307,Pro League,Saudi-Arabia,2022,Regular Season - 6,True,2934,Al-Ettifaq,,2932,Al-Hilal Saudi FC,,0.0,0.0,0.0,0.0,0.0,0.0
1074424,F. Maresca,UTC,2024-02-26 14:00:00+00:00,1708956000,1708956000.0,1708959600.0,1370.0,Al Ettifaq Club Stadium,Dammam,Match Finished,FT,90.0,,307,Pro League,Saudi-Arabia,2023,Regular Season - 21,True,2934,Al-Ettifaq,False,2932,Al-Hilal Saudi FC,True,0.0,2.0,0.0,2.0,0.0,2.0
1252654,N. Dabanović,UTC,2025-04-11 18:00:00+00:00,1744394400,1744394400.0,1744398000.0,,EGO Stadium,Dammam,Match Finished,FT,90.0,11.0,307,Pro League,Saudi-Arabia,2024,Regular Season - 27,True,2934,Al-Ettifaq,,2932,Al-Hilal Saudi FC,,1.0,1.0,1.0,0.0,1.0,1.0
1435951,"Sebastian Gishamer, Austria",UTC,2025-10-18 14:45:00+00:00,1760798700,1760798700.0,1760802300.0,22434.0,Abdullah Al Dabil Stadium,Dammam,Match Finished,FT,90.0,2.0,307,Pro League,Saudi-Arabia,2025,Regular Season - 5,True,2934,Al-Ettifaq,False,2932,Al-Hilal Saudi FC,True,0.0,5.0,0.0,2.0,0.0,5.0
1603082,,UTC,2026-11-05 17:00:00+00:00,1793898000,,,,Abdullah Al Dabil Stadium,,Not Started,NS,,,307,Pro League,Saudi-Arabia,2026,Regular Season - 13,True,2934,Al-Ettifaq,,2932,Al-Hilal Saudi FC,,,,,,,
110293,,UTC,2016-09-16 17:45:00+00:00,1474047900,1474047900.0,1474051500.0,1374.0,Prince Faisal bin Fahd Stadium,Riyadh,Match Finished,FT,90.0,,307,Pro League,Saudi-Arabia,2016,Regular Season - 3,True,2932,Al-Hilal Saudi FC,False,2934,Al-Ettifaq,True,1.0,2.0,0.0,0.0,1.0,2.0
110385,A. Villarreal,UTC,2018-01-08 15:55:00+00:00,1515426900,1515426900.0,1515430500.0,,King Fahd Stadium,Riyadh,Match Finished,FT,90.0,,307,Pro League,Saudi-Arabia,2017,Regular Season - 11,True,2932,Al-Hilal Saudi FC,,2934,Al-Ettifaq,,1.0,1.0,1.0,0.0,1.0,1.0
151734,"Milorad Mazic, Serbia",UTC,2018-11-06 13:55:00+00:00,1541512500,1541512500.0,1541516100.0,1369.0,King Saud University Stadium,Riyadh,Match Finished,FT,90.0,,307,Pro League,Saudi-Arabia,2018,Regular Season - 5,True,2932,Al-Hilal Saudi FC,True,2934,Al-Ettifaq,False,4.0,1.0,2.0,0.0,4.0,1.0
312902,S. Jovanović,UTC,2020-03-07 16:40:00+00:00,1583599200,1583599200.0,1583602800.0,1369.0,King Saud University Stadium,Riyadh,Match Finished,FT,90.0,,307,Pro League,Saudi-Arabia,2019,Regular Season - 21,True,2932,Al-Hilal Saudi FC,True,2934,Al-Ettifaq,False,1.0,0.0,1.0,0.0,1.0,0.0
336003,B. Madden,UTC,2020-01-16 15:05:00+00:00,1579187100,1579187100.0,1579190700.0,1369.0,King Saud University Stadium,Riyadh,Match Finished,AET,120.0,,504,King's Cup,Saudi-Arabia,2020,Quarter-finals,False,2932,Al-Hilal Saudi FC,True,2934,Al-Ettifaq,False,2.0,1.0,1.0,0.0,1.0,1.0
657794,M. Ndiaye,UTC,2021-02-18 16:20:00+00:00,1613665200,1613665200.0,1613668800.0,1374.0,Prince Faisal bin Fahd Stadium,Riyadh,Match Finished,FT,90.0,,307,Pro League,Saudi-Arabia,2020,Regular Season - 19,True,2932,Al-Hilal Saudi FC,True,2934,Al-Ettifaq,False,3.0,1.0,0.0,0.0,3.0,1.0
740000,Salman Ahmad Flahi,UTC,2021-09-18 15:30:00+00:00,1631979000,1631979000.0,1631982600.0,1374.0,Prince Faisal bin Fahd Stadium,Riyadh,Match Finished,FT,90.0,,307,Pro League,Saudi-Arabia,2021,Regular Season - 5,True,2932,Al-Hilal Saudi FC,True,2934,Al-Ettifaq,False,3.0,2.0,1.0,0.0,3.0,2.0
971136,S. Kovacs,UTC,2022-12-21 15:00:00+00:00,1671634800,1671634800.0,1671638400.0,1374.0,Prince Faisal bin Fahd Stadium,Riyadh,Match Finished,FT,90.0,,504,King's Cup,Saudi-Arabia,2023,Round of 16,False,2932,Al-Hilal Saudi FC,True,2934,Al-Ettifaq,False,4.0,0.0,3.0,0.0,4.0,0.0
976696,D. Orsato,UTC,2023-03-18 17:30:00+00:00,1679160600,1679160600.0,1679164200.0,1374.0,Prince Faisal bin Fahd Stadium,Riyadh,Match Finished,FT,90.0,,307,Pro League,Saudi-Arabia,2022,Regular Season - 21,True,2932,Al-Hilal Saudi FC,True,2934,Al-Ettifaq,False,3.0,0.0,2.0,0.0,3.0,0.0
1074268,Ramon Abatti,UTC,2023-08-28 18:00:00+00:00,1693245600,1693245600.0,1693249200.0,1361.0,Prince Faisal bin Fahd Stadium,Riyadh,Match Finished,FT,90.0,,307,Pro League,Saudi-Arabia,2023,Regular Season - 4,True,2932,Al-Hilal Saudi FC,True,2934,Al-Ettifaq,False,2.0,0.0,2.0,0.0,2.0,0.0
1252504,U. Schnyder,UTC,2024-11-08 14:45:00+00:00,1731077100,1731077100.0,1731080700.0,20744.0,Kingdom Arena,Riyadh,Match Finished,FT,90.0,15.0,307,Pro League,Saudi-Arabia,2024,Regular Season - 10,True,2932,Al-Hilal Saudi FC,True,2934,Al-Ettifaq,False,3.0,1.0,1.0,0.0,3.0,1.0
1436106,I. Kovacs,UTC,2026-02-13 15:25:00+00:00,1770996300,1770996300.0,1770999900.0,20744.0,Kingdom Arena,Riyadh,Match Finished,FT,90.0,4.0,307,Pro League,Saudi-Arabia,2025,Regular Season - 22,True,2932,Al-Hilal Saudi FC,True,2934,Al-Ettifaq,False,2.0,0.0,2.0,0.0,2.0,0.0
1603235,,UTC,2027-05-06 18:00:00+00:00,1809626400,,,20744.0,Kingdom Arena,Riyadh,Not Started,NS,,,307,Pro League,Saudi-Arabia,2026,Regular Season - 30,True,2932,Al-Hilal Saudi FC,,2934,Al-Ettifaq,,,,,,,
110300,,UTC,2016-08-19 18:05:00+00:00,1471629900,1471629900.0,1471633500.0,10517.0,King Abdullah Sport City Stadium,Buraidah,Match Finished,FT,90.0,,307,Pro League,Saudi-Arabia,2016,Regular Season - 2,True,2936,Al Taawon,False,2932,Al-Hilal Saudi FC,True,0.0,2.0,0.0,1.0,0.0,2.0
110488,,UTC,2017-08-15 17:50:00+00:00,1502819400,1502819400.0,1502823000.0,10517.0,King Abdullah Sport City Stadium,Buraidah,Match Finished,FT,90.0,,307,Pro League,Saudi-Arabia,2017,Regular Season - 2,True,2936,Al Taawon,False,2932,Al-Hilal Saudi FC,True,3.0,4.0,3.0,3.0,3.0,4.0
151814,"Danny Desmond Makkelie, Netherlands",UTC,2018-12-30 14:00:00+00:00,1546178400,1546178400.0,1546182000.0,10517.0,King Abdullah Sport City Stadium,Buraidah,Match Finished,FT,90.0,,307,Pro League,Saudi-Arabia,2018,Regular Season - 15,True,2936,Al Taawon,,2932,Al-Hilal Saudi FC,,2.0,2.0,0.0,1.0,2.0,2.0
312887,S. Vinčić,UTC,2020-02-27 14:40:00+00:00,1582814400,1582814400.0,1582818000.0,10517.0,King Abdullah Sport City Stadium,Buraidah,Match Finished,FT,90.0,,307,Pro League,Saudi-Arabia,2019,Regular Season - 20,True,2936,Al Taawon,False,2932,Al-Hilal Saudi FC,True,0.0,1.0,0.0,1.0,0.0,1.0
657874,Faisal Alblwi,UTC,2021-05-23 18:00:00+00:00,1621792800,1621792800.0,1621796400.0,10517.0,King Abdullah bin Abdulaziz City,Buraidah,Match Finished,FT,90.0,,307,Pro League,Saudi-Arabia,2020,Regular Season - 29,True,2936,Al Taawon,False,2932,Al-Hilal Saudi FC,True,0.0,1.0,0.0,1.0,0.0,1.0
739978,Mohammed Al Hoaish,UTC,2021-08-20 17:50:00+00:00,1629481800,1629481800.0,1629485400.0,10517.0,King Abdullah bin Abdulaziz City,Buraidah,Match Finished,FT,90.0,,307,Pro League,Saudi-Arabia,2021,Regular Season - 2,True,2936,Al Taawon,False,2932,Al-Hilal Saudi FC,True,1.0,2.0,1.0,0.0,1.0,2.0
976687,Khaled Al Teris,UTC,2023-03-10 17:30:00+00:00,1678469400,1678469400.0,1678473000.0,1377.0,King Abdullah Sport City Stadium,Buraidah,Match Finished,FT,90.0,,307,Pro League,Saudi-Arabia,2022,Regular Season - 20,True,2936,Al Taawon,False,2932,Al-Hilal Saudi FC,True,0.0,4.0,0.0,2.0,0.0,4.0
1074503,S. Stegemann,UTC,2024-05-03 15:00:00+00:00,1714748400,1714748400.0,1714752000.0,1377.0,King Abdullah Sport City Stadium,Buraidah,Match Finished,FT,90.0,,307,Pro League,Saudi-Arabia,2023,Regular Season - 30,True,2936,Al Taawon,False,2932,Al-Hilal Saudi FC,True,0.0,3.0,0.0,1.0,0.0,3.0
1252642,D. Rumšas,UTC,2025-03-15 19:00:00+00:00,1742065200,1742065200.0,1742068800.0,1377.0,King Abdullah Sport City Stadium,Buraidah,Match Finished,FT,90.0,8.0,307,Pro League,Saudi-Arabia,2024,Regular Season - 25,True,2936,Al Taawon,False,2932,Al-Hilal Saudi FC,True,0.0,2.0,0.0,1.0,0.0,2.0
1436002,M. Escobar,UTC,2026-02-24 19:00:00+00:00,1771959600,1771959600.0,1771963200.0,1377.0,Al Taawon Arena,Buraidah,Match Finished,FT,90.0,6.0,307,Pro League,Saudi-Arabia,2025,Regular Season - 10,True,2936,Al Taawon,,2932,Al-Hilal Saudi FC,,1.0,1.0,1.0,1.0,1.0,1.0
1603033,,UTC,2026-09-12 15:50:00+00:00,1789228200,,,,Al Taawon Arena,Buraidah,Not Started,NS,,,307,Pro League,Saudi-Arabia,2026,Regular Season - 7,True,2936,Al Taawon,,2932,Al-Hilal Saudi FC,,,,,,,
110208,,UTC,2016-12-31 15:50:00+00:00,1483199400,1483199400.0,1483203000.0,1374.0,Prince Faisal bin Fahd Stadium,Riyadh,Match Finished,FT,90.0,,307,Pro League,Saudi-Arabia,2016,Regular Season - 15,True,2932,Al-Hilal Saudi FC,True,2936,Al Taawon,False,4.0,2.0,3.0,1.0,4.0,2.0
110393,Fahad Al Mirdasi,UTC,2017-12-24 15:45:00+00:00,1514130300,1514130300.0,1514133900.0,,Prince Faisal bin Fahd Stadium (Ar-Riyāḍ (Riyadh)),,Match Finished,FT,90.0,,307,Pro League,Saudi-Arabia,2017,Regular Season - 15,True,2932,Al-Hilal Saudi FC,True,2936,Al Taawon,False,1.0,0.0,0.0,0.0,1.0,0.0
151918,"Artur Soares Dias, Portugal",UTC,2019-04-29 16:00:00+00:00,1556553600,1556553600.0,1556557200.0,1369.0,King Saud University Stadium,Riyadh,Match Finished,FT,90.0,,307,Pro League,Saudi-Arabia,2018,Regular Season - 28,True,2932,Al-Hilal Saudi FC,False,2936,Al Taawon,True,0.0,2.0,0.0,0.0,0.0,2.0
234810,O. Hațegan,UTC,2019-09-26 17:15:00+00:00,1569518100,1569518100.0,1569521700.0,1369.0,King Saud University Stadium,Riyadh,Match Finished,FT,90.0,,307,Pro League,Saudi-Arabia,2019,Regular Season - 5,True,2932,Al-Hilal Saudi FC,True,2936,Al Taawon,False,2.0,1.0,1.0,1.0,2.0,1.0
336075,,UTC,2019-04-26 16:00:00+00:00,1556294400,1556294400.0,1556298000.0,1369.0,King Saud University Stadium,Riyadh,Match Finished,FT,90.0,,504,King's Cup,Saudi-Arabia,2019,Semi-finals,False,2932,Al-Hilal Saudi FC,False,2936,Al Taawon,True,0.0,5.0,0.0,2.0,0.0,5.0
336141,,UTC,2017-05-13 17:30:00+00:00,1494696600,1494696600.0,1494700200.0,,Prince Faisal bin Fahd Stadium (Ar-Riyāḍ (Riyadh)),,Match Finished,FT,90.0,,504,King's Cup,Saudi-Arabia,2017,Semi-finals,False,2932,Al-Hilal Saudi FC,True,2936,Al Taawon,False,4.0,3.0,1.0,1.0,4.0,3.0
635977,Faisal Alblwi,UTC,2021-01-20 14:10:00+00:00,1611151800,1611151800.0,1611155400.0,1374.0,Prince Faisal bin Fahd Stadium,Riyadh,Match Finished,FT,90.0,,307,Pro League,Saudi-Arabia,2020,Regular Season - 14,True,2932,Al-Hilal Saudi FC,True,2936,Al Taawon,False,2.0,0.0,1.0,0.0,2.0,0.0
813341,Ó. Macías,UTC,2022-01-15 16:00:00+00:00,1642262400,1642262400.0,1642266000.0,1374.0,Prince Faisal bin Fahd Stadium,Riyadh,Match Finished,FT,90.0,,307,Pro League,Saudi-Arabia,2021,Regular Season - 17,True,2932,Al-Hilal Saudi FC,True,2936,Al Taawon,False,3.0,2.0,2.0,2.0,3.0,2.0
931943,A. Sidiropoulos,UTC,2022-10-02 15:20:00+00:00,1664724000,1664724000.0,1664727600.0,1374.0,Prince Faisal bin Fahd Stadium,Riyadh,Match Finished,FT,90.0,,307,Pro League,Saudi-Arabia,2022,Regular Season - 5,True,2932,Al-Hilal Saudi FC,False,2936,Al Taawon,True,1.0,2.0,1.0,1.0,1.0,2.0
1074355,Ivan Cisneros,UTC,2023-11-10 15:00:00+00:00,1699628400,1699628400.0,1699632000.0,1361.0,King Fahd International Stadium,Riyadh,Match Finished,FT,90.0,,307,Pro League,Saudi-Arabia,2023,Regular Season - 13,True,2932,Al-Hilal Saudi FC,True,2936,Al Taawon,False,2.0,0.0,0.0,0.0,2.0,0.0
1141348,A. Merlos,UTC,2023-12-11 14:45:00+00:00,1702305900,1702305900.0,1702309500.0,1374.0,Prince Faisal bin Fahd Stadium,Riyadh,Match Finished,FT,90.0,,504,King's Cup,Saudi-Arabia,2024,Quarter-finals,False,2932,Al-Hilal Saudi FC,True,2936,Al Taawon,False,3.0,0.0,1.0,0.0,3.0,0.0
1252488,A. Rojas,UTC,2024-10-26 18:00:00+00:00,1729965600,1729965600.0,1729969200.0,20744.0,Kingdom Arena,Riyadh,Match Finished,FT,90.0,6.0,307,Pro League,Saudi-Arabia,2024,Regular Season - 8,True,2932,Al-Hilal Saudi FC,True,2936,Al Taawon,False,2.0,0.0,1.0,0.0,2.0,0.0
1436153,L. M. Branco Godinho,UTC,2026-04-04 18:00:00+00:00,1775325600,1775325600.0,1775329200.0,20744.0,Kingdom Arena,Riyadh,Match Finished,FT,90.0,7.0,307,Pro League,Saudi-Arabia,2025,Regular Season - 27,True,2932,Al-Hilal Saudi FC,,2936,Al Taawon,,2.0,2.0,1.0,0.0,2.0,2.0
1603184,,UTC,2027-04-02 18:00:00+00:00,1806688800,,,20744.0,Kingdom Arena,Riyadh,Not Started,NS,,,307,Pro League,Saudi-Arabia,2026,Regular Season - 24,True,2932,Al-Hilal Saudi FC,,2936,Al Taawon,,,,,,,
110170,,UTC,2017-03-05 16:30:00+00:00,1488731400,1488731400.0,1488735000.0,1364.0,King Abdullah Sports City,Jeddah,Match Finished,FT,90.0,,307,Pro League,Saudi-Arabia,2016,Regular Season - 20,True,2938,Al-Ittihad FC,False,2932,Al-Hilal Saudi FC,True,1.0,3.0,1.0,0.0,1.0,3.0
110474,,UTC,2017-09-21 17:20:00+00:00,1506014400,1506014400.0,1506018000.0,1364.0,King Abdullah Sports City,Jeddah,Match Finished,FT,90.0,,307,Pro League,Saudi-Arabia,2017,Regular Season - 4,True,2938,Al-Ittihad FC,,2932,Al-Hilal Saudi FC,,1.0,1.0,1.0,1.0,1.0,1.0
151857,"Danny Desmond Makkelie, Netherlands",UTC,2019-02-21 16:25:00+00:00,1550766300,1550766300.0,1550769900.0,1364.0,King Abdullah Sports City,Jeddah,Match Finished,FT,90.0,,307,Pro League,Saudi-Arabia,2018,Regular Season - 21,True,2938,Al-Ittihad FC,False,2932,Al-Hilal Saudi FC,True,0.0,2.0,0.0,0.0,0.0,2.0
234808,C. Çakιr,UTC,2019-09-21 17:20:00+00:00,1569086400,1569086400.0,1569090000.0,1364.0,King Abdullah Sports City,Jeddah,Match Finished,FT,90.0,,307,Pro League,Saudi-Arabia,2019,Regular Season - 4,True,2938,Al-Ittihad FC,False,2932,Al-Hilal Saudi FC,True,1.0,3.0,1.0,2.0,1.0,3.0
253607,"Chris Beath, Australia",UTC,2019-08-27 17:45:00+00:00,1566927900,1566927900.0,1566931500.0,,King Abdullah Sports City,Jeddah,Match Finished,FT,90.0,,17,AFC Champions League,World,2019,Quarter-finals,True,2938,Al-Ittihad FC,,2932,Al-Hilal Saudi FC,,0.0,0.0,0.0,0.0,0.0,0.0
657839,R. Jayed,UTC,2021-04-09 17:50:00+00:00,1617990600,1617990600.0,1617994200.0,10518.0,King Abdulaziz Sports City Stadium,Mecca,Match Finished,FT,90.0,,307,Pro League,Saudi-Arabia,2020,Regular Season - 25,True,2938,Al-Ittihad FC,True,2932,Al-Hilal Saudi FC,False,2.0,0.0,2.0,0.0,2.0,0.0
852003,Mohammed Al Hoaish,UTC,2022-05-23 18:00:00+00:00,1653328800,1653328800.0,1653332400.0,1364.0,King Abdullah Sports City,Jeddah,Match Finished,FT,90.0,,307,Pro League,Saudi-Arabia,2021,Regular Season - 27,True,2938,Al-Ittihad FC,False,2932,Al-Hilal Saudi FC,True,1.0,3.0,1.0,1.0,1.0,3.0
931999,D. Orsato,UTC,2023-01-05 16:30:00+00:00,1672936200,1672936200.0,1672939800.0,1364.0,King Abdullah Sports City,Jeddah,Match Finished,FT,90.0,,307,Pro League,Saudi-Arabia,2022,Regular Season - 12,True,2938,Al-Ittihad FC,False,2932,Al-Hilal Saudi FC,True,0.0,1.0,0.0,1.0,0.0,1.0
1015072,D. Makkelie,UTC,2023-04-23 18:00:00+00:00,1682272800,1682272800.0,1682276400.0,1364.0,King Abdullah Sports City,Jeddah,Match Finished,FT,90.0,,504,King's Cup,Saudi-Arabia,2023,Semi-finals,False,2938,Al-Ittihad FC,False,2932,Al-Hilal Saudi FC,True,0.0,1.0,0.0,0.0,0.0,1.0
1074278,M. Escobar,UTC,2023-09-01 18:00:00+00:00,1693591200,1693591200.0,1693594800.0,19932.0,Prince Abdullah al-Faisal Stadium,Jeddah,Match Finished,FT,90.0,,307,Pro League,Saudi-Arabia,2023,Regular Season - 5,True,2938,Al-Ittihad FC,False,2932,Al-Hilal Saudi FC,True,3.0,4.0,3.0,1.0,3.0,4.0
1104947,Abdulrahman Al Jassim,UTC,2023-08-05 18:00:00+00:00,1691258400,1691258400.0,1691262000.0,2904.0,King Fahd Sport City Stadium,Ta'if,Match Finished,FT,90.0,,768,Arab Club Champions Cup,World,2023,Quarter-finals,False,2938,Al-Ittihad FC,False,2932,Al-Hilal Saudi FC,True,1.0,3.0,0.0,2.0,1.0,3.0
1175843,Ma Ning,UTC,2024-03-12 19:00:00+00:00,1710270000,1710270000.0,1710273600.0,1364.0,King Abdullah Sports City,Jeddah,Match Finished,FT,90.0,,17,AFC Champions League,World,2023,Quarter-finals,True,2938,Al-Ittihad FC,False,2932,Al-Hilal Saudi FC,True,0.0,2.0,0.0,0.0,0.0,2.0
1184709,B. Bastien,UTC,2024-04-30 18:00:00+00:00,1714500000,1714500000.0,1714503600.0,1364.0,King Abdullah Sports City,Jeddah,Match Finished,FT,90.0,,504,King's Cup,Saudi-Arabia,2024,Semi-finals,False,2938,Al-Ittihad FC,False,2932,Al-Hilal Saudi FC,True,1.0,2.0,0.0,1.0,1.0,2.0
1193962,Khalid Al Turais,UTC,2024-04-11 17:30:00+00:00,1712856600,1712856600.0,1712860200.0,,Mohammed Bin Zayed Stadium,Abu Dhabi,Match Finished,FT,90.0,,826,Super Cup,Saudi-Arabia,2024,Final,False,2938,Al-Ittihad FC,False,2932,Al-Hilal Saudi FC,True,1.0,4.0,1.0,2.0,1.0,4.0
1252603,D. Siebert,UTC,2025-02-22 18:15:00+00:00,1740248100,1740248100.0,1740251700.0,1364.0,Al Inma Bank Stadium at King Abdullah Sport City,Jeddah,Match Finished,FT,90.0,10.0,307,Pro League,Saudi-Arabia,2024,Regular Season - 21,True,2938,Al-Ittihad FC,True,2932,Al-Hilal Saudi FC,False,4.0,1.0,2.0,1.0,4.0,1.0
1435963,"Dario Herrera, Argentina",UTC,2025-10-24 18:00:00+00:00,1761328800,1761328800.0,1761332400.0,1364.0,King Abdullah Sports City,Jeddah,Match Finished,FT,90.0,6.0,307,Pro League,Saudi-Arabia,2025,Regular Season - 6,True,2938,Al-Ittihad FC,False,2932,Al-Hilal Saudi FC,True,0.0,2.0,0.0,1.0,0.0,2.0
1603191,,UTC,2027-04-08 18:00:00+00:00,1807207200,,,1364.0,King Abdullah Sports City,Jeddah,Not Started,NS,,,307,Pro League,Saudi-Arabia,2026,Regular Season - 25,True,2938,Al-Ittihad FC,,2932,Al-Hilal Saudi FC,,,,,,,
110265,,UTC,2016-10-28 17:00:00+00:00,1477674000,1477674000.0,1477677600.0,1374.0,Prince Faisal bin Fahd Stadium,Riyadh,Match Finished,FT,90.0,,307,Pro League,Saudi-Arabia,2016,Regular Season - 7,True,2932,Al-Hilal Saudi FC,False,2938,Al-Ittihad FC,True,0.0,2.0,0.0,0.0,0.0,2.0
110379,I. Elfath,UTC,2018-01-13 16:00:00+00:00,1515859200,1515859200.0,1515862800.0,,King Fahd International Stadium (Ar-Riyāḍ (Riyadh)),,Match Finished,FT,90.0,,307,Pro League,Saudi-Arabia,2017,Regular Season - 17,True,2932,Al-Hilal Saudi FC,,2938,Al-Ittihad FC,,1.0,1.0,0.0,0.0,1.0,1.0
151746,"Viktor Kassai, Hungary",UTC,2018-10-25 17:30:00+00:00,1540488600,1540488600.0,1540492200.0,1369.0,King Saud University Stadium,Riyadh,Match Finished,FT,90.0,,307,Pro League,Saudi-Arabia,2018,Regular Season - 7,True,2932,Al-Hilal Saudi FC,True,2938,Al-Ittihad FC,False,3.0,1.0,1.0,1.0,3.0,1.0
253608,"Ryuji Sato, Japan",UTC,2019-09-17 17:00:00+00:00,1568739600,1568739600.0,1568743200.0,,King Saud University Stadium,Riyadh,Match Finished,FT,90.0,,17,AFC Champions League,World,2019,Quarter-finals,True,2932,Al-Hilal Saudi FC,True,2938,Al-Ittihad FC,False,3.0,1.0,1.0,1.0,3.0,1.0
312886,S. Marciniak,UTC,2020-02-22 16:30:00+00:00,1582389000,1582389000.0,1582392600.0,1369.0,King Saud University Stadium,Riyadh,Match Finished,FT,90.0,,307,Pro League,Saudi-Arabia,2019,Regular Season - 19,True,2932,Al-Hilal Saudi FC,True,2938,Al-Ittihad FC,False,1.0,0.0,0.0,0.0,1.0,0.0
635941,Mohammed Al Hoaish,UTC,2020-12-26 15:50:00+00:00,1608997800,1608997800.0,1609001400.0,1361.0,King Fahd International Stadium,Riyadh,Match Finished,FT,90.0,,307,Pro League,Saudi-Arabia,2020,Regular Season - 10,True,2932,Al-Hilal Saudi FC,,2938,Al-Ittihad FC,,1.0,1.0,0.0,1.0,1.0,1.0
740060,Raphael Claus,UTC,2022-03-08 16:45:00+00:00,1646757900,1646757900.0,1646761500.0,1374.0,Prince Faisal bin Fahd Stadium,Riyadh,Match Finished,FT,90.0,,307,Pro League,Saudi-Arabia,2021,Regular Season - 12,True,2932,Al-Hilal Saudi FC,True,2938,Al-Ittihad FC,False,2.0,1.0,1.0,0.0,2.0,1.0
976746,F. Rapallini,UTC,2023-05-16 18:30:00+00:00,1684261800,1684261800.0,1684265400.0,1364.0,Prince Faisal bin Fahd Stadium,Riyadh,Match Finished,FT,90.0,,307,Pro League,Saudi-Arabia,2022,Regular Season - 27,True,2932,Al-Hilal Saudi FC,,2938,Al-Ittihad FC,,2.0,2.0,1.0,2.0,2.0,2.0
1074435,Iván Cisneros,UTC,2024-03-01 17:00:00+00:00,1709312400,1709312400.0,1709316000.0,1361.0,Kingdom Arena,Riyadh,Match Finished,FT,90.0,,307,Pro League,Saudi-Arabia,2023,Regular Season - 22,True,2932,Al-Hilal Saudi FC,True,2938,Al-Ittihad FC,False,3.0,1.0,1.0,1.0,3.0,1.0
1175842,S. Evans,UTC,2024-03-05 18:00:00+00:00,1709661600,1709661600.0,1709665200.0,,Kingdom Arena,Riyadh,Match Finished,FT,90.0,,17,AFC Champions League,World,2023,Quarter-finals,True,2932,Al-Hilal Saudi FC,True,2938,Al-Ittihad FC,False,2.0,0.0,2.0,0.0,2.0,0.0
1252452,S. Schärer,UTC,2024-09-21 18:00:00+00:00,1726941600,1726941600.0,1726945200.0,1374.0,Prince Faisal bin Fahd Stadium,Riyadh,Match Finished,FT,90.0,10.0,307,Pro League,Saudi-Arabia,2024,Regular Season - 4,True,2932,Al-Hilal Saudi FC,True,2938,Al-Ittihad FC,False,3.0,1.0,3.0,0.0,3.0,1.0
1314329,J. Valenzuela,UTC,2025-01-07 17:30:00+00:00,1736271000,1736271000.0,1736274600.0,20744.0,Kingdom Arena,Riyadh,Match Finished,PEN,120.0,,504,King's Cup,Saudi-Arabia,2025,Quarter-finals,False,2932,Al-Hilal Saudi FC,False,2938,Al-Ittihad FC,True,2.0,2.0,0.0,0.0,1.0,1.0
1436115,R. De Burgos,UTC,2026-02-21 19:00:00+00:00,1771700400,1771700400.0,1771704000.0,20744.0,Kingdom Arena,Riyadh,Match Finished,FT,90.0,4.0,307,Pro League,Saudi-Arabia,2025,Regular Season - 23,True,2932,Al-Hilal Saudi FC,,2938,Al-Ittihad FC,,1.0,1.0,1.0,0.0,1.0,1.0
1603040,,UTC,2026-10-10 18:00:00+00:00,1791655200,,,20744.0,Kingdom Arena,Riyadh,Not Started,NS,,,307,Pro League,Saudi-Arabia,2026,Regular Season - 8,True,2932,Al-Hilal Saudi FC,,2938,Al-Ittihad FC,,,,,,,
110221,,UTC,2016-12-16 16:00:00+00:00,1481904000,1481904000.0,1481907600.0,,King Fahd Stadium,Riyadh,Match Finished,FT,90.0,,307,Pro League,Saudi-Arabia,2016,Regular Season - 13,True,2939,Al-Nassr,,2932,Al-Hilal Saudi FC,,1.0,1.0,1.0,1.0,1.0,1.0
110444,D. Skomina,UTC,2017-10-26 16:50:00+00:00,1509036600,1509036600.0,1509040200.0,,King Fahd Stadium,Riyadh,Match Finished,FT,90.0,,307,Pro League,Saudi-Arabia,2017,Regular Season - 8,True,2939,Al-Nassr,False,2932,Al-Hilal Saudi FC,True,1.0,2.0,1.0,1.0,1.0,2.0
151893,"Cuneyt Cakir, Turkey",UTC,2019-03-29 16:40:00+00:00,1553877600,1553877600.0,1553881200.0,1374.0,Prince Faisal bin Fahd Stadium,Riyadh,Match Finished,FT,90.0,,307,Pro League,Saudi-Arabia,2018,Regular Season - 25,True,2939,Al-Nassr,True,2932,Al-Hilal Saudi FC,False,3.0,2.0,0.0,0.0,3.0,2.0
313275,B. Bastien,UTC,2020-08-05 18:00:00+00:00,1596650400,1596650400.0,1596654000.0,1361.0,King Fahd International Stadium,Riyadh,Match Finished,FT,90.0,,307,Pro League,Saudi-Arabia,2019,Regular Season - 23,True,2939,Al-Nassr,False,2932,Al-Hilal Saudi FC,True,1.0,4.0,1.0,1.0,1.0,4.0
336138,,UTC,2017-04-01 17:30:00+00:00,1491067800,1491067800.0,1491071400.0,,King Fahd International Stadium (Ar-Riyāḍ (Riyadh)),,Match Finished,FT,90.0,,504,King's Cup,Saudi-Arabia,2017,Quarter-finals,False,2939,Al-Nassr,False,2932,Al-Hilal Saudi FC,True,0.0,2.0,0.0,0.0,0.0,2.0
657802,E. Ostojich,UTC,2021-02-23 16:35:00+00:00,1614098100,1614098100.0,1614101700.0,1369.0,Mrsool Park,Riyadh,Match Finished,FT,90.0,,307,Pro League,Saudi-Arabia,2020,Regular Season - 20,True,2939,Al-Nassr,True,2932,Al-Hilal Saudi FC,False,1.0,0.0,1.0,0.0,1.0,0.0
804580,C. Beath,UTC,2021-10-19 18:00:00+00:00,1634666400,1634666400.0,1634670000.0,,Mrsool Park,Riyadh,Match Finished,FT,90.0,,17,AFC Champions League,World,2021,Semi-finals,True,2939,Al-Nassr,False,2932,Al-Hilal Saudi FC,True,1.0,2.0,0.0,1.0,1.0,2.0
819549,M. Ghorbal,UTC,2022-02-21 15:25:00+00:00,1645457100,1645457100.0,1645460700.0,12277.0,Mrsool Park,Riyadh,Match Finished,FT,90.0,,504,King's Cup,Saudi-Arabia,2022,Quarter-finals,False,2939,Al-Nassr,False,2932,Al-Hilal Saudi FC,True,1.0,2.0,1.0,0.0,1.0,2.0
825011,S. Karasev,UTC,2022-03-03 17:00:00+00:00,1646326800,1646326800.0,1646330400.0,12277.0,Mrsool Park,Riyadh,Match Finished,FT,90.0,,307,Pro League,Saudi-Arabia,2021,Regular Season - 23,True,2939,Al-Nassr,False,2932,Al-Hilal Saudi FC,True,0.0,4.0,0.0,3.0,0.0,4.0
931985,C. Ramos,UTC,2022-12-26 16:30:00+00:00,1672072200,1672072200.0,1672075800.0,12277.0,Mrsool Park,Riyadh,Match Finished,FT,90.0,,307,Pro League,Saudi-Arabia,2022,Regular Season - 10,True,2939,Al-Nassr,,2932,Al-Hilal Saudi FC,,2.0,2.0,0.0,1.0,2.0,2.0
1074522,José Sánchez,UTC,2024-05-17 18:00:00+00:00,1715968800,1715968800.0,1715972400.0,1374.0,Al Awal Park at King Saud University,Riyadh,Match Finished,FT,90.0,,307,Pro League,Saudi-Arabia,2023,Regular Season - 32,True,2939,Al-Nassr,,2932,Al-Hilal Saudi FC,,1.0,1.0,1.0,0.0,1.0,1.0
1252495,F. Zwayer,UTC,2024-11-01 18:00:00+00:00,1730484000,1730484000.0,1730487600.0,19933.0,Al Awal Park at King Saud University,Riyadh,Match Finished,FT,90.0,10.0,307,Pro League,Saudi-Arabia,2024,Regular Season - 9,True,2939,Al-Nassr,,2932,Al-Hilal Saudi FC,,1.0,1.0,1.0,0.0,1.0,1.0
1287549,Artur Soares Dias,UTC,2024-08-17 16:15:00+00:00,1723911300,1723911300.0,1723914900.0,10516.0,Prince Sultan bin Abdulaziz Sports City Stadium,Abha,Match Finished,FT,90.0,,826,Super Cup,Saudi-Arabia,2025,Final,False,2939,Al-Nassr,False,2932,Al-Hilal Saudi FC,True,1.0,4.0,1.0,0.0,1.0,4.0
1436194,D. Rumsas,UTC,2026-05-12 18:00:00+00:00,1778608800,1778608800.0,1778612400.0,,King Saud University Stadium,Riyadh,Match Finished,FT,90.0,9.0,307,Pro League,Saudi-Arabia,2025,Regular Season - 32,True,2939,Al-Nassr,,2932,Al-Hilal Saudi FC,,1.0,1.0,1.0,0.0,1.0,1.0
1603122,,UTC,2026-12-10 17:00:00+00:00,1796922000,,,,King Saud University Stadium,Riyadh,Not Started,NS,,,307,Pro League,Saudi-Arabia,2026,Regular Season - 17,True,2939,Al-Nassr,,2932,Al-Hilal Saudi FC,,,,,,,
110132,,UTC,2017-05-04 17:50:00+00:00,1493920200,1493920200.0,1493923800.0,,King Fahd Stadium,Riyadh,Match Finished,FT,90.0,,307,Pro League,Saudi-Arabia,2016,Regular Season - 26,True,2932,Al-Hilal Saudi FC,True,2939,Al-Nassr,False,5.0,1.0,3.0,1.0,5.0,1.0
110363,,UTC,2018-02-08 16:20:00+00:00,1518106800,1518106800.0,1518110400.0,,Prince Faisal bin Fahd Stadium (Ar-Riyāḍ (Riyadh)),,Match Finished,FT,90.0,,307,Pro League,Saudi-Arabia,2017,Regular Season - 21,True,2932,Al-Hilal Saudi FC,,2939,Al-Nassr,,2.0,2.0,1.0,2.0,2.0,2.0
151788,"Nestor Pitana, Argentina",UTC,2018-12-08 11:05:00+00:00,1544267100,1544267100.0,1544270700.0,1369.0,King Saud University Stadium,Riyadh,Match Finished,FT,90.0,,307,Pro League,Saudi-Arabia,2018,Regular Season - 12,True,2932,Al-Hilal Saudi FC,,2939,Al-Nassr,,2.0,2.0,2.0,0.0,2.0,2.0
234836,Javier Estrada,UTC,2019-10-27 15:55:00+00:00,1572191700,1572191700.0,1572195300.0,1369.0,King Saud University Stadium,Riyadh,Match Finished,FT,90.0,,307,Pro League,Saudi-Arabia,2019,Regular Season - 8,True,2932,Al-Hilal Saudi FC,False,2939,Al-Nassr,True,1.0,2.0,1.0,0.0,1.0,2.0
635903,A. Cunha,UTC,2020-11-23 16:15:00+00:00,1606148100,1606148100.0,1606151700.0,1361.0,King Fahd International Stadium,Riyadh,Match Finished,FT,90.0,,307,Pro League,Saudi-Arabia,2020,Regular Season - 5,True,2932,Al-Hilal Saudi FC,True,2939,Al-Nassr,False,2.0,0.0,0.0,0.0,2.0,0.0
644888,,UTC,2020-11-28 16:45:00+00:00,1606581900,1606581900.0,1606585500.0,,,,Match Finished,FT,90.0,,504,King's Cup,Saudi-Arabia,2020,Final,False,2932,Al-Hilal Saudi FC,True,2939,Al-Nassr,False,2.0,1.0,2.0,0.0,2.0,1.0
687751,D. Orsato,UTC,2021-01-30 17:15:00+00:00,1612026900,1612026900.0,1612030500.0,1361.0,King Fahd International Stadium,Riyadh,Match Finished,FT,90.0,,826,Super Cup,Saudi-Arabia,2021,Final,False,2932,Al-Hilal Saudi FC,False,2939,Al-Nassr,True,0.0,3.0,0.0,0.0,0.0,3.0
740028,P. Valeri,UTC,2021-12-16 11:15:00+00:00,1639653300,1639653300.0,1639656900.0,1361.0,King Fahd International Stadium,Riyadh,Match Finished,FT,90.0,,307,Pro League,Saudi-Arabia,2021,Regular Season - 8,True,2932,Al-Hilal Saudi FC,False,2939,Al-Nassr,True,0.0,2.0,0.0,1.0,0.0,2.0
976730,M. Oliver,UTC,2023-04-18 19:00:00+00:00,1681844400,1681844400.0,1681848000.0,1374.0,King Fahd International Stadium,Riyadh,Match Finished,FT,90.0,,307,Pro League,Saudi-Arabia,2022,Regular Season - 25,True,2932,Al-Hilal Saudi FC,True,2939,Al-Nassr,False,2.0,0.0,1.0,0.0,2.0,0.0
1074371,W. Roldán,UTC,2023-12-01 18:00:00+00:00,1701453600,1701453600.0,1701457200.0,1361.0,King Fahd International Stadium,Riyadh,Match Finished,FT,90.0,,307,Pro League,Saudi-Arabia,2023,Regular Season - 15,True,2932,Al-Hilal Saudi FC,True,2939,Al-Nassr,False,3.0,0.0,0.0,0.0,3.0,0.0
1115593,R. Jiyed,UTC,2023-08-12 15:00:00+00:00,1691852400,1691852400.0,1691856000.0,2904.0,King Fahd Sport City Stadium,Ta'if,Match Finished,AET,120.0,,768,Arab Club Champions Cup,World,2023,Final,False,2932,Al-Hilal Saudi FC,False,2939,Al-Nassr,True,1.0,2.0,0.0,0.0,1.0,1.0
1159127,T. Penso,UTC,2024-02-08 18:00:00+00:00,1707415200,1707415200.0,1707418800.0,,Kingdom Arena,Riyadh,Match Finished,FT,90.0,,667,Friendlies Clubs,World,2024,Club Friendlies 1,False,2932,Al-Hilal Saudi FC,True,2939,Al-Nassr,False,2.0,0.0,2.0,0.0,2.0,0.0
1181884,Mohammed Al Hoaish,UTC,2024-04-08 19:30:00+00:00,1712604600,1712604600.0,1712608200.0,,Mohammed Bin Zayed Stadium,Abu Dhabi,Match Finished,FT,90.0,,826,Super Cup,Saudi-Arabia,2024,Semi-finals,False,2932,Al-Hilal Saudi FC,True,2939,Al-Nassr,False,2.0,1.0,0.0,0.0,2.0,1.0
1201564,D. Herrera,UTC,2024-05-31 18:00:00+00:00,1717178400,1717178400.0,1717182000.0,1364.0,King Abdullah Sports City,Jeddah,Match Finished,PEN,120.0,,504,King's Cup,Saudi-Arabia,2024,Final,False,2932,Al-Hilal Saudi FC,True,2939,Al-Nassr,False,1.0,1.0,1.0,0.0,1.0,1.0
1252645,G. Kabakov,UTC,2025-04-04 18:00:00+00:00,1743789600,1743789600.0,1743793200.0,20744.0,Kingdom Arena,Riyadh,Match Finished,FT,90.0,13.0,307,Pro League,Saudi-Arabia,2024,Regular Season - 26,True,2932,Al-Hilal Saudi FC,False,2939,Al-Nassr,True,1.0,3.0,0.0,1.0,1.0,3.0
1436047,"François Letexier, France",UTC,2026-01-12 17:30:00+00:00,1768239000,1768239000.0,1768242600.0,20744.0,Kingdom Arena,Riyadh,Match Finished,FT,90.0,12.0,307,Pro League,Saudi-Arabia,2025,Regular Season - 15,True,2932,Al-Hilal Saudi FC,True,2939,Al-Nassr,False,3.0,1.0,0.0,1.0,3.0,1.0
1603273,,UTC,2027-05-28 18:00:00+00:00,1811527200,,,20744.0,Kingdom Arena,Riyadh,Not Started,NS,,,307,Pro League,Saudi-Arabia,2026,Regular Season - 34,True,2932,Al-Hilal Saudi FC,,2939,Al-Nassr,,,,,,,
110145,,UTC,2017-04-20 17:45:00+00:00,1492710300,1492710300.0,1492713900.0,1374.0,Prince Faisal bin Fahd Stadium,Riyadh,Match Finished,FT,90.0,,307,Pro League,Saudi-Arabia,2016,Regular Season - 24,True,2940,Al Shabab,False,2932,Al-Hilal Saudi FC,True,1.0,2.0,1.0,2.0,1.0,2.0
110352,,UTC,2018-02-16 16:30:00+00:00,1518798600,1518798600.0,1518802200.0,,Prince Faisal bin Fahd Stadium (Ar-Riyāḍ (Riyadh)),,Match Finished,FT,90.0,,307,Pro League,Saudi-Arabia,2017,Regular Season - 22,True,2940,Al Shabab,False,2932,Al-Hilal Saudi FC,True,1.0,2.0,1.0,1.0,1.0,2.0
151742,"Danny Desmond Makkelie, Netherlands",UTC,2018-10-20 16:45:00+00:00,1540053900,1540053900.0,1540057500.0,1374.0,Prince Faisal bin Fahd Stadium,Riyadh,Match Finished,FT,90.0,,307,Pro League,Saudi-Arabia,2018,Regular Season - 6,True,2940,Al Shabab,False,2932,Al-Hilal Saudi FC,True,0.0,1.0,0.0,0.0,0.0,1.0
234893,S. Moen,UTC,2020-01-25 14:10:00+00:00,1579961400,1579961400.0,1579965000.0,1374.0,Prince Faisal bin Fahd Stadium,Riyadh,Match Finished,FT,90.0,,307,Pro League,Saudi-Arabia,2019,Regular Season - 15,True,2940,Al Shabab,,2932,Al-Hilal Saudi FC,,0.0,0.0,0.0,0.0,0.0,0.0
657849,I. Kovacs,UTC,2021-05-07 18:40:00+00:00,1620412800,1620412800.0,1620416400.0,,Al-Shabab Club Stadium,Riyadh,Match Finished,FT,90.0,,307,Pro League,Saudi-Arabia,2020,Regular Season - 26,True,2940,Al Shabab,False,2932,Al-Hilal Saudi FC,True,1.0,5.0,1.0,3.0,1.0,5.0
740006,Turki Al Khudair,UTC,2021-09-23 17:25:00+00:00,1632417900,1632417900.0,1632421500.0,1361.0,King Fahd International Stadium,Riyadh,Match Finished,FT,90.0,,307,Pro League,Saudi-Arabia,2021,Regular Season - 6,True,2940,Al Shabab,,2932,Al-Hilal Saudi FC,,2.0,2.0,1.0,1.0,2.0,2.0
976706,Majed Alshamrani,UTC,2023-04-07 19:00:00+00:00,1680894000,1680894000.0,1680897600.0,1374.0,Prince Faisal bin Fahd Stadium,Riyadh,Match Finished,FT,90.0,,307,Pro League,Saudi-Arabia,2022,Regular Season - 22,True,2940,Al Shabab,True,2932,Al-Hilal Saudi FC,False,3.0,0.0,0.0,0.0,3.0,0.0
1074462,M. Escobar,UTC,2024-03-30 19:00:00+00:00,1711825200,1711825200.0,1711828800.0,,Al-Shabab Club Stadium,Riyadh,Match Finished,FT,90.0,,307,Pro League,Saudi-Arabia,2023,Regular Season - 25,True,2940,Al Shabab,False,2932,Al-Hilal Saudi FC,True,3.0,4.0,1.0,3.0,3.0,4.0
1252523,H. Meler,UTC,2024-11-30 17:00:00+00:00,1732986000,1732986000.0,1732989600.0,,Al-Shabab Club Stadium,Riyadh,Match Finished,FT,90.0,10.0,307,Pro League,Saudi-Arabia,2024,Regular Season - 12,True,2940,Al Shabab,False,2932,Al-Hilal Saudi FC,True,1.0,2.0,1.0,1.0,1.0,2.0
1436123,S. Gishamer,UTC,2026-02-27 19:00:00+00:00,1772218800,1772218800.0,1772222400.0,1374.0,Al-Shabab Club Stadium,Riyadh,Match Finished,FT,90.0,6.0,307,Pro League,Saudi-Arabia,2025,Regular Season - 24,True,2940,Al Shabab,False,2932,Al-Hilal Saudi FC,True,3.0,5.0,2.0,3.0,3.0,5.0
1603013,"Facundo Raul Tello Figueroa, Argentina",UTC,2026-09-04 18:00:00+00:00,1788544800,1788544800.0,1788548400.0,1374.0,Al-Shabab Club Stadium,Riyadh,Match Finished,FT,90.0,,307,Pro League,Saudi-Arabia,2026,Regular Season - 5,True,2940,Al Shabab,False,2932,Al-Hilal Saudi FC,True,0.0,2.0,0.0,0.0,0.0,2.0
110235,,UTC,2016-12-02 15:55:00+00:00,1480694100,1480694100.0,1480697700.0,1374.0,Prince Faisal bin Fahd Stadium,Riyadh,Match Finished,FT,90.0,,307,Pro League,Saudi-Arabia,2016,Regular Season - 11,True,2932,Al-Hilal Saudi FC,True,2940,Al Shabab,False,3.0,0.0,1.0,0.0,3.0,0.0
110437,I. Bebek,UTC,2017-11-01 15:45:00+00:00,1509551100,1509551100.0,1509554700.0,,King Fahd Stadium,Riyadh,Match Finished,FT,90.0,,307,Pro League,Saudi-Arabia,2017,Regular Season - 9,True,2932,Al-Hilal Saudi FC,,2940,Al Shabab,,1.0,1.0,0.0,0.0,1.0,1.0
151930,"Daniele Orsato, Italy",UTC,2019-05-16 19:30:00+00:00,1558035000,1558035000.0,1558038600.0,1369.0,King Saud University Stadium,Riyadh,Match Finished,FT,90.0,,307,Pro League,Saudi-Arabia,2018,Regular Season - 30,True,2932,Al-Hilal Saudi FC,True,2940,Al Shabab,False,3.0,2.0,1.0,0.0,3.0,2.0
312971,,UTC,2020-09-09 17:35:00+00:00,1599672900,1599672900.0,1599676500.0,1369.0,King Saud University Stadium,Riyadh,Match Finished,FT,90.0,,307,Pro League,Saudi-Arabia,2019,Regular Season - 30,True,2932,Al-Hilal Saudi FC,True,2940,Al Shabab,False,2.0,1.0,1.0,0.0,2.0,1.0
635954,Khaled Al Teris,UTC,2020-12-31 15:50:00+00:00,1609429800,1609429800.0,1609433400.0,1374.0,Prince Faisal bin Fahd Stadium,Riyadh,Match Finished,FT,90.0,,307,Pro League,Saudi-Arabia,2020,Regular Season - 11,True,2932,Al-Hilal Saudi FC,,2940,Al Shabab,,1.0,1.0,0.0,1.0,1.0,1.0
824997,M. Díaz de Vivar,UTC,2022-02-17 16:40:00+00:00,1645116000,1645116000.0,1645119600.0,1374.0,Prince Faisal bin Fahd Stadium,Riyadh,Match Finished,FT,90.0,,307,Pro League,Saudi-Arabia,2021,Regular Season - 21,True,2932,Al-Hilal Saudi FC,True,2940,Al Shabab,False,5.0,0.0,4.0,0.0,5.0,0.0
844144,R. Tobar,UTC,2022-04-03 19:00:00+00:00,1649012400,1649012400.0,1649016000.0,1374.0,Prince Faisal bin Fahd Stadium,Riyadh,Match Finished,AET,120.0,,504,King's Cup,Saudi-Arabia,2022,Semi-finals,False,2932,Al-Hilal Saudi FC,True,2940,Al Shabab,False,2.0,1.0,0.0,0.0,1.0,1.0
931956,E. Aquino,UTC,2022-10-10 17:30:00+00:00,1665423000,1665423000.0,1665426600.0,1374.0,Prince Faisal bin Fahd Stadium,Riyadh,Match Finished,FT,90.0,,307,Pro League,Saudi-Arabia,2022,Regular Season - 7,True,2932,Al-Hilal Saudi FC,,2940,Al Shabab,,1.0,1.0,1.0,0.0,1.0,1.0
1074307,Ivan Cisneros,UTC,2023-09-29 18:00:00+00:00,1696010400,1696010400.0,1696014000.0,1361.0,Prince Faisal bin Fahd Stadium,Riyadh,Match Finished,FT,90.0,,307,Pro League,Saudi-Arabia,2023,Regular Season - 8,True,2932,Al-Hilal Saudi FC,True,2940,Al Shabab,False,2.0,0.0,0.0,0.0,2.0,0.0
1113420,Amin Omar,UTC,2023-08-09 18:00:00+00:00,1691604000,1691604000.0,1691607600.0,2904.0,King Fahd Sport City Stadium,Ta'if,Match Finished,FT,90.0,,768,Arab Club Champions Cup,World,2023,Semi-finals,False,2932,Al-Hilal Saudi FC,True,2940,Al Shabab,False,3.0,1.0,2.0,0.0,3.0,1.0
1252671,R. Obrenović,UTC,2025-04-21 15:55:00+00:00,1745250900,1745250900.0,1745254500.0,20744.0,Kingdom Arena,Riyadh,Match Finished,FT,90.0,9.0,307,Pro League,Saudi-Arabia,2024,Regular Season - 29,True,2932,Al-Hilal Saudi FC,,2940,Al Shabab,,2.0,2.0,1.0,1.0,2.0,2.0
1435970,"Georgi Kabakov, Bulgaria",UTC,2025-10-31 14:50:00+00:00,1761922200,1761922200.0,1761925800.0,20744.0,Kingdom Arena,Riyadh,Match Finished,FT,90.0,8.0,307,Pro League,Saudi-Arabia,2025,Regular Season - 7,True,2932,Al-Hilal Saudi FC,True,2940,Al Shabab,False,1.0,0.0,1.0,0.0,1.0,0.0
1603164,,UTC,2027-03-11 18:00:00+00:00,1804788000,,,20744.0,Kingdom Arena,Riyadh,Not Started,NS,,,307,Pro League,Saudi-Arabia,2026,Regular Season - 22,True,2932,Al-Hilal Saudi FC,,2940,Al Shabab,,,,,,,
110400,C. Çakιr,UTC,2017-12-17 15:40:00+00:00,1513525200,1513525200.0,1513528800.0,,King Salman bin Abdulaziz Sport City Stadium (Al Majma'ah),,Match Finished,FT,90.0,,307,Pro League,Saudi-Arabia,2017,Regular Season - 14,True,2944,Al-Fayha,True,2932,Al-Hilal Saudi FC,False,2.0,1.0,0.0,0.0,2.0,1.0
151824,"Bernie Raymond Blom, Netherlands",UTC,2019-01-27 14:20:00+00:00,1548598800,1548598800.0,1548602400.0,,Prince Salman Bin Abdulaziz Sport City Stadium,Al Majma'ah,Match Finished,FT,90.0,,307,Pro League,Saudi-Arabia,2018,Regular Season - 17,True,2944,Al-Fayha,False,2932,Al-Hilal Saudi FC,True,1.0,5.0,0.0,2.0,1.0,5.0
312875,A. Ekberg,UTC,2020-02-13 14:30:00+00:00,1581604200,1581604200.0,1581607800.0,1367.0,Al Majma'ah Sports City Stadium,Al Majma'ah,Match Finished,FT,90.0,,307,Pro League,Saudi-Arabia,2019,Regular Season - 18,True,2944,Al-Fayha,False,2932,Al-Hilal Saudi FC,True,0.0,1.0,0.0,0.0,0.0,1.0
824982,Majed Alshamrani,UTC,2022-05-03 16:10:00+00:00,1651594200,1651594200.0,1651597800.0,1367.0,Al Majma'ah Sports City Stadium,Al Majma'ah,Match Finished,FT,90.0,,307,Pro League,Saudi-Arabia,2021,Regular Season - 19,True,2944,Al-Fayha,True,2932,Al-Hilal Saudi FC,False,1.0,0.0,1.0,0.0,1.0,0.0
976664,Abdullah Al-Kharbosh,UTC,2023-04-04 19:00:00+00:00,1680634800,1680634800.0,1680638400.0,1367.0,Al Majma'ah Sports City Stadium,Al Majma'ah,Match Finished,FT,90.0,,307,Pro League,Saudi-Arabia,2022,Regular Season - 17,True,2944,Al-Fayha,False,2932,Al-Hilal Saudi FC,True,0.0,2.0,0.0,1.0,0.0,2.0
983589,S. Marciniak,UTC,2023-01-26 15:00:00+00:00,1674745200,1674745200.0,1674748800.0,1374.0,Prince Faisal bin Fahd Stadium,Riyadh,Match Finished,FT,90.0,,826,Super Cup,Saudi-Arabia,2023,Semi-finals,False,2944,Al-Fayha,True,2932,Al-Hilal Saudi FC,False,1.0,0.0,1.0,0.0,1.0,0.0
1074402,M. Escobar,UTC,2023-12-29 15:00:00+00:00,1703862000,1703862000.0,1703865600.0,1367.0,Prince Faisal bin Fahd Stadium,Riyadh,Match Finished,FT,90.0,,307,Pro League,Saudi-Arabia,2023,Regular Season - 19,True,2944,Al-Fayha,False,2932,Al-Hilal Saudi FC,True,0.0,2.0,0.0,0.0,0.0,2.0
1252630,Bruno Arleu de Araújo,UTC,2025-03-07 19:00:00+00:00,1741374000,1741374000.0,1741377600.0,1367.0,King Abdullah Sport City Stadium,Buraidah,Match Finished,FT,90.0,7.0,307,Pro League,Saudi-Arabia,2024,Regular Season - 24,True,2944,Al-Fayha,False,2932,Al-Hilal Saudi FC,True,0.0,2.0,0.0,1.0,0.0,2.0
1438977,I. Kruzliak,UTC,2026-05-21 18:00:00+00:00,1779386400,1779386400.0,1779390000.0,1367.0,King Abdullah Sports City Stadium,Buraidah,Match Finished,FT,90.0,5.0,307,Pro League,Saudi-Arabia,2025,Regular Season - 34,True,2944,Al-Fayha,False,2932,Al-Hilal Saudi FC,True,0.0,1.0,0.0,1.0,0.0,1.0
1602981,"Danny Makkelie, Netherlands",UTC,2026-08-20 18:00:00+00:00,1787248800,1787248800.0,1787252400.0,,Al Majma'ah Sport City,Al Majmaah,Match Finished,FT,90.0,4.0,307,Pro League,Saudi-Arabia,2026,Regular Season - 2,True,2944,Al-Fayha,False,2932,Al-Hilal Saudi FC,True,0.0,3.0,0.0,1.0,0.0,3.0
110494,,UTC,2017-08-10 17:55:00+00:00,1502387700,1502387700.0,1502391300.0,,King Fahd Stadium,Riyadh,Match Finished,FT,90.0,,307,Pro League,Saudi-Arabia,2017,Regular Season - 1,True,2932,Al-Hilal Saudi FC,True,2944,Al-Fayha,False,2.0,1.0,1.0,1.0,2.0,1.0
151699,,UTC,2018-08-31 15:55:00+00:00,1535730900,1535730900.0,1535734500.0,,King Fahd Stadium,Riyadh,Match Finished,FT,90.0,,307,Pro League,Saudi-Arabia,2018,Regular Season - 1,True,2932,Al-Hilal Saudi FC,True,2944,Al-Fayha,False,1.0,0.0,0.0,0.0,1.0,0.0
234796,K. Jakubik,UTC,2019-09-14 15:40:00+00:00,1568475600,1568475600.0,1568479200.0,1369.0,King Saud University Stadium,Riyadh,Match Finished,FT,90.0,,307,Pro League,Saudi-Arabia,2019,Regular Season - 3,True,2932,Al-Hilal Saudi FC,,2944,Al-Fayha,,1.0,1.0,0.0,0.0,1.0,1.0
740011,I. Tantashev,UTC,2021-12-10 13:40:00+00:00,1639143600,1639143600.0,1639147200.0,1361.0,King Fahd International Stadium,Riyadh,Match Finished,FT,90.0,,307,Pro League,Saudi-Arabia,2021,Regular Season - 4,True,2932,Al-Hilal Saudi FC,,2944,Al-Fayha,,0.0,0.0,0.0,0.0,0.0,0.0
862070,Antonio Mateu,UTC,2022-05-19 18:00:00+00:00,1652983200,1652983200.0,1652986800.0,1364.0,King Abdullah Sports City,Jeddah,Match Finished,PEN,120.0,,504,King's Cup,Saudi-Arabia,2022,Final,False,2932,Al-Hilal Saudi FC,False,2944,Al-Fayha,True,1.0,1.0,1.0,0.0,1.0,1.0
931915,S. Schärer,UTC,2022-08-31 18:00:00+00:00,1661968800,1661968800.0,1661972400.0,1374.0,Prince Faisal bin Fahd Stadium,Riyadh,Match Finished,FT,90.0,,307,Pro League,Saudi-Arabia,2022,Regular Season - 2,True,2932,Al-Hilal Saudi FC,True,2944,Al-Fayha,False,2.0,0.0,0.0,0.0,2.0,0.0
1074255,Y. Falcón,UTC,2023-08-19 18:00:00+00:00,1692468000,1692468000.0,1692471600.0,1374.0,King Fahd International Stadium,Riyadh,Match Finished,FT,90.0,,307,Pro League,Saudi-Arabia,2023,Regular Season - 2,True,2932,Al-Hilal Saudi FC,,2944,Al-Fayha,,1.0,1.0,1.0,1.0,1.0,1.0
1252473,R. Petrescu,UTC,2024-10-18 15:00:00+00:00,1729263600,1729263600.0,1729267200.0,20744.0,Kingdom Arena,Riyadh,Match Finished,FT,90.0,4.0,307,Pro League,Saudi-Arabia,2024,Regular Season - 7,True,2932,Al-Hilal Saudi FC,True,2944,Al-Fayha,False,3.0,0.0,1.0,0.0,3.0,0.0
1436064,S. Karasev,UTC,2026-01-22 17:30:00+00:00,1769103000,1769103000.0,1769106600.0,20744.0,Kingdom Arena,Riyadh,Match Finished,FT,90.0,5.0,307,Pro League,Saudi-Arabia,2025,Regular Season - 17,True,2932,Al-Hilal Saudi FC,True,2944,Al-Fayha,False,4.0,1.0,2.0,1.0,4.0,1.0
1603137,,UTC,2027-02-11 19:00:00+00:00,1802372400,,,20744.0,Kingdom Arena,Riyadh,Not Started,NS,,,307,Pro League,Saudi-Arabia,2026,Regular Season - 19,True,2932,Al-Hilal Saudi FC,,2944,Al-Fayha,,,,,,,
151896,"Damir Skomina, Slovenia",UTC,2019-04-04 17:45:00+00:00,1554399900,1554399900.0,1554403500.0,,Al Hazem Club Stadium,Ar Rass,Match Finished,FT,90.0,,307,Pro League,Saudi-Arabia,2018,Regular Season - 26,True,2945,Al-Hazm,False,2932,Al-Hilal Saudi FC,True,2.0,3.0,2.0,0.0,2.0,3.0
234878,Shukri Al Hanfosh,UTC,2019-12-26 15:50:00+00:00,1577375400,1577375400.0,1577379000.0,,Ar-Rass Stadium,Rass,Match Finished,FT,90.0,,307,Pro League,Saudi-Arabia,2019,Regular Season - 13,True,2945,Al-Hazm,,2932,Al-Hilal Saudi FC,,1.0,1.0,0.0,0.0,1.0,1.0
740019,Ahmad Al Rumaikhani,UTC,2021-09-30 17:20:00+00:00,1633022400,1633022400.0,1633026000.0,,Ar-Rass Stadium,Rass,Match Finished,FT,90.0,,307,Pro League,Saudi-Arabia,2021,Regular Season - 7,True,2945,Al-Hazm,,2932,Al-Hilal Saudi FC,,1.0,1.0,0.0,0.0,1.0,1.0
1074362,F. Maresca,UTC,2023-11-25 15:00:00+00:00,1700924400,1700924400.0,1700928000.0,1377.0,King Abdullah Sport City Stadium,Buraidah,Match Finished,FT,90.0,,307,Pro League,Saudi-Arabia,2023,Regular Season - 14,True,2945,Al-Hazm,False,2932,Al-Hilal Saudi FC,True,0.0,9.0,0.0,3.0,0.0,9.0
1452162,N. Dabanovic,UTC,2026-05-02 18:00:00+00:00,1777744800,1777744800.0,1777748400.0,0.0,Al-Hazem Club Stadium,Ar Rass,Match Finished,FT,90.0,6.0,307,Pro League,Saudi-Arabia,2025,Regular Season - 31,True,2945,Al-Hazm,False,2932,Al-Hilal Saudi FC,True,0.0,3.0,0.0,1.0,0.0,3.0
1603208,,UTC,2027-04-18 18:00:00+00:00,1808071200,,,,Al-Hazem Club Stadium,Ar Rass,Not Started,NS,,,307,Pro League,Saudi-Arabia,2026,Regular Season - 27,True,2945,Al-Hazm,,2932,Al-Hilal Saudi FC,,,,,,,
151796,"Milorad Mazic, Serbia",UTC,2018-12-15 11:05:00+00:00,1544871900,1544871900.0,1544875500.0,1369.0,King Saud University Stadium,Riyadh,Match Finished,FT,90.0,,307,Pro League,Saudi-Arabia,2018,Regular Season - 13,True,2932,Al-Hilal Saudi FC,False,2945,Al-Hazm,True,1.0,2.0,1.0,0.0,1.0,2.0
312954,A. Treimanis,UTC,2020-08-29 17:40:00+00:00,1598722800,1598722800.0,1598726400.0,1369.0,King Saud University Stadium,Riyadh,Match Finished,FT,90.0,,307,Pro League,Saudi-Arabia,2019,Regular Season - 28,True,2932,Al-Hilal Saudi FC,True,2945,Al-Hazm,False,4.0,1.0,2.0,1.0,4.0,1.0
825004,O. Hațegan,UTC,2022-02-26 14:25:00+00:00,1645885500,1645885500.0,1645889100.0,1374.0,Prince Faisal bin Fahd Stadium,Riyadh,Match Finished,FT,90.0,,307,Pro League,Saudi-Arabia,2021,Regular Season - 22,True,2932,Al-Hilal Saudi FC,True,2945,Al-Hazm,False,2.0,0.0,0.0,0.0,2.0,0.0
1074516,U. Schnyder,UTC,2024-05-11 15:00:00+00:00,1715439600,1715439600.0,1715443200.0,1361.0,Prince Faisal bin Fahd Stadium,Riyadh,Match Finished,FT,90.0,,307,Pro League,Saudi-Arabia,2023,Regular Season - 31,True,2932,Al-Hilal Saudi FC,True,2945,Al-Hazm,False,4.0,1.0,4.0,1.0,4.0,1.0
1136334,F. Tello,UTC,2023-10-30 18:00:00+00:00,1698688800,1698688800.0,1698692400.0,1361.0,King Fahd International Stadium,Riyadh,Match Finished,FT,90.0,,504,King's Cup,Saudi-Arabia,2024,Round of 16,False,2932,Al-Hilal Saudi FC,True,2945,Al-Hazm,False,3.0,0.0,0.0,0.0,3.0,0.0
1436034,"Glenn Nyberg, Sweden",UTC,2026-01-08 14:55:00+00:00,1767884100,1767884100.0,1767887700.0,20744.0,Kingdom Arena,Riyadh,Match Finished,FT,90.0,5.0,307,Pro League,Saudi-Arabia,2025,Regular Season - 14,True,2932,Al-Hilal Saudi FC,True,2945,Al-Hazm,False,3.0,0.0,1.0,0.0,3.0,0.0
1603058,,UTC,2026-10-19 18:00:00+00:00,1792432800,,,20744.0,Kingdom Arena,Riyadh,Not Started,NS,,,307,Pro League,Saudi-Arabia,2026,Regular Season - 10,True,2932,Al-Hilal Saudi FC,,2945,Al-Hazm,,,,,,,
1635218,,UTC,2026-12-01 17:00:00+00:00,1796144400,,,20744.0,Kingdom Arena,Riyadh,Not Started,NS,,,504,King's Cup,Saudi-Arabia,2027,Round of 16,False,2932,Al-Hilal Saudi FC,,2945,Al-Hazm,,,,,,,
312859,I. Pajač,UTC,2020-01-31 12:00:00+00:00,1580472000,1580472000.0,1580475600.0,1362.0,Prince Sultan bin Abdul Aziz Stadium,Abha,Match Finished,FT,90.0,,307,Pro League,Saudi-Arabia,2019,Regular Season - 16,True,2951,Abha,False,2932,Al-Hilal Saudi FC,True,1.0,2.0,0.0,2.0,1.0,2.0
635875,Majed Al Shamrani,UTC,2020-10-22 12:40:00+00:00,1603370400,1603370400.0,1603374000.0,10516.0,Prince Sultan bin Abdulaziz Sports City Stadium,Abha,Match Finished,FT,90.0,,307,Pro League,Saudi-Arabia,2020,Regular Season - 2,True,2951,Abha,,2932,Al-Hilal Saudi FC,,1.0,1.0,0.0,1.0,1.0,1.0
740063,Turki Al Khudair,UTC,2021-11-28 11:30:00+00:00,1638099000,1638099000.0,1638102600.0,10516.0,Prince Sultan bin Abdulaziz Sports City Stadium,Abha,Match Finished,FT,90.0,,307,Pro League,Saudi-Arabia,2021,Regular Season - 13,True,2951,Abha,,2932,Al-Hilal Saudi FC,,1.0,1.0,1.0,1.0,1.0,1.0
976757,Mohammed Al Esmaiel,UTC,2023-05-27 18:00:00+00:00,1685210400,1685210400.0,1685214000.0,10516.0,Prince Sultan bin Abdulaziz Sports City Stadium,Abha,Match Finished,FT,90.0,,307,Pro League,Saudi-Arabia,2022,Regular Season - 29,True,2951,Abha,False,2932,Al-Hilal Saudi FC,True,0.0,3.0,0.0,2.0,0.0,3.0
1074244,R. Petrescu,UTC,2023-08-14 15:00:00+00:00,1692025200,1692025200.0,1692028800.0,10516.0,Prince Sultan bin Abdulaziz Sports City Stadium,Abha,Match Finished,FT,90.0,,307,Pro League,Saudi-Arabia,2023,Regular Season - 1,True,2951,Abha,False,2932,Al-Hilal Saudi FC,True,1.0,3.0,1.0,1.0,1.0,3.0
1603260,,UTC,2027-05-24 18:00:00+00:00,1811181600,,,,Prince Sultan bin Abdul Aziz Stadium,Abha,Not Started,NS,,,307,Pro League,Saudi-Arabia,2026,Regular Season - 33,True,2951,Abha,,2932,Al-Hilal Saudi FC,,,,,,,
234779,D. Higler,UTC,2019-08-23 16:00:00+00:00,1566576000,1566576000.0,1566579600.0,1369.0,King Saud University Stadium,Riyadh,Match Finished,FT,90.0,,307,Pro League,Saudi-Arabia,2019,Regular Season - 1,True,2932,Al-Hilal Saudi FC,True,2951,Abha,False,4.0,2.0,2.0,1.0,4.0,2.0
336007,E. Aquino,UTC,2020-10-27 14:55:00+00:00,1603810500,1603810500.0,1603814100.0,1374.0,Prince Faisal bin Fahd Stadium,Riyadh,Match Finished,FT,90.0,,504,King's Cup,Saudi-Arabia,2020,Semi-finals,False,2932,Al-Hilal Saudi FC,True,2951,Abha,False,2.0,0.0,2.0,0.0,2.0,0.0
657772,I. Tantashev,UTC,2021-02-04 14:15:00+00:00,1612448100,1612448100.0,1612451700.0,1374.0,Prince Faisal bin Fahd Stadium,Riyadh,Match Finished,FT,90.0,,307,Pro League,Saudi-Arabia,2020,Regular Season - 17,True,2932,Al-Hilal Saudi FC,False,2951,Abha,True,2.0,3.0,1.0,1.0,2.0,3.0
852007,Artur Soares Dias,UTC,2022-05-29 18:00:00+00:00,1653847200,1653847200.0,1653850800.0,1374.0,Prince Faisal bin Fahd Stadium,Riyadh,Match Finished,FT,90.0,,307,Pro League,Saudi-Arabia,2021,Regular Season - 28,True,2932,Al-Hilal Saudi FC,True,2951,Abha,False,2.0,0.0,0.0,0.0,2.0,0.0
932016,G. Kabakov,UTC,2023-01-22 14:00:00+00:00,1674396000,1674396000.0,1674399600.0,1374.0,Prince Faisal bin Fahd Stadium,Riyadh,Match Finished,FT,90.0,,307,Pro League,Saudi-Arabia,2022,Regular Season - 14,True,2932,Al-Hilal Saudi FC,True,2951,Abha,False,2.0,1.0,1.0,1.0,2.0,1.0
1074395,B. Dankert,UTC,2023-12-21 18:00:00+00:00,1703181600,1703181600.0,1703185200.0,1361.0,Prince Faisal bin Fahd Stadium,Riyadh,Match Finished,FT,90.0,,307,Pro League,Saudi-Arabia,2023,Regular Season - 18,True,2932,Al-Hilal Saudi FC,True,2951,Abha,False,7.0,0.0,2.0,0.0,7.0,0.0
1603111,,UTC,2026-12-03 17:00:00+00:00,1796317200,,,20744.0,Kingdom Arena,Riyadh,Not Started,NS,,,307,Pro League,Saudi-Arabia,2026,Regular Season - 16,True,2932,Al-Hilal Saudi FC,,2951,Abha,,,,,,,
821997,,UTC,2022-02-23 12:30:00+00:00,1645619400,1645619400.0,1645623000.0,1376.0,Prince Saud bin Jalawi Stadium,Khobar,Match Finished,FT,90.0,,308,Division 1,Saudi-Arabia,2021,Regular Season - 25,True,2933,Al-Qadisiyah FC,True,10509,Al Kholood,False,1.0,0.0,0.0,0.0,1.0,0.0
984747,,UTC,2023-05-02 17:00:00+00:00,1683046800,1683046800.0,1683050400.0,1376.0,Prince Saud bin Jalawi Stadium,Khobar,Match Finished,FT,90.0,,308,Division 1,Saudi-Arabia,2022,Regular Season - 30,True,2933,Al-Qadisiyah FC,True,10509,Al Kholood,False,1.0,0.0,0.0,0.0,1.0,0.0
1151314,,UTC,2024-03-09 15:25:00+00:00,1709997900,1709997900.0,1710001500.0,1376.0,Prince Saud bin Jalawi Stadium,Khobar,Match Finished,FT,90.0,,308,Division 1,Saudi-Arabia,2023,Regular Season - 25,True,2933,Al-Qadisiyah FC,True,10509,Al Kholood,False,2.0,0.0,0.0,0.0,2.0,0.0
1252682,A. Treimanis,UTC,2025-05-02 18:00:00+00:00,1746208800,1746208800.0,1746212400.0,1376.0,Prince Mohamed bin Fahd Stadium,Dammam,Match Finished,FT,90.0,5.0,307,Pro League,Saudi-Arabia,2024,Regular Season - 30,True,2933,Al-Qadisiyah FC,True,10509,Al Kholood,False,4.0,1.0,3.0,0.0,4.0,1.0
1435977,"Serdar Gozubuyuk, Netherlands",UTC,2025-11-06 17:30:00+00:00,1762450200,1762450200.0,1762453800.0,1370.0,Prince Saud bin Jalawi Stadium,Dammam,Match Finished,FT,90.0,1.0,307,Pro League,Saudi-Arabia,2025,Regular Season - 8,True,2933,Al-Qadisiyah FC,True,10509,Al Kholood,False,4.0,0.0,1.0,0.0,4.0,0.0
1603193,,UTC,2027-04-08 18:00:00+00:00,1807207200,,,,Prince Saud bin Jalawi Stadium,Dammam,Not Started,NS,,,307,Pro League,Saudi-Arabia,2026,Regular Season - 25,True,2933,Al-Qadisiyah FC,,10509,Al Kholood,,,,,,,
771160,,UTC,2021-10-12 15:20:00+00:00,1634052000,1634052000.0,1634055600.0,,Ar-Rass Stadium,Rass,Match Finished,FT,90.0,,308,Division 1,Saudi-Arabia,2021,Regular Season - 6,True,10509,Al Kholood,,2933,Al-Qadisiyah FC,,1.0,1.0,,,1.0,1.0
932137,,UTC,2022-12-20 12:20:00+00:00,1671538800,1671538800.0,1671542400.0,,Ar-Rass Stadium,Rass,Match Finished,FT,90.0,,308,Division 1,Saudi-Arabia,2022,Regular Season - 13,True,10509,Al Kholood,True,2933,Al-Qadisiyah FC,False,2.0,0.0,1.0,0.0,2.0,0.0
1074165,,UTC,2023-10-25 16:50:00+00:00,1698252600,1698252600.0,1698256200.0,,Ar-Rass Stadium,Rass,Match Finished,FT,90.0,,308,Division 1,Saudi-Arabia,2023,Regular Season - 8,True,10509,Al Kholood,False,2933,Al-Qadisiyah FC,True,0.0,2.0,0.0,1.0,0.0,2.0
1252532,C. Dingert,UTC,2024-12-06 14:50:00+00:00,1733496600,1733496600.0,1733500200.0,1377.0,Ar-Rass Stadium,Rass,Match Finished,FT,90.0,5.0,307,Pro League,Saudi-Arabia,2024,Regular Season - 13,True,10509,Al Kholood,False,2933,Al-Qadisiyah FC,True,0.0,3.0,0.0,1.0,0.0,3.0
1436131,O. A. Artan,UTC,2026-03-07 19:00:00+00:00,1772910000,1772910000.0,1772913600.0,,Al-Hazem Club Stadium,Ar Rass,Match Finished,FT,90.0,3.0,307,Pro League,Saudi-Arabia,2025,Regular Season - 25,True,10509,Al Kholood,False,2933,Al-Qadisiyah FC,True,1.0,4.0,1.0,3.0,1.0,4.0
1603041,,UTC,2026-10-09 13:50:00+00:00,1791553800,,,,Al-Hazem Club Stadium,Ar Rass,Not Started,NS,,,307,Pro League,Saudi-Arabia,2026,Regular Season - 8,True,10509,Al Kholood,,2933,Al-Qadisiyah FC,,,,,,,
932074,,UTC,2022-10-04 15:00:00+00:00,1664895600,1664895600.0,1664899200.0,,Al-Qadasiya Club Stadium,Khobar,Match Finished,FT,90.0,,308,Division 1,Saudi-Arabia,2022,Regular Season - 6,True,2933,Al-Qadisiyah FC,,10511,Al Riyadh,,1.0,1.0,0.0,1.0,1.0,1.0
1252625,S. Karasev,UTC,2025-03-02 19:00:00+00:00,1740942000,1740942000.0,1740945600.0,1376.0,Prince Mohamed bin Fahd Stadium,Dammam,Match Finished,FT,90.0,10.0,307,Pro League,Saudi-Arabia,2024,Regular Season - 23,True,2933,Al-Qadisiyah FC,True,10511,Al Riyadh,False,1.0,0.0,0.0,0.0,1.0,0.0
1436028,"Shukri Alhunfush, Saudi Arabia",UTC,2026-01-04 17:30:00+00:00,1767547800,1767547800.0,1767551400.0,1370.0,Prince Saud bin Jalawi Stadium,Dammam,Match Finished,FT,90.0,3.0,307,Pro League,Saudi-Arabia,2025,Regular Season - 13,True,2933,Al-Qadisiyah FC,True,10511,Al Riyadh,False,4.0,0.0,2.0,0.0,4.0,0.0
1603231,,UTC,2027-04-29 18:00:00+00:00,1809021600,,,,Prince Saud bin Jalawi Stadium,Dammam,Not Started,NS,,,307,Pro League,Saudi-Arabia,2026,Regular Season - 29,True,2933,Al-Qadisiyah FC,,10511,Al Riyadh,,,,,,,
984684,,UTC,2023-02-28 12:50:00+00:00,1677588600,1677588600.0,1677592200.0,7224.0,Prince Turki bin Abdul Aziz Stadium,Riyadh,Match Finished,FT,90.0,,308,Division 1,Saudi-Arabia,2022,Regular Season - 23,True,10511,Al Riyadh,False,2933,Al-Qadisiyah FC,True,1.0,2.0,1.0,1.0,1.0,2.0
1252464,I. Barton,UTC,2024-10-04 15:15:00+00:00,1728054900,1728054900.0,1728058500.0,1374.0,Prince Faisal bin Fahd Stadium,Riyadh,Match Finished,FT,90.0,13.0,307,Pro League,Saudi-Arabia,2024,Regular Season - 6,True,10511,Al Riyadh,True,2933,Al-Qadisiyah FC,False,2.0,1.0,1.0,0.0,2.0,1.0
1436181,L. M. Branco Godinho,UTC,2026-04-29 16:00:00+00:00,1777478400,1777478400.0,1777482000.0,1374.0,Prince Faisal bin Fahd Stadium,Riyadh,Match Finished,FT,90.0,7.0,307,Pro League,Saudi-Arabia,2025,Regular Season - 30,True,10511,Al Riyadh,False,2933,Al-Qadisiyah FC,True,0.0,4.0,0.0,1.0,0.0,4.0
1603077,,UTC,2026-10-29 18:00:00+00:00,1793296800,,,1374.0,Prince Faisal bin Fahd Stadium,Riyadh,Not Started,NS,,,307,Pro League,Saudi-Arabia,2026,Regular Season - 12,True,10511,Al Riyadh,,2933,Al-Qadisiyah FC,,,,,,,
1436104,D. Rumsas,UTC,2026-02-12 17:30:00+00:00,1770917400,1770917400.0,1770921000.0,1370.0,Prince Saud bin Jalawi Stadium,Dammam,Match Finished,FT,90.0,8.0,307,Pro League,Saudi-Arabia,2025,Regular Season - 22,True,2933,Al-Qadisiyah FC,True,10513,NEOM,False,1.0,0.0,0.0,0.0,1.0,0.0
1603150,,UTC,2027-02-18 19:00:00+00:00,1802977200,,,,Prince Saud bin Jalawi Stadium,Dammam,Not Started,NS,,,307,Pro League,Saudi-Arabia,2026,Regular Season - 20,True,2933,Al-Qadisiyah FC,,10513,NEOM,,,,,,,
1635222,,UTC,2026-12-01 17:00:00+00:00,1796144400,,,,Prince Saud bin Jalawi Stadium,Dammam,Not Started,NS,,,504,King's Cup,Saudi-Arabia,2027,Round of 16,False,2933,Al-Qadisiyah FC,,10513,NEOM,,,,,,,
1435957,"Tamas Bognar, Hungary",UTC,2025-10-19 18:00:00+00:00,1760896800,1760896800.0,1760900400.0,,King Khalid Sports City,Tabuk,Match Finished,FT,90.0,6.0,307,Pro League,Saudi-Arabia,2025,Regular Season - 5,True,10513,NEOM,False,2933,Al-Qadisiyah FC,True,1.0,3.0,0.0,2.0,1.0,3.0
1602990,"Faisal Suleiman Al-Balawi, Saudi Arabia",UTC,2026-08-24 16:40:00+00:00,1787589600,1787589600.0,1787593200.0,,King Khalid Sport City Stadium,Tabuk,Match Finished,FT,90.0,4.0,307,Pro League,Saudi-Arabia,2026,Regular Season - 3,True,10513,NEOM,False,2933,Al-Qadisiyah FC,True,0.0,2.0,0.0,1.0,0.0,2.0
1603168,,UTC,2027-03-11 18:00:00+00:00,1804788000,,,,Prince Saud bin Jalawi Stadium,Dammam,Not Started,NS,,,307,Pro League,Saudi-Arabia,2026,Regular Season - 22,True,2933,Al-Qadisiyah FC,,26738,Al Diriyah,,,,,,,
1603010,"Ahmad Al Rumaikhani, Saudi Arabia",UTC,2026-09-03 18:00:00+00:00,1788458400,1788458400.0,1788462000.0,,Al-Awwal Park,Riyadh,Match Finished,FT,90.0,,307,Pro League,Saudi-Arabia,2026,Regular Season - 5,True,26738,Al Diriyah,False,2933,Al-Qadisiyah FC,True,0.0,2.0,0.0,0.0,0.0,2.0
110141,,UTC,2017-04-29 17:50:00+00:00,1493488200,1493488200.0,1493491800.0,,Prince Saud bin Jalawi Stadium (al-Khobar (Khobar)),,Match Finished,FT,90.0,,307,Pro League,Saudi-Arabia,2016,Regular Season - 25,True,2933,Al-Qadisiyah FC,,2934,Al-Ettifaq,,1.0,1.0,1.0,1.0,1.0,1.0
110349,,UTC,2018-02-21 16:20:00+00:00,1519230000,1519230000.0,1519233600.0,,Prince Saud bin Jalawi Stadium (al-Khobar (Khobar)),,Match Finished,FT,90.0,,307,Pro League,Saudi-Arabia,2017,Regular Season - 16,True,2933,Al-Qadisiyah FC,False,2934,Al-Ettifaq,True,1.0,2.0,1.0,1.0,1.0,2.0
151784,"Viktor Kassai, Hungary",UTC,2018-12-06 13:25:00+00:00,1544102700,1544102700.0,1544106300.0,1376.0,Prince Saud bin Jalawi Stadium,Khobar,Match Finished,FT,90.0,,307,Pro League,Saudi-Arabia,2018,Regular Season - 12,True,2933,Al-Qadisiyah FC,True,2934,Al-Ettifaq,False,2.0,0.0,1.0,0.0,2.0,0.0
635939,Faisal Alblwi,UTC,2020-12-27 15:40:00+00:00,1609083600,1609083600.0,1609087200.0,1376.0,Prince Saud bin Jalawi Stadium,Khobar,Match Finished,FT,90.0,,307,Pro League,Saudi-Arabia,2020,Regular Season - 10,True,2933,Al-Qadisiyah FC,False,2934,Al-Ettifaq,True,1.0,2.0,1.0,1.0,1.0,2.0
1252651,M. Escobar,UTC,2025-04-05 14:05:00+00:00,1743861900,1743861900.0,1743865500.0,1376.0,Prince Mohamed bin Fahd Stadium,Dammam,Match Finished,FT,90.0,7.0,307,Pro League,Saudi-Arabia,2024,Regular Season - 26,True,2933,Al-Qadisiyah FC,,2934,Al-Ettifaq,,1.0,1.0,1.0,0.0,1.0,1.0
1435999,C. A. Ramos,UTC,2026-02-23 19:00:00+00:00,1771873200,1771873200.0,1771876800.0,1370.0,Prince Saud bin Jalawi Stadium,Dammam,Match Finished,FT,90.0,4.0,307,Pro League,Saudi-Arabia,2025,Regular Season - 10,True,2933,Al-Qadisiyah FC,True,2934,Al-Ettifaq,False,4.0,0.0,2.0,0.0,4.0,0.0
1603030,,UTC,2026-09-11 15:25:00+00:00,1789140300,,,,Prince Saud bin Jalawi Stadium,Dammam,Match Finished,FT,90.0,,307,Pro League,Saudi-Arabia,2026,Regular Season - 7,True,2933,Al-Qadisiyah FC,,2934,Al-Ettifaq,,3.0,3.0,2.0,1.0,3.0,3.0
110230,,UTC,2016-12-09 13:30:00+00:00,1481290200,1481290200.0,1481293800.0,1370.0,Prince Mohamed Bin Fahd Stadium,Dammam,Match Finished,FT,90.0,,307,Pro League,Saudi-Arabia,2016,Regular Season - 12,True,2934,Al-Ettifaq,,2933,Al-Qadisiyah FC,,2.0,2.0,2.0,0.0,2.0,2.0
110481,,UTC,2017-09-14 17:25:00+00:00,1505409900,1505409900.0,1505413500.0,1370.0,Prince Mohamed Bin Fahd Stadium,Dammam,Match Finished,FT,90.0,,307,Pro League,Saudi-Arabia,2017,Regular Season - 3,True,2934,Al-Ettifaq,False,2933,Al-Qadisiyah FC,True,1.0,2.0,0.0,1.0,1.0,2.0
151890,"Damir Skomina, Slovenia",UTC,2019-03-28 16:30:00+00:00,1553790600,1553790600.0,1553794200.0,1376.0,Prince Saud bin Jalawi Stadium,Khobar,Match Finished,FT,90.0,,307,Pro League,Saudi-Arabia,2018,Regular Season - 25,True,2934,Al-Ettifaq,True,2933,Al-Qadisiyah FC,False,3.0,2.0,1.0,1.0,3.0,2.0
657842,Turki Al Khudair,UTC,2021-04-10 17:15:00+00:00,1618074900,1618074900.0,1618078500.0,1370.0,Prince Mohamed bin Fahd Stadium,Dammam,Match Finished,FT,90.0,,307,Pro League,Saudi-Arabia,2020,Regular Season - 25,True,2934,Al-Ettifaq,False,2933,Al-Qadisiyah FC,True,1.0,3.0,1.0,1.0,1.0,3.0
1252498,A. Sidiropoulos,UTC,2024-11-02 18:00:00+00:00,1730570400,1730570400.0,1730574000.0,1370.0,Al Ettifaq Club Stadium,Dammam,Match Finished,FT,90.0,9.0,307,Pro League,Saudi-Arabia,2024,Regular Season - 9,True,2934,Al-Ettifaq,False,2933,Al-Qadisiyah FC,True,0.0,2.0,0.0,2.0,0.0,2.0
1436150,A. Sidiropoulos,UTC,2026-04-05 18:00:00+00:00,1775412000,1775412000.0,1775415600.0,22434.0,Abdullah Al Dabil Stadium,Dammam,Match Finished,FT,90.0,11.0,307,Pro League,Saudi-Arabia,2025,Regular Season - 27,True,2934,Al-Ettifaq,True,2933,Al-Qadisiyah FC,False,3.0,2.0,1.0,1.0,3.0,2.0
1603180,,UTC,2027-04-02 18:00:00+00:00,1806688800,,,,Abdullah Al Dabil Stadium,,Not Started,NS,,,307,Pro League,Saudi-Arabia,2026,Regular Season - 24,True,2934,Al-Ettifaq,,2933,Al-Qadisiyah FC,,,,,,,
110267,,UTC,2016-10-28 14:40:00+00:00,1477665600,1477665600.0,1477669200.0,,Prince Mohamed bin Fahd Stadium (Ad Dammām (Dammam)),,Match Finished,FT,90.0,,307,Pro League,Saudi-Arabia,2016,Regular Season - 7,True,2933,Al-Qadisiyah FC,False,2936,Al Taawon,True,0.0,1.0,0.0,1.0,0.0,1.0
110438,A. Hunter,UTC,2017-11-01 13:35:00+00:00,1509543300,1509543300.0,1509546900.0,,Prince Mohamed bin Fahd Stadium (Ad Dammām (Dammam)),,Match Finished,FT,90.0,,307,Pro League,Saudi-Arabia,2017,Regular Season - 9,True,2933,Al-Qadisiyah FC,True,2936,Al Taawon,False,1.0,0.0,0.0,0.0,1.0,0.0
151804,"Anastasios Sidiropoulos, Greece",UTC,2018-12-21 13:30:00+00:00,1545399000,1545399000.0,1545402600.0,1376.0,Prince Saud bin Jalawi Stadium,Khobar,Match Finished,FT,90.0,,307,Pro League,Saudi-Arabia,2018,Regular Season - 14,True,2933,Al-Qadisiyah FC,True,2936,Al Taawon,False,3.0,1.0,0.0,0.0,3.0,1.0
635884,Raed Al Zahrani,UTC,2020-10-29 15:50:00+00:00,1603986600,1603986600.0,1603990200.0,1376.0,Prince Saud bin Jalawi Stadium,Khobar,Match Finished,FT,90.0,,307,Pro League,Saudi-Arabia,2020,Regular Season - 3,True,2933,Al-Qadisiyah FC,True,2936,Al Taawon,False,1.0,0.0,0.0,0.0,1.0,0.0
1252538,D. Siebert,UTC,2025-01-11 14:40:00+00:00,1736606400,1736606400.0,1736610000.0,1376.0,Prince Mohamed bin Fahd Stadium,Dammam,Match Finished,FT,90.0,8.0,307,Pro League,Saudi-Arabia,2024,Regular Season - 14,True,2933,Al-Qadisiyah FC,False,2936,Al Taawon,True,0.0,3.0,0.0,2.0,0.0,3.0
1436125,A. Sidiropoulos,UTC,2026-02-28 19:00:00+00:00,1772305200,1772305200.0,1772308800.0,1370.0,Prince Saud bin Jalawi Stadium,Dammam,Match Finished,FT,90.0,6.0,307,Pro League,Saudi-Arabia,2025,Regular Season - 24,True,2933,Al-Qadisiyah FC,,2936,Al Taawon,,1.0,1.0,1.0,1.0,1.0,1.0
1603212,,UTC,2027-04-18 18:00:00+00:00,1808071200,,,,Prince Saud bin Jalawi Stadium,Dammam,Not Started,NS,,,307,Pro League,Saudi-Arabia,2026,Regular Season - 27,True,2933,Al-Qadisiyah FC,,2936,Al Taawon,,,,,,,
110172,,UTC,2017-03-04 14:45:00+00:00,1488638700,1488638700.0,1488642300.0,10517.0,King Abdullah Sport City Stadium,Buraidah,Match Finished,FT,90.0,,307,Pro League,Saudi-Arabia,2016,Regular Season - 20,True,2936,Al Taawon,False,2933,Al-Qadisiyah FC,True,1.0,3.0,0.0,0.0,1.0,3.0
110356,,UTC,2018-02-15 14:40:00+00:00,1518705600,1518705600.0,1518709200.0,,Prince Abdullah bin Abdul Aziz Stadium (King Abdullah Sport City Stadium) (Buraydah (Buraidah)),,Match Finished,FT,90.0,,307,Pro League,Saudi-Arabia,2017,Regular Season - 22,True,2936,Al Taawon,,2933,Al-Qadisiyah FC,,1.0,1.0,0.0,1.0,1.0,1.0
151906,"Miroslav Zelinka, Czech Republic",UTC,2019-04-12 16:05:00+00:00,1555085100,1555085100.0,1555088700.0,10517.0,King Abdullah Sport City Stadium,Buraidah,Match Finished,FT,90.0,,307,Pro League,Saudi-Arabia,2018,Regular Season - 27,True,2936,Al Taawon,True,2933,Al-Qadisiyah FC,False,2.0,0.0,1.0,0.0,2.0,0.0
657783,Khaled Salwi,UTC,2021-02-13 11:50:00+00:00,1613217000,1613217000.0,1613220600.0,10517.0,King Abdullah bin Abdulaziz City,Buraidah,Match Finished,FT,90.0,,307,Pro League,Saudi-Arabia,2020,Regular Season - 18,True,2936,Al Taawon,False,2933,Al-Qadisiyah FC,True,0.0,2.0,0.0,1.0,0.0,2.0
686930,Mohammed Al Hoaish,UTC,2021-03-15 17:45:00+00:00,1615830300,1615830300.0,1615833900.0,10517.0,King Abdullah bin Abdulaziz City,Buraidah,Match Finished,FT,90.0,,504,King's Cup,Saudi-Arabia,2021,Quarter-finals,False,2936,Al Taawon,True,2933,Al-Qadisiyah FC,False,2.0,1.0,1.0,1.0,2.0,1.0
1095995,Abdulsamad Bakri,UTC,2023-09-24 15:00:00+00:00,1695567600,1695567600.0,1695571200.0,19934.0,Al Taawon Club Stadium,Buraidah,Match Finished,FT,90.0,,504,King's Cup,Saudi-Arabia,2024,Round of 32,False,2936,Al Taawon,True,2933,Al-Qadisiyah FC,False,2.0,0.0,1.0,0.0,2.0,0.0
1252694,D. Rumšas,UTC,2025-05-11 16:15:00+00:00,1746980100,1746980100.0,1746983700.0,1377.0,Al Taawoun Club Stadium,Buraidah,Match Finished,FT,90.0,7.0,307,Pro League,Saudi-Arabia,2024,Regular Season - 31,True,2936,Al Taawon,False,2933,Al-Qadisiyah FC,True,0.0,1.0,0.0,0.0,0.0,1.0
1314330,R. Petrescu,UTC,2025-01-07 15:00:00+00:00,1736262000,1736262000.0,1736265600.0,,Al Raid Club Stadium,Buraidah,Match Finished,FT,90.0,7.0,504,King's Cup,Saudi-Arabia,2025,Quarter-finals,False,2936,Al Taawon,False,2933,Al-Qadisiyah FC,True,0.0,3.0,0.0,2.0,0.0,3.0
1435974,"Nikola Dabanovic, Montenegro",UTC,2025-11-01 13:30:00+00:00,1762003800,1762003800.0,1762007400.0,1377.0,Al Taawon Arena,Buraidah,Match Finished,FT,90.0,6.0,307,Pro League,Saudi-Arabia,2025,Regular Season - 7,True,2936,Al Taawon,True,2933,Al-Qadisiyah FC,False,2.0,0.0,0.0,0.0,2.0,0.0
1603061,,UTC,2026-10-20 15:10:00+00:00,1792509000,,,,Al Taawon Arena,Buraidah,Not Started,NS,,,307,Pro League,Saudi-Arabia,2026,Regular Season - 10,True,2936,Al Taawon,,2933,Al-Qadisiyah FC,,,,,,,
110240,,UTC,2016-11-26 15:50:00+00:00,1480175400,1480175400.0,1480179000.0,,Prince Mohamed bin Fahd Stadium (Ad Dammām (Dammam)),,Match Finished,FT,90.0,,307,Pro League,Saudi-Arabia,2016,Regular Season - 10,True,2933,Al-Qadisiyah FC,False,2938,Al-Ittihad FC,True,0.0,3.0,0.0,2.0,0.0,3.0
110359,,UTC,2018-02-09 16:20:00+00:00,1518193200,1518193200.0,1518196800.0,,Prince Saud bin Jalawi Stadium (al-Khobar (Khobar)),,Match Finished,FT,90.0,,307,Pro League,Saudi-Arabia,2017,Regular Season - 21,True,2933,Al-Qadisiyah FC,,2938,Al-Ittihad FC,,0.0,0.0,0.0,0.0,0.0,0.0
151818,"Mark Clattenburg, England",UTC,2019-01-10 15:50:00+00:00,1547135400,1547135400.0,1547139000.0,1376.0,Prince Saud bin Jalawi Stadium,Khobar,Match Finished,FT,90.0,,307,Pro League,Saudi-Arabia,2018,Regular Season - 16,True,2933,Al-Qadisiyah FC,False,2938,Al-Ittihad FC,True,0.0,1.0,0.0,0.0,0.0,1.0
657808,Mohammed Alharbi,UTC,2021-02-28 14:15:00+00:00,1614521700,1614521700.0,1614525300.0,1370.0,Prince Mohamed bin Fahd Stadium,Dammam,Match Finished,FT,90.0,,307,Pro League,Saudi-Arabia,2020,Regular Season - 21,True,2933,Al-Qadisiyah FC,False,2938,Al-Ittihad FC,True,1.0,4.0,1.0,1.0,1.0,4.0
1252627,E. Ostojich,UTC,2025-03-06 19:00:00+00:00,1741287600,1741287600.0,1741291200.0,1376.0,Prince Mohamed bin Fahd Stadium,Dammam,Match Finished,FT,90.0,8.0,307,Pro League,Saudi-Arabia,2024,Regular Season - 24,True,2933,Al-Qadisiyah FC,,2938,Al-Ittihad FC,,1.0,1.0,0.0,0.0,1.0,1.0
1436057,F. Tello,UTC,2026-01-22 17:30:00+00:00,1769103000,1769103000.0,1769106600.0,1370.0,Prince Saud bin Jalawi Stadium,Dammam,Match Finished,FT,90.0,7.0,307,Pro League,Saudi-Arabia,2025,Regular Season - 17,True,2933,Al-Qadisiyah FC,True,2938,Al-Ittihad FC,False,2.0,1.0,1.0,1.0,2.0,1.0
1602985,"Wilton Pereira Sampaio, Brazil",UTC,2026-08-21 18:00:00+00:00,1787335200,1787335200.0,1787338800.0,,EGO Stadium,Dammam,Match Finished,FT,90.0,6.0,307,Pro League,Saudi-Arabia,2026,Regular Season - 2,True,2933,Al-Qadisiyah FC,False,2938,Al-Ittihad FC,True,0.0,1.0,0.0,1.0,0.0,1.0
110152,,UTC,2017-04-14 17:45:00+00:00,1492191900,1492191900.0,1492195500.0,1364.0,King Abdullah Sports City,Jeddah,Match Finished,FT,90.0,,307,Pro League,Saudi-Arabia,2016,Regular Season - 23,True,2938,Al-Ittihad FC,True,2933,Al-Qadisiyah FC,False,4.0,2.0,2.0,1.0,4.0,2.0
110446,S. Moen,UTC,2017-10-25 16:50:00+00:00,1508950200,1508950200.0,1508953800.0,1364.0,King Abdullah Sports City,Jeddah,Match Finished,FT,90.0,,307,Pro League,Saudi-Arabia,2017,Regular Season - 8,True,2938,Al-Ittihad FC,,2933,Al-Qadisiyah FC,,0.0,0.0,0.0,0.0,0.0,0.0
151710,M. Mažić,UTC,2018-09-15 17:45:00+00:00,1537033500,1537033500.0,1537037100.0,1364.0,King Abdullah Sports City,Jeddah,Match Finished,FT,90.0,,307,Pro League,Saudi-Arabia,2018,Regular Season - 2,True,2938,Al-Ittihad FC,False,2933,Al-Qadisiyah FC,True,0.0,3.0,0.0,1.0,0.0,3.0
635911,Khaled Al Teris,UTC,2020-11-27 15:40:00+00:00,1606491600,1606491600.0,1606495200.0,1364.0,King Abdullah Sports City,Jeddah,Match Finished,FT,90.0,,307,Pro League,Saudi-Arabia,2020,Regular Season - 6,True,2938,Al-Ittihad FC,True,2933,Al-Qadisiyah FC,False,1.0,0.0,1.0,0.0,1.0,0.0
1252477,S. Karasev,UTC,2024-10-19 18:00:00+00:00,1729360800,1729360800.0,1729364400.0,1364.0,King Abdullah Sports City,Jeddah,Match Finished,FT,90.0,11.0,307,Pro League,Saudi-Arabia,2024,Regular Season - 7,True,2938,Al-Ittihad FC,True,2933,Al-Qadisiyah FC,False,3.0,1.0,1.0,1.0,3.0,1.0
1371500,M. Mariani,UTC,2025-05-30 18:00:00+00:00,1748628000,1748628000.0,1748631600.0,,Al Inma Bank Stadium at King Abdullah Sport City,Jeddah,Match Finished,FT,90.0,10.0,504,King's Cup,Saudi-Arabia,2025,Final,False,2938,Al-Ittihad FC,True,2933,Al-Qadisiyah FC,False,3.0,1.0,2.0,1.0,3.0,1.0
1436210,S. Ivanov,UTC,2026-05-21 18:00:00+00:00,1779386400,1779386400.0,1779390000.0,1364.0,King Abdullah Sports City,Jeddah,Match Finished,FT,90.0,3.0,307,Pro League,Saudi-Arabia,2025,Regular Season - 34,True,2938,Al-Ittihad FC,False,2933,Al-Qadisiyah FC,True,1.0,5.0,1.0,3.0,1.0,5.0
1603138,,UTC,2027-02-11 19:00:00+00:00,1802372400,,,1364.0,King Abdullah Sports City,Jeddah,Not Started,NS,,,307,Pro League,Saudi-Arabia,2026,Regular Season - 19,True,2938,Al-Ittihad FC,,2933,Al-Qadisiyah FC,,,,,,,
110203,,UTC,2017-01-26 16:15:00+00:00,1485447300,1485447300.0,1485450900.0,,Prince Saud bin Jalawi Stadium (al-Khobar (Khobar)),,Match Finished,FT,90.0,,307,Pro League,Saudi-Arabia,2016,Regular Season - 16,True,2933,Al-Qadisiyah FC,True,2939,Al-Nassr,False,3.0,2.0,2.0,1.0,3.0,2.0
110411,A. Papapetrou,UTC,2017-12-09 15:40:00+00:00,1512834000,1512834000.0,1512837600.0,,Prince Saud bin Jalawi Stadium (al-Khobar (Khobar)),,Match Finished,FT,90.0,,307,Pro League,Saudi-Arabia,2017,Regular Season - 13,True,2933,Al-Qadisiyah FC,True,2939,Al-Nassr,False,3.0,2.0,2.0,0.0,3.0,2.0
151711,Artur Soares Dias,UTC,2018-09-19 17:20:00+00:00,1537377600,1537377600.0,1537381200.0,1376.0,Prince Saud bin Jalawi Stadium,Khobar,Match Finished,FT,90.0,,307,Pro League,Saudi-Arabia,2018,Regular Season - 3,True,2933,Al-Qadisiyah FC,False,2939,Al-Nassr,True,0.0,3.0,0.0,2.0,0.0,3.0
657793,Faisal Alblwi,UTC,2021-02-18 14:10:00+00:00,1613657400,1613657400.0,1613661000.0,1376.0,Prince Saud bin Jalawi Stadium,Khobar,Match Finished,FT,90.0,,307,Pro League,Saudi-Arabia,2020,Regular Season - 19,True,2933,Al-Qadisiyah FC,True,2939,Al-Nassr,False,1.0,0.0,1.0,0.0,1.0,0.0
1252666,S. Marciniak,UTC,2025-04-18 18:00:00+00:00,1744999200,1744999200.0,1745002800.0,1376.0,Prince Mohamed bin Fahd Stadium,Dammam,Match Finished,FT,90.0,10.0,307,Pro League,Saudi-Arabia,2024,Regular Season - 28,True,2933,Al-Qadisiyah FC,True,2939,Al-Nassr,False,2.0,1.0,1.0,0.0,2.0,1.0
1436187,H. Osmers,UTC,2026-05-03 18:00:00+00:00,1777831200,1777831200.0,1777834800.0,1370.0,Prince Saud bin Jalawi Stadium,Dammam,Match Finished,FT,90.0,5.0,307,Pro League,Saudi-Arabia,2025,Regular Season - 31,True,2933,Al-Qadisiyah FC,True,2939,Al-Nassr,False,3.0,1.0,1.0,1.0,3.0,1.0
1603250,,UTC,2027-05-12 18:00:00+00:00,1810144800,,,,Prince Saud bin Jalawi Stadium,Dammam,Not Started,NS,,,307,Pro League,Saudi-Arabia,2026,Regular Season - 31,True,2933,Al-Qadisiyah FC,,2939,Al-Nassr,,,,,,,
110291,,UTC,2016-09-17 17:45:00+00:00,1474134300,1474134300.0,1474137900.0,,King Fahd Stadium,Riyadh,Match Finished,FT,90.0,,307,Pro League,Saudi-Arabia,2016,Regular Season - 3,True,2939,Al-Nassr,True,2933,Al-Qadisiyah FC,False,1.0,0.0,0.0,0.0,1.0,0.0
110319,,UTC,2018-04-12 15:55:00+00:00,1523548500,1523548500.0,1523552100.0,,Prince Faisal bin Fahd Stadium (Ar-Riyāḍ (Riyadh)),,Match Finished,FT,90.0,,307,Pro League,Saudi-Arabia,2017,Regular Season - 26,True,2939,Al-Nassr,True,2933,Al-Qadisiyah FC,False,2.0,1.0,0.0,1.0,2.0,1.0
151839,"Pavel Kralovec, Czech Republic",UTC,2019-02-06 16:15:00+00:00,1549469700,1549469700.0,1549473300.0,1374.0,Prince Faisal bin Fahd Stadium,Riyadh,Match Finished,FT,90.0,,307,Pro League,Saudi-Arabia,2018,Regular Season - 19,True,2939,Al-Nassr,True,2933,Al-Qadisiyah FC,False,3.0,1.0,1.0,0.0,3.0,1.0
635898,Turki Al Khudair,UTC,2020-11-07 15:45:00+00:00,1604763900,1604763900.0,1604767500.0,1374.0,Prince Faisal bin Fahd Stadium,Riyadh,Match Finished,FT,90.0,,307,Pro League,Saudi-Arabia,2020,Regular Season - 4,True,2939,Al-Nassr,True,2933,Al-Qadisiyah FC,False,2.0,0.0,0.0,0.0,2.0,0.0
1252509,S. Ivanov,UTC,2024-11-22 17:00:00+00:00,1732294800,1732294800.0,1732298400.0,19933.0,Al Awal Park at King Saud University,Riyadh,Match Finished,FT,90.0,12.0,307,Pro League,Saudi-Arabia,2024,Regular Season - 11,True,2939,Al-Nassr,False,2933,Al-Qadisiyah FC,True,1.0,2.0,1.0,1.0,1.0,2.0
1436032,"Istvan Kovacs, Romania",UTC,2026-01-08 17:30:00+00:00,1767893400,1767893400.0,1767897000.0,,King Saud University Stadium,Riyadh,Match Finished,FT,90.0,12.0,307,Pro League,Saudi-Arabia,2025,Regular Season - 14,True,2939,Al-Nassr,False,2933,Al-Qadisiyah FC,True,1.0,2.0,0.0,0.0,1.0,2.0
1603093,,UTC,2026-11-20 17:00:00+00:00,1795194000,,,,King Saud University Stadium,Riyadh,Not Started,NS,,,307,Pro League,Saudi-Arabia,2026,Regular Season - 14,True,2939,Al-Nassr,,2933,Al-Qadisiyah FC,,,,,,,
110218,,UTC,2016-12-21 13:30:00+00:00,1482327000,1482327000.0,1482330600.0,,Prince Saud bin Jalawi Stadium (al-Khobar (Khobar)),,Match Finished,FT,90.0,,307,Pro League,Saudi-Arabia,2016,Regular Season - 14,True,2933,Al-Qadisiyah FC,,2940,Al Shabab,,1.0,1.0,1.0,1.0,1.0,1.0
110398,Khaled Al Teris,UTC,2017-12-21 15:45:00+00:00,1513871100,1513871100.0,1513874700.0,,Prince Saud bin Jalawi Stadium (al-Khobar (Khobar)),,Match Finished,FT,90.0,,307,Pro League,Saudi-Arabia,2017,Regular Season - 15,True,2933,Al-Qadisiyah FC,False,2940,Al Shabab,True,1.0,2.0,0.0,0.0,1.0,2.0
151859,"Matt Conger, New Zealand",UTC,2019-02-22 14:15:00+00:00,1550844900,1550844900.0,1550848500.0,1376.0,Prince Saud bin Jalawi Stadium,Khobar,Match Finished,FT,90.0,,307,Pro League,Saudi-Arabia,2018,Regular Season - 21,True,2933,Al-Qadisiyah FC,False,2940,Al Shabab,True,0.0,1.0,0.0,0.0,0.0,1.0
635916,Majed Al Shamrani,UTC,2020-12-06 13:25:00+00:00,1607261100,1607261100.0,1607264700.0,1376.0,Prince Saud bin Jalawi Stadium,Khobar,Match Finished,FT,90.0,,307,Pro League,Saudi-Arabia,2020,Regular Season - 7,True,2933,Al-Qadisiyah FC,True,2940,Al Shabab,False,2.0,1.0,1.0,1.0,2.0,1.0
649527,Sultan Al-Harbi,UTC,2020-12-16 14:25:00+00:00,1608128700,1608128700.0,1608132300.0,1376.0,Prince Saud bin Jalawi Stadium,Khobar,Match Finished,FT,90.0,,504,King's Cup,Saudi-Arabia,2021,Round of 16,False,2933,Al-Qadisiyah FC,True,2940,Al Shabab,False,1.0,0.0,0.0,0.0,1.0,0.0
1252442,Faisal Alblwi,UTC,2024-09-15 15:20:00+00:00,1726413600,1726413600.0,1726417200.0,1370.0,Prince Mohamed bin Fahd Stadium,Dammam,Match Finished,FT,90.0,,307,Pro League,Saudi-Arabia,2024,Regular Season - 3,True,2933,Al-Qadisiyah FC,False,2940,Al Shabab,True,0.0,1.0,0.0,1.0,0.0,1.0
1436168,D. Rumsas,UTC,2026-04-14 18:00:00+00:00,1776189600,1776189600.0,1776193200.0,1370.0,Prince Saud bin Jalawi Stadium,Dammam,Match Finished,FT,90.0,12.0,307,Pro League,Saudi-Arabia,2025,Regular Season - 29,True,2933,Al-Qadisiyah FC,,2940,Al Shabab,,2.0,2.0,1.0,1.0,2.0,2.0
1603132,,UTC,2026-12-14 17:00:00+00:00,1797267600,,,,Prince Saud bin Jalawi Stadium,Dammam,Not Started,NS,,,307,Pro League,Saudi-Arabia,2026,Regular Season - 18,True,2933,Al-Qadisiyah FC,,2940,Al Shabab,,,,,,,
110309,,UTC,2016-08-11 16:10:00+00:00,1470931800,1470931800.0,1470935400.0,1374.0,Prince Faisal bin Fahd Stadium,Riyadh,Match Finished,FT,90.0,,307,Pro League,Saudi-Arabia,2016,Regular Season - 1,True,2940,Al Shabab,,2933,Al-Qadisiyah FC,,0.0,0.0,0.0,0.0,0.0,0.0
110483,,UTC,2017-08-19 16:05:00+00:00,1503158700,1503158700.0,1503162300.0,1374.0,Prince Faisal bin Fahd Stadium,Riyadh,Match Finished,FT,90.0,,307,Pro League,Saudi-Arabia,2017,Regular Season - 2,True,2940,Al Shabab,True,2933,Al-Qadisiyah FC,False,4.0,1.0,2.0,1.0,4.0,1.0
151747,"Simon Lee Evans, Wales",UTC,2018-10-26 15:05:00+00:00,1540566300,1540566300.0,1540569900.0,1374.0,Prince Faisal bin Fahd Stadium,Riyadh,Match Finished,FT,90.0,,307,Pro League,Saudi-Arabia,2018,Regular Season - 7,True,2940,Al Shabab,True,2933,Al-Qadisiyah FC,False,2.0,1.0,1.0,1.0,2.0,1.0
657815,Mohammed Al Qarni,UTC,2021-03-05 14:35:00+00:00,1614954900,1614954900.0,1614958500.0,,Al-Shabab Club Stadium,Riyadh,Match Finished,FT,90.0,,307,Pro League,Saudi-Arabia,2020,Regular Season - 22,True,2940,Al Shabab,,2933,Al-Qadisiyah FC,,1.0,1.0,0.0,1.0,1.0,1.0
1252592,A. Herrera,UTC,2025-02-13 15:25:00+00:00,1739460300,1739460300.0,1739463900.0,,Al-Shabab Club Stadium,Riyadh,Match Finished,FT,90.0,9.0,307,Pro League,Saudi-Arabia,2024,Regular Season - 20,True,2940,Al Shabab,False,2933,Al-Qadisiyah FC,True,2.0,3.0,1.0,0.0,2.0,3.0
1436016,"Sandro Schärer, Switzerland",UTC,2025-12-31 17:30:00+00:00,1767202200,1767202200.0,1767205800.0,1374.0,Al-Shabab Club Stadium,Riyadh,Match Finished,FT,90.0,7.0,307,Pro League,Saudi-Arabia,2025,Regular Season - 12,True,2940,Al Shabab,False,2933,Al-Qadisiyah FC,True,2.0,3.0,0.0,3.0,2.0,3.0
1602974,"Khaled Al Teris, Saudi Arabia",UTC,2026-08-13 18:00:00+00:00,1786644000,1786644000.0,1786647600.0,1374.0,Al-Shabab Club Stadium,Riyadh,Match Finished,FT,90.0,7.0,307,Pro League,Saudi-Arabia,2026,Regular Season - 1,True,2940,Al Shabab,False,2933,Al-Qadisiyah FC,True,1.0,3.0,1.0,1.0,1.0,3.0
110454,Fahad Al Mirdasi,UTC,2017-10-19 14:50:00+00:00,1508424600,1508424600.0,1508428200.0,,Prince Mohamed bin Fahd Stadium (Ad Dammām (Dammam)),,Match Finished,FT,90.0,,307,Pro League,Saudi-Arabia,2017,Regular Season - 7,True,2933,Al-Qadisiyah FC,,2944,Al-Fayha,,1.0,1.0,1.0,0.0,1.0,1.0
151831,Bavil Rasoviski,UTC,2019-02-02 11:20:00+00:00,1549106400,1549106400.0,1549110000.0,1376.0,Prince Saud bin Jalawi Stadium,Khobar,Match Finished,FT,90.0,,307,Pro League,Saudi-Arabia,2018,Regular Season - 18,True,2933,Al-Qadisiyah FC,True,2944,Al-Fayha,False,2.0,0.0,0.0,0.0,2.0,0.0
1252500,Cláudio Pereira,UTC,2024-11-07 14:30:00+00:00,1730989800,1730989800.0,1730993400.0,1370.0,Prince Mohamed bin Fahd Stadium,Dammam,Match Finished,FT,90.0,7.0,307,Pro League,Saudi-Arabia,2024,Regular Season - 10,True,2933,Al-Qadisiyah FC,True,2944,Al-Fayha,False,2.0,0.0,2.0,0.0,2.0,0.0
1436046,"Sebastian Gishamer, Austria",UTC,2026-01-14 14:45:00+00:00,1768401900,1768401900.0,1768405500.0,1370.0,Prince Saud bin Jalawi Stadium,Dammam,Match Finished,FT,90.0,4.0,307,Pro League,Saudi-Arabia,2025,Regular Season - 15,True,2933,Al-Qadisiyah FC,True,2944,Al-Fayha,False,5.0,0.0,0.0,0.0,5.0,0.0
1603088,,UTC,2026-11-05 17:00:00+00:00,1793898000,,,,Prince Saud bin Jalawi Stadium,Dammam,Not Started,NS,,,307,Pro League,Saudi-Arabia,2026,Regular Season - 13,True,2933,Al-Qadisiyah FC,,2944,Al-Fayha,,,,,,,
110367,,UTC,2018-02-04 11:40:00+00:00,1517744400,1517744400.0,1517748000.0,,King Salman bin Abdulaziz Sport City Stadium (Al Majma'ah),,Match Finished,FT,90.0,,307,Pro League,Saudi-Arabia,2017,Regular Season - 20,True,2944,Al-Fayha,True,2933,Al-Qadisiyah FC,False,2.0,0.0,2.0,0.0,2.0,0.0
151724,S. Marciniak,UTC,2018-09-28 15:30:00+00:00,1538148600,1538148600.0,1538152200.0,,Prince Salman Bin Abdulaziz Sport City Stadium,Al Majma'ah,Match Finished,FT,90.0,,307,Pro League,Saudi-Arabia,2018,Regular Season - 4,True,2944,Al-Fayha,True,2933,Al-Qadisiyah FC,False,4.0,2.0,1.0,1.0,4.0,2.0
1252658,J. Valenzuela,UTC,2025-04-12 16:00:00+00:00,1744473600,1744473600.0,1744477200.0,1367.0,King Abdullah Sport City Stadium,Buraidah,Match Finished,FT,90.0,8.0,307,Pro League,Saudi-Arabia,2024,Regular Season - 27,True,2944,Al-Fayha,True,2933,Al-Qadisiyah FC,False,2.0,1.0,1.0,0.0,2.0,1.0
1436198,G. Kabakov,UTC,2026-05-09 18:00:00+00:00,1778349600,1778349600.0,1778353200.0,1367.0,King Abdullah Sports City Stadium,Buraidah,Match Finished,FT,90.0,8.0,307,Pro League,Saudi-Arabia,2025,Regular Season - 32,True,2944,Al-Fayha,False,2933,Al-Qadisiyah FC,True,1.0,2.0,0.0,1.0,1.0,2.0
1603234,,UTC,2027-05-06 18:00:00+00:00,1809626400,,,,King Abdullah Sports City Stadium,Buraidah,Not Started,NS,,,307,Pro League,Saudi-Arabia,2026,Regular Season - 30,True,2944,Al-Fayha,,2933,Al-Qadisiyah FC,,,,,,,
151932,"Antonio Mateu, Spain",UTC,2019-05-16 19:30:00+00:00,1558035000,1558035000.0,1558038600.0,1376.0,Prince Saud bin Jalawi Stadium,Khobar,Match Finished,FT,90.0,,307,Pro League,Saudi-Arabia,2018,Regular Season - 30,True,2933,Al-Qadisiyah FC,,2945,Al-Hazm,,2.0,2.0,0.0,2.0,2.0,2.0
984691,,UTC,2023-03-06 15:25:00+00:00,1678116300,1678116300.0,1678119900.0,1376.0,Prince Saud bin Jalawi Stadium,Khobar,Match Finished,FT,90.0,,308,Division 1,Saudi-Arabia,2022,Regular Season - 24,True,2933,Al-Qadisiyah FC,,2945,Al-Hazm,,1.0,1.0,1.0,0.0,1.0,1.0
1436207,K. Levnikov,UTC,2026-05-14 18:00:00+00:00,1778781600,1778781600.0,1778785200.0,1370.0,Prince Saud bin Jalawi Stadium,Dammam,Match Finished,FT,90.0,7.0,307,Pro League,Saudi-Arabia,2025,Regular Season - 33,True,2933,Al-Qadisiyah FC,True,2945,Al-Hazm,False,2.0,0.0,1.0,0.0,2.0,0.0
1477350,,UTC,2025-10-28 14:35:00+00:00,1761662100,1761662100.0,1761665700.0,,Prince Saud bin Jalawi Stadium,Dammam,Match Finished,FT,90.0,7.0,504,King's Cup,Saudi-Arabia,2026,Round of 16,False,2933,Al-Qadisiyah FC,True,2945,Al-Hazm,False,3.0,1.0,1.0,1.0,3.0,1.0
1603267,,UTC,2027-05-24 18:00:00+00:00,1811181600,,,,Prince Saud bin Jalawi Stadium,Dammam,Not Started,NS,,,307,Pro League,Saudi-Arabia,2026,Regular Season - 33,True,2933,Al-Qadisiyah FC,,2945,Al-Hazm,,,,,,,
151735,"Artur Soares Dias, Portugal",UTC,2018-10-18 15:15:00+00:00,1539875700,1539875700.0,1539879300.0,,Al Hazm Club Stadium,Ar Rass,Match Finished,FT,90.0,,307,Pro League,Saudi-Arabia,2018,Regular Season - 6,True,2945,Al-Hazm,True,2933,Al-Qadisiyah FC,False,2.0,1.0,1.0,0.0,2.0,1.0
932081,,UTC,2022-10-10 15:15:00+00:00,1665414900,1665414900.0,1665418500.0,,Ar-Rass Stadium,Rass,Match Finished,FT,90.0,,308,Division 1,Saudi-Arabia,2022,Regular Season - 7,True,2945,Al-Hazm,True,2933,Al-Qadisiyah FC,False,1.0,0.0,1.0,0.0,1.0,0.0
1436054,"Kirill Levnikov, Russia",UTC,2026-01-18 15:15:00+00:00,1768749300,1768749300.0,1768752900.0,,Al-Hazem Club Stadium,Ar Rass,Match Finished,FT,90.0,6.0,307,Pro League,Saudi-Arabia,2025,Regular Season - 16,True,2945,Al-Hazm,False,2933,Al-Qadisiyah FC,True,1.0,5.0,0.0,0.0,1.0,5.0
1603110,,UTC,2026-12-03 17:00:00+00:00,1796317200,,,,Al-Hazem Club Stadium,Ar Rass,Not Started,NS,,,307,Pro League,Saudi-Arabia,2026,Regular Season - 16,True,2945,Al-Hazm,,2933,Al-Qadisiyah FC,,,,,,,
657875,,UTC,2021-05-30 18:00:00+00:00,1622397600,1622397600.0,1622401200.0,1376.0,Prince Saud bin Jalawi Stadium,Khobar,Match Finished,FT,90.0,,307,Pro League,Saudi-Arabia,2020,Regular Season - 30,True,2933,Al-Qadisiyah FC,,2951,Abha,,1.0,1.0,1.0,0.0,1.0,1.0
1603050,,UTC,2026-10-16 13:15:00+00:00,1792156500,,,,Prince Saud bin Jalawi Stadium,Dammam,Not Started,NS,,,307,Pro League,Saudi-Arabia,2026,Regular Season - 9,True,2933,Al-Qadisiyah FC,,2951,Abha,,,,,,,
635980,Abdullah Al-Harbi,UTC,2021-01-24 11:55:00+00:00,1611489300,1611489300.0,1611492900.0,10516.0,Prince Sultan bin Abdulaziz Sports City Stadium,Abha,Match Finished,FT,90.0,,307,Pro League,Saudi-Arabia,2020,Regular Season - 15,True,2951,Abha,,2933,Al-Qadisiyah FC,,2.0,2.0,2.0,0.0,2.0,2.0
1603197,,UTC,2027-04-15 18:00:00+00:00,1807812000,,,,Prince Sultan bin Abdul Aziz Stadium,Abha,Not Started,NS,,,307,Pro League,Saudi-Arabia,2026,Regular Season - 26,True,2951,Abha,,2933,Al-Qadisiyah FC,,,,,,,
1252540,Abdallah Dafar,UTC,2025-01-10 14:40:00+00:00,1736520000,1736520000.0,1736523600.0,,EGO Stadium,Dammam,Match Finished,FT,90.0,,307,Pro League,Saudi-Arabia,2024,Regular Season - 14,True,2934,Al-Ettifaq,False,10509,Al Kholood,True,2.0,3.0,1.0,1.0,2.0,3.0
1435914,F. Al Balawi,UTC,2025-08-28 18:00:00+00:00,1756404000,1756404000.0,1756407600.0,22434.0,Abdullah Al Dabil Stadium,Dammam,Match Finished,FT,90.0,8.0,307,Pro League,Saudi-Arabia,2025,Regular Season - 1,True,2934,Al-Ettifaq,True,10509,Al Kholood,False,2.0,1.0,1.0,1.0,2.0,1.0
1603217,,UTC,2027-04-22 18:00:00+00:00,1808416800,,,,Abdullah Al Dabil Stadium,,Not Started,NS,,,307,Pro League,Saudi-Arabia,2026,Regular Season - 28,True,2934,Al-Ettifaq,,10509,Al Kholood,,,,,,,
1252690,Faisal Alblwi,UTC,2025-05-10 16:20:00+00:00,1746894000,1746894000.0,1746897600.0,,Ar-Rass Stadium,Rass,Match Finished,FT,90.0,10.0,307,Pro League,Saudi-Arabia,2024,Regular Season - 31,True,10509,Al Kholood,True,2934,Al-Ettifaq,False,1.0,0.0,0.0,0.0,1.0,0.0
1436068,M. Al Hoaish,UTC,2026-01-24 15:20:00+00:00,1769268000,1769268000.0,1769271600.0,,Al-Hazem Club Stadium,Ar Rass,Match Finished,FT,90.0,7.0,307,Pro League,Saudi-Arabia,2025,Regular Season - 18,True,10509,Al Kholood,False,2934,Al-Ettifaq,True,1.0,2.0,1.0,0.0,1.0,2.0
1603067,,UTC,2026-10-24 15:05:00+00:00,1792854300,,,,Al-Hazem Club Stadium,Ar Rass,Not Started,NS,,,307,Pro League,Saudi-Arabia,2026,Regular Season - 11,True,10509,Al Kholood,,2934,Al-Ettifaq,,,,,,,
1074481,Majed Alshamrani,UTC,2024-04-06 19:00:00+00:00,1712430000,1712430000.0,1712433600.0,1370.0,Al Ettifaq Club Stadium,Dammam,Match Finished,FT,90.0,,307,Pro League,Saudi-Arabia,2023,Regular Season - 27,True,2934,Al-Ettifaq,True,10511,Al Riyadh,False,1.0,0.0,1.0,0.0,1.0,0.0
1252662,Khald Alahmari,UTC,2025-04-17 15:40:00+00:00,1744904400,1744904400.0,1744908000.0,,EGO Stadium,Dammam,Match Finished,FT,90.0,12.0,307,Pro League,Saudi-Arabia,2024,Regular Season - 28,True,2934,Al-Ettifaq,True,10511,Al Riyadh,False,1.0,0.0,0.0,0.0,1.0,0.0
1436163,A. Al Harbi,UTC,2026-04-09 18:00:00+00:00,1775757600,1775757600.0,1775761200.0,22434.0,Abdullah Al Dabil Stadium,Dammam,Match Finished,FT,90.0,6.0,307,Pro League,Saudi-Arabia,2025,Regular Season - 28,True,2934,Al-Ettifaq,False,10511,Al Riyadh,True,2.0,3.0,2.0,1.0,2.0,3.0
1602976,A. Al Kharboush,UTC,2026-08-14 18:00:00+00:00,1786730400,1786730400.0,1786734000.0,,Al-Ettifaq Club Stadium,Dammam,Match Finished,FT,90.0,13.0,307,Pro League,Saudi-Arabia,2026,Regular Season - 1,True,2934,Al-Ettifaq,True,10511,Al Riyadh,False,4.0,2.0,1.0,1.0,4.0,2.0
1074320,Ahmad Al Rumaikhani,UTC,2023-10-22 15:00:00+00:00,1697986800,1697986800.0,1697990400.0,7224.0,Prince Faisal bin Fahd Stadium,Riyadh,Match Finished,FT,90.0,,307,Pro League,Saudi-Arabia,2023,Regular Season - 10,True,10511,Al Riyadh,True,2934,Al-Ettifaq,False,1.0,0.0,1.0,0.0,1.0,0.0
1252517,Ahmad Al Rumaikhani,UTC,2024-11-24 14:40:00+00:00,1732459200,1732459200.0,1732462800.0,1374.0,Prince Faisal bin Fahd Stadium,Riyadh,Match Finished,FT,90.0,7.0,307,Pro League,Saudi-Arabia,2024,Regular Season - 11,True,10511,Al Riyadh,,2934,Al-Ettifaq,,0.0,0.0,0.0,0.0,0.0,0.0
1436007,"Mohamed Al Smaail, Saudi Arabia",UTC,2025-12-25 17:30:00+00:00,1766683800,1766683800.0,1766687400.0,1374.0,Prince Faisal bin Fahd Stadium,Riyadh,Match Finished,FT,90.0,7.0,307,Pro League,Saudi-Arabia,2025,Regular Season - 11,True,10511,Al Riyadh,False,2934,Al-Ettifaq,True,0.0,2.0,0.0,0.0,0.0,2.0
1603133,,UTC,2026-12-14 17:00:00+00:00,1797267600,,,1374.0,Prince Faisal bin Fahd Stadium,Riyadh,Not Started,NS,,,307,Pro League,Saudi-Arabia,2026,Regular Season - 18,True,10511,Al Riyadh,,2934,Al-Ettifaq,,,,,,,
1436062,A. Al Rumaikhani,UTC,2026-01-21 17:30:00+00:00,1769016600,1769016600.0,1769020200.0,22434.0,Abdullah Al Dabil Stadium,Dammam,Match Finished,FT,90.0,7.0,307,Pro League,Saudi-Arabia,2025,Regular Season - 17,True,2934,Al-Ettifaq,,10513,NEOM,,0.0,0.0,0.0,0.0,0.0,0.0
1603198,,UTC,2027-04-15 18:00:00+00:00,1807812000,,,,Abdullah Al Dabil Stadium,,Not Started,NS,,,307,Pro League,Saudi-Arabia,2026,Regular Season - 26,True,2934,Al-Ettifaq,,10513,NEOM,,,,,,,
1436211,A. Al Harbi,UTC,2026-05-21 18:00:00+00:00,1779386400,1779386400.0,1779390000.0,,King Khalid Sports City,Tabuk,Match Finished,FT,90.0,5.0,307,Pro League,Saudi-Arabia,2025,Regular Season - 34,True,10513,NEOM,,2934,Al-Ettifaq,,1.0,1.0,0.0,1.0,1.0,1.0
1603052,,UTC,2026-10-17 15:40:00+00:00,1792251600,,,,King Khalid Sports City,Tabuk,Not Started,NS,,,307,Pro League,Saudi-Arabia,2026,Regular Season - 9,True,10513,NEOM,,2934,Al-Ettifaq,,,,,,,
1603003,"Abdullah Al-Owaidan, Saudi Arabia",UTC,2026-08-29 18:00:00+00:00,1788026400,1788026400.0,1788030000.0,,EGO Stadium,Dammam,Match Finished,FT,90.0,,307,Pro League,Saudi-Arabia,2026,Regular Season - 4,True,2934,Al-Ettifaq,False,26738,Al Diriyah,True,0.0,3.0,0.0,1.0,0.0,3.0
1603154,,UTC,2027-02-25 19:00:00+00:00,1803582000,,,,Prince Turki bin Abdul Aziz Stadium,Riyadh,Not Started,NS,,,307,Pro League,Saudi-Arabia,2026,Regular Season - 21,True,26738,Al Diriyah,,2934,Al-Ettifaq,,,,,,,
110255,,UTC,2016-11-05 13:35:00+00:00,1478352900,1478352900.0,1478356500.0,1370.0,Prince Mohamed Bin Fahd Stadium,Dammam,Match Finished,FT,90.0,,307,Pro League,Saudi-Arabia,2016,Regular Season - 8,True,2934,Al-Ettifaq,True,2936,Al Taawon,False,3.0,0.0,0.0,0.0,3.0,0.0
110320,,UTC,2018-04-12 15:40:00+00:00,1523547600,1523547600.0,1523551200.0,,Prince Mohamed bin Fahd Stadium (Ad Dammām (Dammam)),,Match Finished,FT,90.0,,307,Pro League,Saudi-Arabia,2017,Regular Season - 26,True,2934,Al-Ettifaq,True,2936,Al Taawon,False,3.0,2.0,1.0,1.0,3.0,2.0
151772,"Tomasz Kwiatkowski, Poland",UTC,2018-11-24 13:30:00+00:00,1543066200,1543066200.0,1543069800.0,1376.0,Prince Saud bin Jalawi Stadium,Khobar,Match Finished,FT,90.0,,307,Pro League,Saudi-Arabia,2018,Regular Season - 10,True,2934,Al-Ettifaq,False,2936,Al Taawon,True,2.0,4.0,2.0,1.0,2.0,4.0
234879,I. Kružliak,UTC,2019-12-28 13:35:00+00:00,1577540100,1577540100.0,1577543700.0,1370.0,Prince Mohamed bin Fahd Stadium,Dammam,Match Finished,FT,90.0,,307,Pro League,Saudi-Arabia,2019,Regular Season - 13,True,2934,Al-Ettifaq,True,2936,Al Taawon,False,1.0,0.0,0.0,0.0,1.0,0.0
336136,,UTC,2017-03-30 18:15:00+00:00,1490897700,1490897700.0,1490901300.0,,Prince Mohamed bin Fahd Stadium (Ad Dammām (Dammam)),,Match Finished,PEN,120.0,,504,King's Cup,Saudi-Arabia,2017,Quarter-finals,False,2934,Al-Ettifaq,False,2936,Al Taawon,True,4.0,4.0,1.0,2.0,2.0,2.0
657804,Mohammed Al Esmaiel,UTC,2021-02-27 14:15:00+00:00,1614435300,1614435300.0,1614438900.0,1370.0,Prince Mohamed bin Fahd Stadium,Dammam,Match Finished,FT,90.0,,307,Pro League,Saudi-Arabia,2020,Regular Season - 21,True,2934,Al-Ettifaq,False,2936,Al Taawon,True,0.0,3.0,0.0,1.0,0.0,3.0
740050,Majed Al Shamrani,UTC,2021-11-04 15:00:00+00:00,1636038000,1636038000.0,1636041600.0,1376.0,Prince Saud bin Jalawi Stadium,Khobar,Match Finished,FT,90.0,,307,Pro League,Saudi-Arabia,2021,Regular Season - 11,True,2934,Al-Ettifaq,False,2936,Al Taawon,True,1.0,3.0,1.0,1.0,1.0,3.0
931967,Shukri Al Hanfosh,UTC,2022-10-16 17:30:00+00:00,1665941400,1665941400.0,1665945000.0,1370.0,Prince Mohamed bin Fahd Stadium,Dammam,Match Finished,FT,90.0,,307,Pro League,Saudi-Arabia,2022,Regular Season - 8,True,2934,Al-Ettifaq,False,2936,Al Taawon,True,0.0,1.0,0.0,1.0,0.0,1.0
1074383,Shukri Al Hanfosh,UTC,2023-12-16 18:00:00+00:00,1702749600,1702749600.0,1702753200.0,1370.0,Prince Mohamed bin Fahd Stadium,Dammam,Match Finished,FT,90.0,,307,Pro League,Saudi-Arabia,2023,Regular Season - 17,True,2934,Al-Ettifaq,False,2936,Al Taawon,True,0.0,2.0,0.0,1.0,0.0,2.0
1252612,Sultan Alharbi,UTC,2025-02-26 15:15:00+00:00,1740582900,1740582900.0,1740586500.0,,EGO Stadium,Dammam,Match Finished,FT,90.0,8.0,307,Pro League,Saudi-Arabia,2024,Regular Season - 22,True,2934,Al-Ettifaq,True,2936,Al Taawon,False,1.0,0.0,0.0,0.0,1.0,0.0
1436088,A. Al Kharboush,UTC,2026-02-03 17:30:00+00:00,1770139800,1770139800.0,1770143400.0,22434.0,Abdullah Al Dabil Stadium,Dammam,Match Finished,FT,90.0,6.0,307,Pro League,Saudi-Arabia,2025,Regular Season - 20,True,2934,Al-Ettifaq,True,2936,Al Taawon,False,1.0,0.0,0.0,0.0,1.0,0.0
1603225,,UTC,2027-04-29 18:00:00+00:00,1809021600,,,,Abdullah Al Dabil Stadium,,Not Started,NS,,,307,Pro League,Saudi-Arabia,2026,Regular Season - 29,True,2934,Al-Ettifaq,,2936,Al Taawon,,,,,,,
110169,,UTC,2017-03-09 14:50:00+00:00,1489071000,1489071000.0,1489074600.0,10517.0,King Abdullah Sport City Stadium,Buraidah,Match Finished,FT,90.0,,307,Pro League,Saudi-Arabia,2016,Regular Season - 21,True,2936,Al Taawon,True,2934,Al-Ettifaq,False,1.0,0.0,0.0,0.0,1.0,0.0
110409,M. Clattenburg,UTC,2017-12-10 13:50:00+00:00,1512913800,1512913800.0,1512917400.0,10517.0,King Abdullah Sport City Stadium,Buraidah,Match Finished,FT,90.0,,307,Pro League,Saudi-Arabia,2017,Regular Season - 13,True,2936,Al Taawon,True,2934,Al-Ettifaq,False,4.0,0.0,1.0,0.0,4.0,0.0
151863,"Pavel Kralovec, Czech Republic",UTC,2019-02-28 12:00:00+00:00,1551355200,1551355200.0,1551358800.0,10517.0,King Abdullah Sport City Stadium,Buraidah,Match Finished,FT,90.0,,307,Pro League,Saudi-Arabia,2018,Regular Season - 22,True,2936,Al Taawon,True,2934,Al-Ettifaq,False,4.0,1.0,2.0,0.0,4.0,1.0
312955,Shukri Al Hanfosh,UTC,2020-08-30 16:00:00+00:00,1598803200,1598803200.0,1598806800.0,10517.0,King Abdullah bin Abdulaziz City,Buraidah,Match Finished,FT,90.0,,307,Pro League,Saudi-Arabia,2019,Regular Season - 28,True,2936,Al Taawon,False,2934,Al-Ettifaq,True,0.0,1.0,0.0,1.0,0.0,1.0
635912,Mohammed Al Hoaish,UTC,2020-11-29 11:15:00+00:00,1606648500,1606648500.0,1606652100.0,10517.0,King Abdullah bin Abdulaziz City,Buraidah,Match Finished,FT,90.0,,307,Pro League,Saudi-Arabia,2020,Regular Season - 6,True,2936,Al Taawon,,2934,Al-Ettifaq,,1.0,1.0,1.0,1.0,1.0,1.0
851988,S. Karasev,UTC,2022-05-05 16:20:00+00:00,1651767600,1651767600.0,1651771200.0,10517.0,King Abdullah Sport City Stadium,Buraidah,Match Finished,FT,90.0,,307,Pro League,Saudi-Arabia,2021,Regular Season - 26,True,2936,Al Taawon,False,2934,Al-Ettifaq,True,0.0,4.0,0.0,0.0,0.0,4.0
976708,Khaled Al Teris,UTC,2023-04-09 19:00:00+00:00,1681066800,1681066800.0,1681070400.0,1377.0,King Abdullah Sport City Stadium,Buraidah,Match Finished,FT,90.0,,307,Pro League,Saudi-Arabia,2022,Regular Season - 23,True,2936,Al Taawon,,2934,Al-Ettifaq,,1.0,1.0,0.0,1.0,1.0,1.0
1074536,Mohammed Al Hoaish,UTC,2024-05-27 18:00:00+00:00,1716832800,1716832800.0,1716836400.0,1377.0,Al Taawon Club Stadium,Buraidah,Match Finished,FT,90.0,,307,Pro League,Saudi-Arabia,2023,Regular Season - 34,True,2936,Al Taawon,True,2934,Al-Ettifaq,False,1.0,0.0,0.0,0.0,1.0,0.0
1252459,Faisal Alblwi,UTC,2024-09-29 18:00:00+00:00,1727632800,1727632800.0,1727636400.0,1377.0,Al Taawoun Club Stadium,Buraidah,Match Finished,FT,90.0,,307,Pro League,Saudi-Arabia,2024,Regular Season - 5,True,2936,Al Taawon,,2934,Al-Ettifaq,,1.0,1.0,1.0,0.0,1.0,1.0
1435931,M. Al Shamrani,UTC,2025-09-18 15:40:00+00:00,1758210000,1758210000.0,1758213600.0,,Al Taawon Arena,Buraidah,Match Finished,FT,90.0,5.0,307,Pro League,Saudi-Arabia,2025,Regular Season - 3,True,2936,Al Taawon,True,2934,Al-Ettifaq,False,4.0,1.0,1.0,0.0,4.0,1.0
1603079,,UTC,2026-10-31 13:30:00+00:00,1793453400,,,,Al Taawon Arena,Buraidah,Not Started,NS,,,307,Pro League,Saudi-Arabia,2026,Regular Season - 12,True,2936,Al Taawon,,2934,Al-Ettifaq,,,,,,,
110142,,UTC,2017-04-21 17:45:00+00:00,1492796700,1492796700.0,1492800300.0,1370.0,Prince Mohamed Bin Fahd Stadium,Dammam,Match Finished,FT,90.0,,307,Pro League,Saudi-Arabia,2016,Regular Season - 24,True,2934,Al-Ettifaq,False,2938,Al-Ittihad FC,True,1.0,4.0,0.0,1.0,1.0,4.0
110418,I. Bebek,UTC,2017-11-30 15:40:00+00:00,1512056400,1512056400.0,1512060000.0,1370.0,Prince Mohamed Bin Fahd Stadium,Dammam,Match Finished,FT,90.0,,307,Pro League,Saudi-Arabia,2017,Regular Season - 12,True,2934,Al-Ettifaq,False,2938,Al-Ittihad FC,True,1.0,2.0,1.0,0.0,1.0,2.0
151812,"Milorad Mazic, Serbia",UTC,2018-12-29 13:35:00+00:00,1546090500,1546090500.0,1546094100.0,1376.0,Prince Saud bin Jalawi Stadium,Khobar,Match Finished,FT,90.0,,307,Pro League,Saudi-Arabia,2018,Regular Season - 15,True,2934,Al-Ettifaq,True,2938,Al-Ittihad FC,False,1.0,0.0,1.0,0.0,1.0,0.0
234855,I. Bebek,UTC,2019-11-24 13:30:00+00:00,1574602200,1574602200.0,1574605800.0,1370.0,Prince Mohamed bin Fahd Stadium,Dammam,Match Finished,FT,90.0,,307,Pro League,Saudi-Arabia,2019,Regular Season - 10,True,2934,Al-Ettifaq,False,2938,Al-Ittihad FC,True,1.0,2.0,0.0,0.0,1.0,2.0
657765,Majed Al Shamrani,UTC,2021-01-30 14:00:00+00:00,1612015200,1612015200.0,1612018800.0,1370.0,Prince Mohamed bin Fahd Stadium,Dammam,Match Finished,FT,90.0,,307,Pro League,Saudi-Arabia,2020,Regular Season - 16,True,2934,Al-Ettifaq,True,2938,Al-Ittihad FC,False,2.0,0.0,1.0,0.0,2.0,0.0
852015,C. Ramos,UTC,2022-06-23 18:00:00+00:00,1656007200,1656007200.0,1656010800.0,1370.0,Prince Mohamed bin Fahd Stadium,Dammam,Match Finished,FT,90.0,,307,Pro League,Saudi-Arabia,2021,Regular Season - 29,True,2934,Al-Ettifaq,False,2938,Al-Ittihad FC,True,1.0,3.0,0.0,0.0,1.0,3.0
976660,Artur Soares Dias,UTC,2023-02-16 16:30:00+00:00,1676565000,1676565000.0,1676568600.0,1370.0,Prince Mohamed bin Fahd Stadium,Dammam,Match Finished,FT,90.0,,307,Pro League,Saudi-Arabia,2022,Regular Season - 17,True,2934,Al-Ettifaq,False,2938,Al-Ittihad FC,True,0.0,3.0,0.0,1.0,0.0,3.0
1074358,T. Bognár,UTC,2023-11-24 15:00:00+00:00,1700838000,1700838000.0,1700841600.0,1370.0,Al Ettifaq Club Stadium,Dammam,Match Finished,FT,90.0,,307,Pro League,Saudi-Arabia,2023,Regular Season - 14,True,2934,Al-Ettifaq,,2938,Al-Ittihad FC,,1.0,1.0,1.0,0.0,1.0,1.0
1252519,Sami Al Jires,UTC,2024-11-30 14:25:00+00:00,1732976700,1732976700.0,1732980300.0,,EGO Stadium,Dammam,Match Finished,FT,90.0,5.0,307,Pro League,Saudi-Arabia,2024,Regular Season - 12,True,2934,Al-Ettifaq,False,2938,Al-Ittihad FC,True,0.0,4.0,0.0,1.0,0.0,4.0
1436202,A. Al Kharboush,UTC,2026-05-14 18:00:00+00:00,1778781600,1778781600.0,1778785200.0,22434.0,Abdullah Al Dabil Stadium,Dammam,Match Finished,FT,90.0,6.0,307,Pro League,Saudi-Arabia,2025,Regular Season - 33,True,2934,Al-Ettifaq,False,2938,Al-Ittihad FC,True,1.0,3.0,1.0,2.0,1.0,3.0
1603055,,UTC,2026-10-20 18:00:00+00:00,1792519200,,,,Abdullah Al Dabil Stadium,,Not Started,NS,,,307,Pro League,Saudi-Arabia,2026,Regular Season - 10,True,2934,Al-Ettifaq,,2938,Al-Ittihad FC,,,,,,,
110236,,UTC,2016-12-02 15:40:00+00:00,1480693200,1480693200.0,1480696800.0,1364.0,King Abdullah Sports City,Jeddah,Match Finished,FT,90.0,,307,Pro League,Saudi-Arabia,2016,Regular Season - 11,True,2938,Al-Ittihad FC,True,2934,Al-Ettifaq,False,4.0,1.0,1.0,1.0,4.0,1.0
110326,,UTC,2018-04-06 17:40:00+00:00,1523036400,1523036400.0,1523040000.0,,King Abdullah Sports City (Jeddah),,Match Finished,FT,90.0,,307,Pro League,Saudi-Arabia,2017,Regular Season - 25,True,2938,Al-Ittihad FC,True,2934,Al-Ettifaq,False,4.0,2.0,1.0,0.0,4.0,2.0
151912,"Szymon Marciniak, Poland",UTC,2019-04-18 17:45:00+00:00,1555609500,1555609500.0,1555613100.0,1364.0,King Abdullah Sports City,Jeddah,Match Finished,FT,90.0,,307,Pro League,Saudi-Arabia,2018,Regular Season - 28,True,2938,Al-Ittihad FC,True,2934,Al-Ettifaq,False,2.0,0.0,2.0,0.0,2.0,0.0
312933,D. Stefanski,UTC,2020-08-14 17:50:00+00:00,1597427400,1597427400.0,1597431000.0,1364.0,King Abdullah Sports City,Jeddah,Match Finished,FT,90.0,,307,Pro League,Saudi-Arabia,2019,Regular Season - 25,True,2938,Al-Ittihad FC,True,2934,Al-Ettifaq,False,1.0,0.0,0.0,0.0,1.0,0.0
336097,,UTC,2018-01-19 17:10:00+00:00,1516381800,1516381800.0,1516385400.0,1364.0,King Abdullah Sports City,Jeddah,Match Finished,FT,90.0,,504,King's Cup,Saudi-Arabia,2018,8th Finals,False,2938,Al-Ittihad FC,True,2934,Al-Ettifaq,False,2.0,1.0,0.0,1.0,2.0,1.0
635874,Turki Al Khudair,UTC,2020-10-18 17:00:00+00:00,1603040400,1603040400.0,1603044000.0,1364.0,King Abdullah Sports City,Jeddah,Match Finished,FT,90.0,,307,Pro League,Saudi-Arabia,2020,Regular Season - 1,True,2938,Al-Ittihad FC,False,2934,Al-Ettifaq,True,1.0,2.0,0.0,0.0,1.0,2.0
740072,I. Kovacs,UTC,2021-12-26 15:45:00+00:00,1640533500,1640533500.0,1640537100.0,1364.0,King Abdullah Sports City,Jeddah,Match Finished,FT,90.0,,307,Pro League,Saudi-Arabia,2021,Regular Season - 14,True,2938,Al-Ittihad FC,True,2934,Al-Ettifaq,False,3.0,2.0,0.0,2.0,3.0,2.0
931921,D. Orsato,UTC,2022-09-03 18:00:00+00:00,1662228000,1662228000.0,1662231600.0,1364.0,King Abdullah Sports City,Jeddah,Match Finished,FT,90.0,,307,Pro League,Saudi-Arabia,2022,Regular Season - 2,True,2938,Al-Ittihad FC,,2934,Al-Ettifaq,,0.0,0.0,0.0,0.0,0.0,0.0
1074510,Sultan Alharbi,UTC,2024-05-10 18:00:00+00:00,1715364000,1715364000.0,1715367600.0,1364.0,King Abdullah Sports City,Jeddah,Match Finished,FT,90.0,,307,Pro League,Saudi-Arabia,2023,Regular Season - 31,True,2938,Al-Ittihad FC,False,2934,Al-Ettifaq,True,0.0,5.0,0.0,4.0,0.0,5.0
1252675,G. Kabakov,UTC,2025-04-21 18:00:00+00:00,1745258400,1745258400.0,1745262000.0,1364.0,Prince Abdullah Al Faisal Sports City Stadium,Jeddah,Match Finished,FT,90.0,8.0,307,Pro League,Saudi-Arabia,2024,Regular Season - 29,True,2938,Al-Ittihad FC,True,2934,Al-Ettifaq,False,3.0,2.0,3.0,1.0,3.0,2.0
1436050,"Abdullah Al-Owaidan, Saudi Arabia",UTC,2026-01-16 17:30:00+00:00,1768584600,1768584600.0,1768588200.0,1364.0,King Abdullah Sports City,Jeddah,Match Finished,FT,90.0,9.0,307,Pro League,Saudi-Arabia,2025,Regular Season - 16,True,2938,Al-Ittihad FC,False,2934,Al-Ettifaq,True,0.0,1.0,0.0,0.0,0.0,1.0
1603209,,UTC,2027-04-18 18:00:00+00:00,1808071200,,,1364.0,King Abdullah Sports City,Jeddah,Not Started,NS,,,307,Pro League,Saudi-Arabia,2026,Regular Season - 27,True,2938,Al-Ittihad FC,,2934,Al-Ettifaq,,,,,,,
110297,,UTC,2016-08-20 18:05:00+00:00,1471716300,1471716300.0,1471719900.0,1370.0,Prince Mohamed Bin Fahd Stadium,Dammam,Match Finished,FT,90.0,,307,Pro League,Saudi-Arabia,2016,Regular Season - 2,True,2934,Al-Ettifaq,True,2939,Al-Nassr,False,1.0,0.0,1.0,0.0,1.0,0.0
110396,Mohammed Al Hoaish,UTC,2017-12-22 16:30:00+00:00,1513960200,1513960200.0,1513963800.0,,Prince Mohamed bin Fahd Stadium (Ad Dammām (Dammam)),,Match Finished,FT,90.0,,307,Pro League,Saudi-Arabia,2017,Regular Season - 15,True,2934,Al-Ettifaq,True,2939,Al-Nassr,False,3.0,2.0,1.0,0.0,3.0,2.0
151765,"Damir Skomina, Slovenia",UTC,2018-11-11 16:15:00+00:00,1541952900,1541952900.0,1541956500.0,1370.0,Prince Mohamed Bin Fahd Stadium,Dammam,Match Finished,FT,90.0,,307,Pro League,Saudi-Arabia,2018,Regular Season - 9,True,2934,Al-Ettifaq,False,2939,Al-Nassr,True,1.0,2.0,0.0,1.0,1.0,2.0
234894,S. Marciniak,UTC,2020-01-24 13:55:00+00:00,1579874100,1579874100.0,1579877700.0,1370.0,Prince Mohamed bin Fahd Stadium,Dammam,Match Finished,FT,90.0,,307,Pro League,Saudi-Arabia,2019,Regular Season - 15,True,2934,Al-Ettifaq,False,2939,Al-Nassr,True,0.0,1.0,0.0,1.0,0.0,1.0
657814,Majed Al Shamrani,UTC,2021-03-05 14:20:00+00:00,1614954000,1614954000.0,1614957600.0,1370.0,Prince Mohamed bin Fahd Stadium,Dammam,Match Finished,FT,90.0,,307,Pro League,Saudi-Arabia,2020,Regular Season - 22,True,2934,Al-Ettifaq,,2939,Al-Nassr,,1.0,1.0,1.0,0.0,1.0,1.0
825021,Majed Al Shamrani,UTC,2022-03-11 16:45:00+00:00,1647017100,1647017100.0,1647020700.0,1370.0,Prince Mohamed bin Fahd Stadium,Dammam,Match Finished,FT,90.0,,307,Pro League,Saudi-Arabia,2021,Regular Season - 24,True,2934,Al-Ettifaq,,2939,Al-Nassr,,2.0,2.0,2.0,0.0,2.0,2.0
976756,Abdullah Al-Harbi,UTC,2023-05-27 18:00:00+00:00,1685210400,1685210400.0,1685214000.0,1370.0,Prince Mohamed bin Fahd Stadium,Dammam,Match Finished,FT,90.0,,307,Pro League,Saudi-Arabia,2022,Regular Season - 29,True,2934,Al-Ettifaq,,2939,Al-Nassr,,1.0,1.0,1.0,0.0,1.0,1.0
1074246,Mohammed Al Hoaish,UTC,2023-08-14 18:00:00+00:00,1692036000,1692036000.0,1692039600.0,1370.0,Prince Mohamed bin Fahd Stadium,Dammam,Match Finished,FT,90.0,,307,Pro League,Saudi-Arabia,2023,Regular Season - 1,True,2934,Al-Ettifaq,True,2939,Al-Nassr,False,2.0,1.0,0.0,1.0,2.0,1.0
1252450,S. Gözübüyük,UTC,2024-09-20 18:00:00+00:00,1726855200,1726855200.0,1726858800.0,1370.0,Al Ettifaq Club Stadium,Dammam,Match Finished,FT,90.0,5.0,307,Pro League,Saudi-Arabia,2024,Regular Season - 4,True,2934,Al-Ettifaq,False,2939,Al-Nassr,True,0.0,3.0,0.0,1.0,0.0,3.0
1436013,"Shukri Alhunfush, Saudi Arabia",UTC,2025-12-30 17:30:00+00:00,1767115800,1767115800.0,1767119400.0,22434.0,Abdullah Al Dabil Stadium,Dammam,Match Finished,FT,90.0,5.0,307,Pro League,Saudi-Arabia,2025,Regular Season - 12,True,2934,Al-Ettifaq,,2939,Al-Nassr,,2.0,2.0,1.0,0.0,2.0,2.0
1602994,"Mohammed Khled Hoish, Saudi Arabia",UTC,2026-08-25 18:00:00+00:00,1787680800,1787680800.0,1787684400.0,,EGO Stadium,Dammam,Match Finished,FT,90.0,8.0,307,Pro League,Saudi-Arabia,2026,Regular Season - 3,True,2934,Al-Ettifaq,False,2939,Al-Nassr,True,2.0,3.0,2.0,0.0,2.0,3.0
110206,,UTC,2017-01-01 15:50:00+00:00,1483285800,1483285800.0,1483289400.0,,King Fahd Stadium,Riyadh,Match Finished,FT,90.0,,307,Pro League,Saudi-Arabia,2016,Regular Season - 15,True,2939,Al-Nassr,True,2934,Al-Ettifaq,False,2.0,0.0,0.0,0.0,2.0,0.0
110484,,UTC,2017-08-18 17:50:00+00:00,1503078600,1503078600.0,1503082200.0,,King Fahd Stadium,Riyadh,Match Finished,FT,90.0,,307,Pro League,Saudi-Arabia,2017,Regular Season - 2,True,2939,Al-Nassr,,2934,Al-Ettifaq,,2.0,2.0,1.0,0.0,2.0,2.0
151874,"Tomasz Musial, Poland",UTC,2019-03-08 14:40:00+00:00,1552056000,1552056000.0,1552059600.0,,King Fahd Stadium,Riyadh,Match Finished,FT,90.0,,307,Pro League,Saudi-Arabia,2018,Regular Season - 23,True,2939,Al-Nassr,True,2934,Al-Ettifaq,False,3.0,2.0,0.0,1.0,3.0,2.0
312972,,UTC,2020-09-09 17:35:00+00:00,1599672900,1599672900.0,1599676500.0,1374.0,Prince Faisal bin Fahd Stadium,Riyadh,Match Finished,FT,90.0,,307,Pro League,Saudi-Arabia,2019,Regular Season - 30,True,2939,Al-Nassr,True,2934,Al-Ettifaq,False,3.0,2.0,2.0,1.0,3.0,2.0
635922,Mohammed Alharbi,UTC,2020-12-07 15:45:00+00:00,1607355900,1607355900.0,1607359500.0,1361.0,King Fahd International Stadium,Riyadh,Match Finished,FT,90.0,,307,Pro League,Saudi-Arabia,2020,Regular Season - 7,True,2939,Al-Nassr,,2934,Al-Ettifaq,,2.0,2.0,0.0,1.0,2.0,2.0
740036,I. Kovacs,UTC,2021-10-24 15:00:00+00:00,1635087600,1635087600.0,1635091200.0,12277.0,Mrsool Park,Riyadh,Match Finished,FT,90.0,,307,Pro League,Saudi-Arabia,2021,Regular Season - 9,True,2939,Al-Nassr,False,2934,Al-Ettifaq,True,0.0,1.0,0.0,0.0,0.0,1.0
812246,S. Marciniak,UTC,2021-12-21 14:50:00+00:00,1640098200,1640098200.0,1640101800.0,12277.0,Mrsool Park,Riyadh,Match Finished,FT,90.0,,504,King's Cup,Saudi-Arabia,2022,Round of 16,False,2939,Al-Nassr,True,2934,Al-Ettifaq,False,1.0,0.0,0.0,0.0,1.0,0.0
932017,Khaled Al Teris,UTC,2023-01-22 16:30:00+00:00,1674405000,1674405000.0,1674408600.0,1361.0,Mrsool Park,Riyadh,Match Finished,FT,90.0,,307,Pro League,Saudi-Arabia,2022,Regular Season - 14,True,2939,Al-Nassr,True,2934,Al-Ettifaq,False,1.0,0.0,1.0,0.0,1.0,0.0
1074396,Khaled Al Teris,UTC,2023-12-22 15:00:00+00:00,1703257200,1703257200.0,1703260800.0,1374.0,Al Awal Park at King Saud University,Riyadh,Match Finished,FT,90.0,,307,Pro League,Saudi-Arabia,2023,Regular Season - 18,True,2939,Al-Nassr,True,2934,Al-Ettifaq,False,3.0,1.0,1.0,0.0,3.0,1.0
1136333,P. Maza,UTC,2023-10-31 14:45:00+00:00,1698763500,1698763500.0,1698767100.0,19933.0,Al Awal Park at King Saud University,Riyadh,Match Finished,AET,120.0,,504,King's Cup,Saudi-Arabia,2024,Round of 16,False,2939,Al-Nassr,True,2934,Al-Ettifaq,False,1.0,0.0,0.0,0.0,0.0,0.0
1252602,K. Levnikov,UTC,2025-02-21 17:00:00+00:00,1740157200,1740157200.0,1740160800.0,19933.0,Al-Awwal Park,Riyadh,Match Finished,FT,90.0,14.0,307,Pro League,Saudi-Arabia,2024,Regular Season - 21,True,2939,Al-Nassr,False,2934,Al-Ettifaq,True,2.0,3.0,0.0,0.0,2.0,3.0
1436172,F. Al Balawi,UTC,2026-04-15 18:00:00+00:00,1776276000,1776276000.0,1776279600.0,,King Saud University Stadium,Riyadh,Match Finished,FT,90.0,6.0,307,Pro League,Saudi-Arabia,2025,Regular Season - 29,True,2939,Al-Nassr,True,2934,Al-Ettifaq,False,1.0,0.0,1.0,0.0,1.0,0.0
1603149,,UTC,2027-02-18 19:00:00+00:00,1802977200,,,,King Saud University Stadium,Riyadh,Not Started,NS,,,307,Pro League,Saudi-Arabia,2026,Regular Season - 20,True,2939,Al-Nassr,,2934,Al-Ettifaq,,,,,,,
110134,,UTC,2017-05-03 15:55:00+00:00,1493826900,1493826900.0,1493830500.0,1370.0,Prince Mohamed Bin Fahd Stadium,Dammam,Match Finished,FT,90.0,,307,Pro League,Saudi-Arabia,2016,Regular Season - 26,True,2934,Al-Ettifaq,False,2940,Al Shabab,True,0.0,1.0,0.0,0.0,0.0,1.0
110469,,UTC,2017-09-23 15:15:00+00:00,1506179700,1506179700.0,1506183300.0,1370.0,Prince Mohamed Bin Fahd Stadium,Dammam,Match Finished,FT,90.0,,307,Pro League,Saudi-Arabia,2017,Regular Season - 4,True,2934,Al-Ettifaq,False,2940,Al Shabab,True,2.0,3.0,1.0,2.0,2.0,3.0
151882,"Szymon Marciniak, Poland",UTC,2019-03-15 16:00:00+00:00,1552665600,1552665600.0,1552669200.0,1376.0,Prince Saud bin Jalawi Stadium,Khobar,Match Finished,FT,90.0,,307,Pro League,Saudi-Arabia,2018,Regular Season - 24,True,2934,Al-Ettifaq,,2940,Al Shabab,,1.0,1.0,1.0,1.0,1.0,1.0
312904,M. Gestranius,UTC,2020-03-11 14:25:00+00:00,1583936700,1583936700.0,1583940300.0,1370.0,Prince Mohamed bin Fahd Stadium,Dammam,Match Finished,FT,90.0,,307,Pro League,Saudi-Arabia,2019,Regular Season - 22,True,2934,Al-Ettifaq,True,2940,Al Shabab,False,1.0,0.0,0.0,0.0,1.0,0.0
657851,S. Marciniak,UTC,2021-05-14 15:50:00+00:00,1621007400,1621007400.0,1621011000.0,1370.0,Prince Mohamed bin Fahd Stadium,Dammam,Match Finished,FT,90.0,,307,Pro League,Saudi-Arabia,2020,Regular Season - 27,True,2934,Al-Ettifaq,True,2940,Al Shabab,False,4.0,3.0,1.0,2.0,4.0,3.0
813337,Majed Al Shamrani,UTC,2022-01-14 13:50:00+00:00,1642168200,1642168200.0,1642171800.0,1370.0,Prince Mohamed bin Fahd Stadium,Dammam,Match Finished,FT,90.0,,307,Pro League,Saudi-Arabia,2021,Regular Season - 17,True,2934,Al-Ettifaq,,2940,Al Shabab,,2.0,2.0,2.0,0.0,2.0,2.0
976735,Faisal Alblwi,UTC,2023-05-14 16:00:00+00:00,1684080000,1684080000.0,1684083600.0,1370.0,Prince Mohamed bin Fahd Stadium,Dammam,Match Finished,FT,90.0,,307,Pro League,Saudi-Arabia,2022,Regular Season - 26,True,2934,Al-Ettifaq,True,2940,Al Shabab,False,1.0,0.0,1.0,0.0,1.0,0.0
1074527,Ahmad Al Rumaikhani,UTC,2024-05-23 18:00:00+00:00,1716487200,1716487200.0,1716490800.0,1370.0,Al Ettifaq Club Stadium,Dammam,Match Finished,FT,90.0,,307,Pro League,Saudi-Arabia,2023,Regular Season - 33,True,2934,Al-Ettifaq,True,2940,Al Shabab,False,1.0,0.0,1.0,0.0,1.0,0.0
1252578,Sami Al Jires,UTC,2025-01-31 17:00:00+00:00,1738342800,1738342800.0,1738346400.0,,EGO Stadium,Dammam,Match Finished,FT,90.0,13.0,307,Pro League,Saudi-Arabia,2024,Regular Season - 18,True,2934,Al-Ettifaq,True,2940,Al Shabab,False,3.0,1.0,2.0,1.0,3.0,1.0
1436137,S. Al Hunfush,UTC,2026-03-07 19:00:00+00:00,1772910000,1772910000.0,1772913600.0,22434.0,Abdullah Al Dabil Stadium,Dammam,Match Finished,FT,90.0,6.0,307,Pro League,Saudi-Arabia,2025,Regular Season - 25,True,2934,Al-Ettifaq,,2940,Al Shabab,,1.0,1.0,0.0,0.0,1.0,1.0
1603244,,UTC,2027-05-12 18:00:00+00:00,1810144800,,,,Abdullah Al Dabil Stadium,,Not Started,NS,,,307,Pro League,Saudi-Arabia,2026,Regular Season - 31,True,2934,Al-Ettifaq,,2940,Al Shabab,,,,,,,
110223,,UTC,2016-12-15 13:50:00+00:00,1481809800,1481809800.0,1481813400.0,1374.0,Prince Faisal bin Fahd Stadium,Riyadh,Match Finished,FT,90.0,,307,Pro League,Saudi-Arabia,2016,Regular Season - 13,True,2940,Al Shabab,,2934,Al-Ettifaq,,1.0,1.0,1.0,0.0,1.0,1.0
110378,A. Villarreal,UTC,2018-01-14 14:05:00+00:00,1515938700,1515938700.0,1515942300.0,,Prince Faisal bin Fahd Stadium (Ar-Riyāḍ (Riyadh)),,Match Finished,FT,90.0,,307,Pro League,Saudi-Arabia,2017,Regular Season - 17,True,2940,Al Shabab,True,2934,Al-Ettifaq,False,3.0,1.0,0.0,1.0,3.0,1.0
151775,"Bernie Raymond Blom, Netherlands",UTC,2018-11-29 13:45:00+00:00,1543499100,1543499100.0,1543502700.0,1374.0,Prince Faisal bin Fahd Stadium,Riyadh,Match Finished,FT,90.0,,307,Pro League,Saudi-Arabia,2018,Regular Season - 11,True,2940,Al Shabab,,2934,Al-Ettifaq,,2.0,2.0,1.0,2.0,2.0,2.0
234828,M. Jug,UTC,2019-10-19 15:05:00+00:00,1571497500,1571497500.0,1571501100.0,,Prince Khalid Bin Sultan Stadium,Riyadh,Match Finished,FT,90.0,,307,Pro League,Saudi-Arabia,2019,Regular Season - 7,True,2940,Al Shabab,True,2934,Al-Ettifaq,False,2.0,1.0,1.0,0.0,2.0,1.0
635960,Mohammed Al Hoaish,UTC,2021-01-09 13:55:00+00:00,1610200500,1610200500.0,1610204100.0,,Al-Shabab Club Stadium,Riyadh,Match Finished,FT,90.0,,307,Pro League,Saudi-Arabia,2020,Regular Season - 12,True,2940,Al Shabab,True,2934,Al-Ettifaq,False,1.0,0.0,1.0,0.0,1.0,0.0
739980,Khaled Al Teris,UTC,2021-08-21 17:50:00+00:00,1629568200,1629568200.0,1629571800.0,1361.0,King Fahd International Stadium,Riyadh,Match Finished,FT,90.0,,307,Pro League,Saudi-Arabia,2021,Regular Season - 2,True,2940,Al Shabab,,2934,Al-Ettifaq,,3.0,3.0,2.0,0.0,3.0,3.0
931992,Mohammed Al Esmaiel,UTC,2022-12-30 16:30:00+00:00,1672417800,1672417800.0,1672421400.0,1374.0,Prince Faisal bin Fahd Stadium,Riyadh,Match Finished,FT,90.0,,307,Pro League,Saudi-Arabia,2022,Regular Season - 11,True,2940,Al Shabab,True,2934,Al-Ettifaq,False,3.0,0.0,2.0,0.0,3.0,0.0
1074381,F. Rapallini,UTC,2023-12-07 18:00:00+00:00,1701972000,1701972000.0,1701975600.0,,Al-Shabab Club Stadium,Riyadh,Match Finished,FT,90.0,,307,Pro League,Saudi-Arabia,2023,Regular Season - 16,True,2940,Al Shabab,,2934,Al-Ettifaq,,0.0,0.0,0.0,0.0,0.0,0.0
1252427,Majed Alshamrani,UTC,2024-08-24 18:00:00+00:00,1724522400,1724522400.0,1724526000.0,,Al-Shabab Club Stadium,Riyadh,Match Finished,FT,90.0,,307,Pro League,Saudi-Arabia,2024,Regular Season - 1,True,2940,Al Shabab,False,2934,Al-Ettifaq,True,0.0,1.0,0.0,0.0,0.0,1.0
1435982,"Mohammed Al Esmaiel, Saudi Arabia",UTC,2025-11-08 14:45:00+00:00,1762613100,1762613100.0,1762616700.0,1374.0,Al-Shabab Club Stadium,Riyadh,Match Finished,FT,90.0,8.0,307,Pro League,Saudi-Arabia,2025,Regular Season - 8,True,2940,Al Shabab,,2934,Al-Ettifaq,,1.0,1.0,1.0,0.0,1.0,1.0
1603095,,UTC,2026-11-20 17:00:00+00:00,1795194000,,,,Al-Shabab Club Stadium,Riyadh,Not Started,NS,,,307,Pro League,Saudi-Arabia,2026,Regular Season - 14,True,2940,Al Shabab,,2934,Al-Ettifaq,,,,,,,
110357,,UTC,2018-02-10 16:20:00+00:00,1518279600,1518279600.0,1518283200.0,,Prince Mohamed bin Fahd Stadium (Ad Dammām (Dammam)),,Match Finished,FT,90.0,,307,Pro League,Saudi-Arabia,2017,Regular Season - 21,True,2934,Al-Ettifaq,,2944,Al-Fayha,,1.0,1.0,1.0,0.0,1.0,1.0
151715,P. Kralovec,UTC,2018-09-21 15:15:00+00:00,1537542900,1537542900.0,1537546500.0,1370.0,Prince Mohamed Bin Fahd Stadium,Dammam,Match Finished,FT,90.0,,307,Pro League,Saudi-Arabia,2018,Regular Season - 3,True,2934,Al-Ettifaq,True,2944,Al-Fayha,False,3.0,0.0,1.0,0.0,3.0,0.0
312921,M. Gestranius,UTC,2020-08-09 16:00:00+00:00,1596988800,1596988800.0,1596992400.0,1370.0,Prince Mohamed bin Fahd Stadium,Dammam,Match Finished,FT,90.0,,307,Pro League,Saudi-Arabia,2019,Regular Season - 24,True,2934,Al-Ettifaq,True,2944,Al-Fayha,False,3.0,2.0,0.0,2.0,3.0,2.0
740080,Sultan Al-Harbi,UTC,2021-12-31 13:35:00+00:00,1640957700,1640957700.0,1640961300.0,1370.0,Prince Mohamed bin Fahd Stadium,Dammam,Match Finished,FT,90.0,,307,Pro League,Saudi-Arabia,2021,Regular Season - 15,True,2934,Al-Ettifaq,,2944,Al-Fayha,,1.0,1.0,0.0,1.0,1.0,1.0
976699,Mohammed Al Hoaish,UTC,2023-04-14 19:00:00+00:00,1681498800,1681498800.0,1681502400.0,1370.0,Prince Mohamed bin Fahd Stadium,Dammam,Match Finished,FT,90.0,,307,Pro League,Saudi-Arabia,2022,Regular Season - 22,True,2934,Al-Ettifaq,True,2944,Al-Fayha,False,1.0,0.0,0.0,0.0,1.0,0.0
1074500,Fareeh Al Jaloud,UTC,2024-05-03 18:00:00+00:00,1714759200,1714759200.0,1714762800.0,1370.0,Al Ettifaq Club Stadium,Dammam,Match Finished,FT,90.0,,307,Pro League,Saudi-Arabia,2023,Regular Season - 30,True,2934,Al-Ettifaq,False,2944,Al-Fayha,True,1.0,2.0,0.0,0.0,1.0,2.0
1252636,Abdulsamad Bakri,UTC,2025-03-15 19:00:00+00:00,1742065200,1742065200.0,1742068800.0,,EGO Stadium,Dammam,Match Finished,FT,90.0,8.0,307,Pro League,Saudi-Arabia,2024,Regular Season - 25,True,2934,Al-Ettifaq,False,2944,Al-Fayha,True,0.0,2.0,0.0,1.0,0.0,2.0
1435991,"Ahmad Al Rumaikhani, Saudi Arabia",UTC,2025-11-22 14:25:00+00:00,1763821500,1763821500.0,1763825100.0,22434.0,Abdullah Al Dabil Stadium,Dammam,Match Finished,FT,90.0,6.0,307,Pro League,Saudi-Arabia,2025,Regular Season - 9,True,2934,Al-Ettifaq,True,2944,Al-Fayha,False,3.0,2.0,2.0,0.0,3.0,2.0
1603118,,UTC,2026-12-10 17:00:00+00:00,1796922000,,,,Abdullah Al Dabil Stadium,,Not Started,NS,,,307,Pro League,Saudi-Arabia,2026,Regular Season - 17,True,2934,Al-Ettifaq,,2944,Al-Fayha,,,,,,,
110447,Mohammed Al Hoaish,UTC,2017-10-25 15:05:00+00:00,1508943900,1508943900.0,1508947500.0,,Prince Salman Bin Abdulaziz Sport City Stadium,Al Majma'ah,Match Finished,FT,90.0,,307,Pro League,Saudi-Arabia,2017,Regular Season - 8,True,2944,Al-Fayha,False,2934,Al-Ettifaq,True,1.0,2.0,0.0,0.0,1.0,2.0
151842,"Simon Lee Evans, Wales",UTC,2019-02-08 11:45:00+00:00,1549626300,1549626300.0,1549629900.0,,Prince Salman Bin Abdulaziz Sport City Stadium,Al Majma'ah,Match Finished,FT,90.0,,307,Pro League,Saudi-Arabia,2018,Regular Season - 19,True,2944,Al-Fayha,,2934,Al-Ettifaq,,1.0,1.0,0.0,1.0,1.0,1.0
234841,S. Gözübüyük,UTC,2019-10-31 14:00:00+00:00,1572530400,1572530400.0,1572534000.0,1367.0,Al Majma'ah Sports City Stadium,Al Majma'ah,Match Finished,FT,90.0,,307,Pro League,Saudi-Arabia,2019,Regular Season - 9,True,2944,Al-Fayha,,2934,Al-Ettifaq,,1.0,1.0,0.0,0.0,1.0,1.0
852023,Sultan Alharbi,UTC,2022-06-27 18:00:00+00:00,1656352800,1656352800.0,1656356400.0,1367.0,Al Majma'ah Sports City Stadium,Al Majma'ah,Match Finished,FT,90.0,,307,Pro League,Saudi-Arabia,2021,Regular Season - 30,True,2944,Al-Fayha,False,2934,Al-Ettifaq,True,0.0,1.0,0.0,0.0,0.0,1.0
931959,Abdullah Al-Harbi,UTC,2022-10-11 17:30:00+00:00,1665509400,1665509400.0,1665513000.0,1367.0,Al Majma'ah Sports City Stadium,Al Majma'ah,Match Finished,FT,90.0,,307,Pro League,Saudi-Arabia,2022,Regular Season - 7,True,2944,Al-Fayha,False,2934,Al-Ettifaq,True,0.0,3.0,0.0,2.0,0.0,3.0
1074347,Shukri Al Hanfosh,UTC,2023-11-11 15:00:00+00:00,1699714800,1699714800.0,1699718400.0,1367.0,Al Majma'ah Sports City Stadium,Al Majma'ah,Match Finished,FT,90.0,,307,Pro League,Saudi-Arabia,2023,Regular Season - 13,True,2944,Al-Fayha,,2934,Al-Ettifaq,,0.0,0.0,0.0,0.0,0.0,0.0
1252483,Mohammed Abu Shaqarah,UTC,2024-10-26 15:00:00+00:00,1729954800,1729954800.0,1729958400.0,1367.0,Al Majma'ah Sports City Stadium,Al Majma'ah,Match Finished,FT,90.0,5.0,307,Pro League,Saudi-Arabia,2024,Regular Season - 8,True,2944,Al-Fayha,,2934,Al-Ettifaq,,1.0,1.0,1.0,0.0,1.0,1.0
1436142,K. Al Ahmari,UTC,2026-03-13 19:00:00+00:00,1773428400,1773428400.0,1773432000.0,1367.0,King Abdullah Sports City Stadium,Buraidah,Match Finished,FT,90.0,10.0,307,Pro League,Saudi-Arabia,2025,Regular Season - 26,True,2944,Al-Fayha,True,2934,Al-Ettifaq,False,1.0,0.0,1.0,0.0,1.0,0.0
1603271,,UTC,2027-05-28 18:00:00+00:00,1811527200,,,,King Abdullah Sports City Stadium,Buraidah,Not Started,NS,,,307,Pro League,Saudi-Arabia,2026,Regular Season - 34,True,2944,Al-Fayha,,2934,Al-Ettifaq,,,,,,,
151744,"Tiago Martins, Portugal",UTC,2018-10-25 14:40:00+00:00,1540478400,1540478400.0,1540482000.0,1370.0,Prince Mohamed Bin Fahd Stadium,Dammam,Match Finished,FT,90.0,,307,Pro League,Saudi-Arabia,2018,Regular Season - 7,True,2934,Al-Ettifaq,True,2945,Al-Hazm,False,1.0,0.0,1.0,0.0,1.0,0.0
312874,M. Jug,UTC,2020-02-13 11:30:00+00:00,1581593400,1581593400.0,1581597000.0,1370.0,Prince Mohamed bin Fahd Stadium,Dammam,Match Finished,FT,90.0,,307,Pro League,Saudi-Arabia,2019,Regular Season - 18,True,2934,Al-Ettifaq,False,2945,Al-Hazm,True,2.0,3.0,0.0,1.0,2.0,3.0
852002,Khaled Al Teris,UTC,2022-05-21 16:00:00+00:00,1653148800,1653148800.0,1653152400.0,1370.0,Prince Mohamed bin Fahd Stadium,Dammam,Match Finished,FT,90.0,,307,Pro League,Saudi-Arabia,2021,Regular Season - 27,True,2934,Al-Ettifaq,True,2945,Al-Hazm,False,5.0,2.0,2.0,1.0,5.0,2.0
1074406,Abdullah Al-Harbi,UTC,2023-12-28 15:00:00+00:00,1703775600,1703775600.0,1703779200.0,1370.0,Prince Mohamed bin Fahd Stadium,Dammam,Match Finished,FT,90.0,,307,Pro League,Saudi-Arabia,2023,Regular Season - 19,True,2934,Al-Ettifaq,,2945,Al-Hazm,,1.0,1.0,0.0,0.0,1.0,1.0
1435967,"Ali Al-Qahtani, Saudi Arabia",UTC,2025-10-31 17:30:00+00:00,1761931800,1761931800.0,1761935400.0,22434.0,Abdullah Al Dabil Stadium,Dammam,Match Finished,FT,90.0,7.0,307,Pro League,Saudi-Arabia,2025,Regular Season - 7,True,2934,Al-Ettifaq,,2945,Al-Hazm,,2.0,2.0,1.0,0.0,2.0,2.0
1603100,,UTC,2026-11-26 17:00:00+00:00,1795712400,,,,Abdullah Al Dabil Stadium,,Not Started,NS,,,307,Pro League,Saudi-Arabia,2026,Regular Season - 15,True,2934,Al-Ettifaq,,2945,Al-Hazm,,,,,,,
151856,"Ravshan Irmatov, Uzbekistan",UTC,2019-02-21 11:55:00+00:00,1550750100,1550750100.0,1550753700.0,,Al Hazm Club Stadium,Ar Rass,Match Finished,FT,90.0,,307,Pro League,Saudi-Arabia,2018,Regular Season - 21,True,2945,Al-Hazm,,2934,Al-Ettifaq,,1.0,1.0,0.0,0.0,1.0,1.0
234799,B. Nijhuis,UTC,2019-09-15 15:50:00+00:00,1568562600,1568562600.0,1568566200.0,,Ar-Rass Stadium,Rass,Match Finished,FT,90.0,,307,Pro League,Saudi-Arabia,2019,Regular Season - 3,True,2945,Al-Hazm,False,2934,Al-Ettifaq,True,0.0,6.0,0.0,3.0,0.0,6.0
740057,Shukri Al Hanfosh,UTC,2021-11-21 11:15:00+00:00,1637493300,1637493300.0,1637496900.0,,Ar-Rass Stadium,Rass,Match Finished,FT,90.0,,307,Pro League,Saudi-Arabia,2021,Regular Season - 12,True,2945,Al-Hazm,False,2934,Al-Ettifaq,True,0.0,3.0,0.0,1.0,0.0,3.0
1074251,Raed Al Zahrani,UTC,2023-08-18 18:00:00+00:00,1692381600,1692381600.0,1692385200.0,,Ar-Rass Stadium,Rass,Match Finished,FT,90.0,,307,Pro League,Saudi-Arabia,2023,Regular Season - 2,True,2945,Al-Hazm,False,2934,Al-Ettifaq,True,0.0,2.0,0.0,1.0,0.0,2.0
1436120,A. Al Rumaikhani,UTC,2026-02-27 19:00:00+00:00,1772218800,1772218800.0,1772222400.0,,Al-Hazem Club Stadium,Ar Rass,Match Finished,FT,90.0,6.0,307,Pro League,Saudi-Arabia,2025,Regular Season - 24,True,2945,Al-Hazm,True,2934,Al-Ettifaq,False,3.0,1.0,2.0,1.0,3.0,1.0
1603254,,UTC,2027-05-20 18:00:00+00:00,1810836000,,,,Al-Hazem Club Stadium,Ar Rass,Not Started,NS,,,307,Pro League,Saudi-Arabia,2026,Regular Season - 32,True,2945,Al-Hazm,,2934,Al-Ettifaq,,,,,,,
312893,A. Ekberg,UTC,2020-02-29 14:20:00+00:00,1582986000,1582986000.0,1582989600.0,1370.0,Prince Mohamed bin Fahd Stadium,Dammam,Match Finished,FT,90.0,,307,Pro League,Saudi-Arabia,2019,Regular Season - 20,True,2934,Al-Ettifaq,True,2951,Abha,False,4.0,1.0,4.0,0.0,4.0,1.0
657779,Faisal Alblwi,UTC,2021-02-11 14:05:00+00:00,1613052300,1613052300.0,1613055900.0,1376.0,Prince Saud bin Jalawi Stadium,Khobar,Match Finished,FT,90.0,,307,Pro League,Saudi-Arabia,2020,Regular Season - 18,True,2934,Al-Ettifaq,True,2951,Abha,False,4.0,1.0,3.0,0.0,4.0,1.0
813342,Shukri Al Hanfosh,UTC,2022-01-20 13:50:00+00:00,1642686600,1642686600.0,1642690200.0,1370.0,Prince Mohamed bin Fahd Stadium,Dammam,Match Finished,FT,90.0,,307,Pro League,Saudi-Arabia,2021,Regular Season - 18,True,2934,Al-Ettifaq,False,2951,Abha,True,1.0,2.0,0.0,1.0,1.0,2.0
931997,Mohammed Al Hoaish,UTC,2023-01-07 14:00:00+00:00,1673100000,1673100000.0,1673103600.0,1370.0,Prince Mohamed bin Fahd Stadium,Dammam,Match Finished,FT,90.0,,307,Pro League,Saudi-Arabia,2022,Regular Season - 12,True,2934,Al-Ettifaq,True,2951,Abha,False,2.0,1.0,0.0,1.0,2.0,1.0
1074443,Mohammed Abu Shaqarah,UTC,2024-03-09 14:00:00+00:00,1709992800,1709992800.0,1709996400.0,1370.0,Al Ettifaq Club Stadium,Dammam,Match Finished,FT,90.0,,307,Pro League,Saudi-Arabia,2023,Regular Season - 23,True,2934,Al-Ettifaq,True,2951,Abha,False,3.0,0.0,0.0,0.0,3.0,0.0
1603161,,UTC,2027-03-11 18:00:00+00:00,1804788000,,,,Abdullah Al Dabil Stadium,,Not Started,NS,,,307,Pro League,Saudi-Arabia,2026,Regular Season - 22,True,2934,Al-Ettifaq,,2951,Abha,,,,,,,
234809,K. Blom,UTC,2019-09-26 15:45:00+00:00,1569512700,1569512700.0,1569516300.0,1362.0,Prince Sultan bin Abdul Aziz Stadium,Abha,Match Finished,FT,90.0,,307,Pro League,Saudi-Arabia,2019,Regular Season - 5,True,2951,Abha,True,2934,Al-Ettifaq,False,1.0,0.0,0.0,0.0,1.0,0.0
635888,Faisal Alblwi,UTC,2020-10-31 14:15:00+00:00,1604153700,1604153700.0,1604157300.0,10516.0,Prince Sultan bin Abdulaziz Sports City Stadium,Abha,Match Finished,FT,90.0,,307,Pro League,Saudi-Arabia,2020,Regular Season - 3,True,2951,Abha,True,2934,Al-Ettifaq,False,3.0,2.0,2.0,0.0,3.0,2.0
739984,Mohammed Alharbi,UTC,2021-08-26 16:05:00+00:00,1629993900,1629993900.0,1629997500.0,10516.0,Prince Sultan bin Abdulaziz Sports City Stadium,Abha,Match Finished,FT,90.0,,307,Pro League,Saudi-Arabia,2021,Regular Season - 3,True,2951,Abha,,2934,Al-Ettifaq,,1.0,1.0,0.0,1.0,1.0,1.0
976740,Ahmad Al Rumaikhani,UTC,2023-05-18 16:00:00+00:00,1684425600,1684425600.0,1684429200.0,10516.0,Prince Sultan bin Abdulaziz Sports City Stadium,Abha,Match Finished,FT,90.0,,307,Pro League,Saudi-Arabia,2022,Regular Season - 27,True,2951,Abha,True,2934,Al-Ettifaq,False,2.0,1.0,0.0,0.0,2.0,1.0
1074288,Abdulrahman Al Sultan,UTC,2023-09-16 12:00:00+00:00,1694865600,1694865600.0,1694869200.0,10516.0,Prince Sultan bin Abdulaziz Sports City Stadium,Abha,Match Finished,FT,90.0,,307,Pro League,Saudi-Arabia,2023,Regular Season - 6,True,2951,Abha,False,2934,Al-Ettifaq,True,1.0,3.0,0.0,0.0,1.0,3.0
1603011,"Mohammed Hassan Al-Shahrani, Saudi Arabia",UTC,2026-09-04 16:00:00+00:00,1788537600,1788537600.0,1788541200.0,,Prince Sultan bin Abdul Aziz Stadium,Abha,Match Finished,FT,90.0,,307,Pro League,Saudi-Arabia,2026,Regular Season - 5,True,2951,Abha,False,2934,Al-Ettifaq,True,0.0,1.0,0.0,0.0,0.0,1.0
1252492,Khalid Al Turais,UTC,2024-11-02 14:55:00+00:00,1730559300,1730559300.0,1730562900.0,1377.0,Al Taawoun Club Stadium,Buraidah,Match Finished,FT,90.0,6.0,307,Pro League,Saudi-Arabia,2024,Regular Season - 9,True,2936,Al Taawon,,10509,Al Kholood,,1.0,1.0,1.0,1.0,1.0,1.0
1436161,A. Ali Bakri,UTC,2026-04-11 16:00:00+00:00,1775923200,1775923200.0,1775926800.0,1377.0,Al Taawon Arena,Buraidah,Match Finished,FT,90.0,8.0,307,Pro League,Saudi-Arabia,2025,Regular Season - 28,True,2936,Al Taawon,False,10509,Al Kholood,True,1.0,2.0,1.0,2.0,1.0,2.0
1603141,,UTC,2027-02-11 19:00:00+00:00,1802372400,,,,Al Taawon Arena,Buraidah,Not Started,NS,,,307,Pro League,Saudi-Arabia,2026,Regular Season - 19,True,2936,Al Taawon,,10509,Al Kholood,,,,,,,
1252648,Shukri Al Hanfosh,UTC,2025-04-04 14:30:00+00:00,1743777000,1743777000.0,1743780600.0,,Ar-Rass Stadium,Rass,Match Finished,FT,90.0,6.0,307,Pro League,Saudi-Arabia,2024,Regular Season - 26,True,10509,Al Kholood,False,2936,Al Taawon,True,0.0,2.0,0.0,0.0,0.0,2.0
1436008,"Abdullah Al-Shehri, Saudi Arabia",UTC,2025-12-26 15:00:00+00:00,1766761200,1766761200.0,1766764800.0,,Al-Hazem Club Stadium,Ar Rass,Match Finished,FT,90.0,6.0,307,Pro League,Saudi-Arabia,2025,Regular Season - 11,True,10509,Al Kholood,False,2936,Al Taawon,True,0.0,2.0,0.0,1.0,0.0,2.0
1602987,"Mohammed Khled Hoish, Saudi Arabia",UTC,2026-08-22 16:10:00+00:00,1787415000,1787415000.0,1787418600.0,,Al-Hazem Club Stadium,Ar Rass,Match Finished,FT,90.0,5.0,307,Pro League,Saudi-Arabia,2026,Regular Season - 2,True,10509,Al Kholood,True,2936,Al Taawon,False,3.0,2.0,3.0,0.0,3.0,2.0
1074360,Shukri Al Hanfosh,UTC,2023-11-24 15:00:00+00:00,1700838000,1700838000.0,1700841600.0,1377.0,Al Taawon Club Stadium,Buraidah,Match Finished,FT,90.0,,307,Pro League,Saudi-Arabia,2023,Regular Season - 14,True,2936,Al Taawon,False,10511,Al Riyadh,True,1.0,2.0,1.0,0.0,1.0,2.0
1252710,Fareeh Al Jaloud,UTC,2025-05-20 16:20:00+00:00,1747758000,1747758000.0,1747761600.0,1377.0,Al Taawoun Club Stadium,Buraidah,Match Finished,FT,90.0,10.0,307,Pro League,Saudi-Arabia,2024,Regular Season - 33,True,2936,Al Taawon,True,10511,Al Riyadh,False,3.0,2.0,1.0,2.0,3.0,2.0
1436206,M. Al Shamrani,UTC,2026-05-15 18:00:00+00:00,1778868000,1778868000.0,1778871600.0,1377.0,Al Taawon Arena,Buraidah,Match Finished,FT,90.0,4.0,307,Pro League,Saudi-Arabia,2025,Regular Season - 33,True,2936,Al Taawon,,10511,Al Riyadh,,1.0,1.0,0.0,0.0,1.0,1.0
1603223,,UTC,2027-04-22 18:00:00+00:00,1808416800,,,,Al Taawon Arena,Buraidah,Not Started,NS,,,307,Pro League,Saudi-Arabia,2026,Regular Season - 28,True,2936,Al Taawon,,10511,Al Riyadh,,,,,,,
1074511,Mohammed Al Hoaish,UTC,2024-05-09 15:00:00+00:00,1715266800,1715266800.0,1715270400.0,7224.0,Prince Faisal bin Fahd Stadium,Riyadh,Match Finished,FT,90.0,,307,Pro League,Saudi-Arabia,2023,Regular Season - 31,True,10511,Al Riyadh,,2936,Al Taawon,,0.0,0.0,0.0,0.0,0.0,0.0
1252555,Mohammed Al-Ismail,UTC,2025-01-21 15:10:00+00:00,1737472200,1737472200.0,1737475800.0,7224.0,Prince Faisal bin Fahd Stadium,Riyadh,Match Finished,FT,90.0,18.0,307,Pro League,Saudi-Arabia,2024,Regular Season - 16,True,10511,Al Riyadh,True,2936,Al Taawon,False,1.0,0.0,0.0,0.0,1.0,0.0
1436056,"Khaled Al Teris, Saudi Arabia",UTC,2026-01-18 17:30:00+00:00,1768757400,1768757400.0,1768761000.0,1374.0,Prince Faisal bin Fahd Stadium,Riyadh,Match Finished,FT,90.0,14.0,307,Pro League,Saudi-Arabia,2025,Regular Season - 16,True,10511,Al Riyadh,False,2936,Al Taawon,True,1.0,3.0,0.0,2.0,1.0,3.0
1603069,,UTC,2026-10-24 18:00:00+00:00,1792864800,,,1374.0,Prince Faisal bin Fahd Stadium,Riyadh,Not Started,NS,,,307,Pro League,Saudi-Arabia,2026,Regular Season - 11,True,10511,Al Riyadh,,2936,Al Taawon,,,,,,,
1435986,"Khalid Al-Ahmari, Saudi Arabia",UTC,2025-11-23 17:30:00+00:00,1763919000,1763919000.0,1763922600.0,1377.0,Al Taawon Arena,Buraidah,Match Finished,FT,90.0,,307,Pro League,Saudi-Arabia,2025,Regular Season - 9,True,2936,Al Taawon,,10513,NEOM,,1.0,1.0,0.0,0.0,1.0,1.0
1603259,,UTC,2027-05-20 18:00:00+00:00,1810836000,,,,Al Taawon Arena,Buraidah,Not Started,NS,,,307,Pro League,Saudi-Arabia,2026,Regular Season - 32,True,2936,Al Taawon,,10513,NEOM,,,,,,,
1436145,M. Al Ismail,UTC,2026-03-12 19:00:00+00:00,1773342000,1773342000.0,1773345600.0,,King Khalid Sports City,Tabuk,Match Finished,FT,90.0,8.0,307,Pro League,Saudi-Arabia,2025,Regular Season - 26,True,10513,NEOM,,2936,Al Taawon,,2.0,2.0,1.0,0.0,2.0,2.0
1603106,,UTC,2026-11-26 17:00:00+00:00,1795712400,,,,King Khalid Sports City,Tabuk,Not Started,NS,,,307,Pro League,Saudi-Arabia,2026,Regular Season - 15,True,10513,NEOM,,2936,Al Taawon,,,,,,,
1603205,,UTC,2027-04-15 18:00:00+00:00,1807812000,,,,Al Taawon Arena,Buraidah,Not Started,NS,,,307,Pro League,Saudi-Arabia,2026,Regular Season - 26,True,2936,Al Taawon,,26738,Al Diriyah,,,,,,,
1603045,,UTC,2026-10-17 18:00:00+00:00,1792260000,,,,Prince Turki bin Abdul Aziz Stadium,Riyadh,Not Started,NS,,,307,Pro League,Saudi-Arabia,2026,Regular Season - 9,True,26738,Al Diriyah,,2936,Al Taawon,,,,,,,
110185,,UTC,2017-02-11 16:15:00+00:00,1486829700,1486829700.0,1486833300.0,10517.0,King Abdullah Sport City Stadium,Buraidah,Match Finished,FT,90.0,,307,Pro League,Saudi-Arabia,2016,Regular Season - 18,True,2936,Al Taawon,False,2938,Al-Ittihad FC,True,1.0,2.0,0.0,0.0,1.0,2.0
110466,Abdulrahman Al Sultan,UTC,2017-09-28 17:15:00+00:00,1506618900,1506618900.0,1506622500.0,10517.0,King Abdullah Sport City Stadium,Buraidah,Match Finished,FT,90.0,,307,Pro League,Saudi-Arabia,2017,Regular Season - 5,True,2936,Al Taawon,False,2938,Al-Ittihad FC,True,1.0,2.0,0.0,1.0,1.0,2.0
151713,S. Evans,UTC,2018-09-20 15:45:00+00:00,1537458300,1537458300.0,1537461900.0,10517.0,King Abdullah Sport City Stadium,Buraidah,Match Finished,FT,90.0,,307,Pro League,Saudi-Arabia,2018,Regular Season - 3,True,2936,Al Taawon,True,2938,Al-Ittihad FC,False,5.0,3.0,2.0,2.0,5.0,3.0
312866,S. Kovacs,UTC,2020-02-05 14:25:00+00:00,1580912700,1580912700.0,1580916300.0,10517.0,King Abdullah Sport City Stadium,Buraidah,Match Finished,FT,90.0,,307,Pro League,Saudi-Arabia,2019,Regular Season - 17,True,2936,Al Taawon,False,2938,Al-Ittihad FC,True,1.0,2.0,1.0,2.0,1.0,2.0
336077,,UTC,2019-05-02 17:30:00+00:00,1556818200,1556818200.0,1556821800.0,1361.0,King Fahd International Stadium,Riyadh,Match Finished,FT,90.0,,504,King's Cup,Saudi-Arabia,2019,Final,False,2936,Al Taawon,True,2938,Al-Ittihad FC,False,2.0,1.0,0.0,1.0,2.0,1.0
657792,Mohammed Al Qarni,UTC,2021-02-18 11:55:00+00:00,1613649300,1613649300.0,1613652900.0,10517.0,King Abdullah bin Abdulaziz City,Buraidah,Match Finished,FT,90.0,,307,Pro League,Saudi-Arabia,2020,Regular Season - 19,True,2936,Al Taawon,False,2938,Al-Ittihad FC,True,1.0,2.0,1.0,0.0,1.0,2.0
819548,N. Dabanović,UTC,2022-02-21 13:00:00+00:00,1645448400,1645448400.0,1645452000.0,10517.0,King Abdullah Sport City Stadium,Buraidah,Match Finished,FT,90.0,,504,King's Cup,Saudi-Arabia,2022,Quarter-finals,False,2936,Al Taawon,False,2938,Al-Ittihad FC,True,1.0,2.0,0.0,0.0,1.0,2.0
824995,Mohammed Al Hoaish,UTC,2022-02-17 14:35:00+00:00,1645108500,1645108500.0,1645112100.0,10517.0,King Abdullah Sport City Stadium,Buraidah,Match Finished,FT,90.0,,307,Pro League,Saudi-Arabia,2021,Regular Season - 21,True,2936,Al Taawon,,2938,Al-Ittihad FC,,1.0,1.0,0.0,1.0,1.0,1.0
976728,B. Dankert,UTC,2023-05-03 16:00:00+00:00,1683129600,1683129600.0,1683133200.0,1377.0,King Abdullah Sport City Stadium,Buraidah,Match Finished,FT,90.0,,307,Pro League,Saudi-Arabia,2022,Regular Season - 25,True,2936,Al Taawon,True,2938,Al-Ittihad FC,False,2.0,1.0,1.0,0.0,2.0,1.0
1074322,G. Kabakov,UTC,2023-10-20 15:00:00+00:00,1697814000,1697814000.0,1697817600.0,1377.0,King Abdullah Sport City Stadium,Buraidah,Match Finished,FT,90.0,,307,Pro League,Saudi-Arabia,2023,Regular Season - 10,True,2936,Al Taawon,,2938,Al-Ittihad FC,,1.0,1.0,1.0,1.0,1.0,1.0
1252582,S. Ivanov,UTC,2025-02-06 17:00:00+00:00,1738861200,1738861200.0,1738864800.0,1377.0,King Abdullah Sport City Stadium,Buraidah,Match Finished,FT,90.0,12.0,307,Pro League,Saudi-Arabia,2024,Regular Season - 19,True,2936,Al Taawon,False,2938,Al-Ittihad FC,True,1.0,2.0,1.0,1.0,1.0,2.0
1436176,S. Al Hunfush,UTC,2026-04-29 16:10:00+00:00,1777479000,1777479000.0,1777482600.0,1377.0,Al Taawon Arena,Buraidah,Match Finished,FT,90.0,2.0,307,Pro League,Saudi-Arabia,2025,Regular Season - 30,True,2936,Al Taawon,False,2938,Al-Ittihad FC,True,0.0,2.0,0.0,1.0,0.0,2.0
1603277,,UTC,2027-05-28 18:00:00+00:00,1811527200,,,,Al Taawon Arena,Buraidah,Not Started,NS,,,307,Pro League,Saudi-Arabia,2026,Regular Season - 34,True,2936,Al Taawon,,2938,Al-Ittihad FC,,,,,,,
110278,,UTC,2016-10-14 17:15:00+00:00,1476465300,1476465300.0,1476468900.0,1364.0,King Abdullah Sports City,Jeddah,Match Finished,FT,90.0,,307,Pro League,Saudi-Arabia,2016,Regular Season - 5,True,2938,Al-Ittihad FC,True,2936,Al Taawon,False,3.0,1.0,0.0,0.0,3.0,1.0
110341,,UTC,2018-03-05 16:30:00+00:00,1520267400,1520267400.0,1520271000.0,,King Abdullah Sports City (Jeddah),,Match Finished,FT,90.0,,307,Pro League,Saudi-Arabia,2017,Regular Season - 18,True,2938,Al-Ittihad FC,False,2936,Al Taawon,True,2.0,5.0,1.0,3.0,2.0,5.0
151846,"Ravshan Irmatov, Uzbekistan",UTC,2019-02-09 16:15:00+00:00,1549728900,1549728900.0,1549732500.0,1364.0,King Abdullah Sports City,Jeddah,Match Finished,FT,90.0,,307,Pro League,Saudi-Arabia,2018,Regular Season - 19,True,2938,Al-Ittihad FC,,2936,Al Taawon,,0.0,0.0,0.0,0.0,0.0,0.0
234792,A. Sidiropoulos,UTC,2019-10-01 17:10:00+00:00,1569949800,1569949800.0,1569953400.0,1364.0,King Abdullah Sports City,Jeddah,Match Finished,FT,90.0,,307,Pro League,Saudi-Arabia,2019,Regular Season - 2,True,2938,Al-Ittihad FC,True,2936,Al Taawon,False,3.0,1.0,2.0,0.0,3.0,1.0
635895,Mohammed Al Qarni,UTC,2020-11-06 15:45:00+00:00,1604677500,1604677500.0,1604681100.0,1364.0,King Abdullah Sports City,Jeddah,Match Finished,FT,90.0,,307,Pro League,Saudi-Arabia,2020,Regular Season - 4,True,2938,Al-Ittihad FC,,2936,Al Taawon,,1.0,1.0,0.0,0.0,1.0,1.0
740008,Sami Al Jires,UTC,2021-09-24 17:25:00+00:00,1632504300,1632504300.0,1632507900.0,1364.0,King Abdullah Sports City,Jeddah,Match Finished,FT,90.0,,307,Pro League,Saudi-Arabia,2021,Regular Season - 6,True,2938,Al-Ittihad FC,,2936,Al Taawon,,1.0,1.0,1.0,0.0,1.0,1.0
931983,S. Jablonski,UTC,2022-12-26 14:00:00+00:00,1672063200,1672063200.0,1672066800.0,1364.0,King Abdullah Sports City,Jeddah,Match Finished,FT,90.0,,307,Pro League,Saudi-Arabia,2022,Regular Season - 10,True,2938,Al-Ittihad FC,True,2936,Al Taawon,False,3.0,0.0,1.0,0.0,3.0,0.0
1074473,César Soto,UTC,2024-04-05 19:00:00+00:00,1712343600,1712343600.0,1712347200.0,1364.0,King Abdullah Sports City,Jeddah,Match Finished,FT,90.0,,307,Pro League,Saudi-Arabia,2023,Regular Season - 27,True,2938,Al-Ittihad FC,,2936,Al Taawon,,0.0,0.0,0.0,0.0,0.0,0.0
1252436,I. Kružliak,UTC,2024-08-29 18:00:00+00:00,1724954400,1724954400.0,1724958000.0,1364.0,King Abdullah Sports City,Jeddah,Match Finished,FT,90.0,,307,Pro League,Saudi-Arabia,2024,Regular Season - 2,True,2938,Al-Ittihad FC,True,2936,Al Taawon,False,2.0,1.0,0.0,0.0,2.0,1.0
1436022,"Mohamed Al Smaail, Saudi Arabia",UTC,2026-01-03 17:30:00+00:00,1767461400,1767461400.0,1767465000.0,1364.0,King Abdullah Sports City,Jeddah,Match Finished,FT,90.0,8.0,307,Pro League,Saudi-Arabia,2025,Regular Season - 13,True,2938,Al-Ittihad FC,True,2936,Al Taawon,False,1.0,0.0,0.0,0.0,1.0,0.0
1603120,,UTC,2026-12-10 17:00:00+00:00,1796922000,,,1364.0,King Abdullah Sports City,Jeddah,Not Started,NS,,,307,Pro League,Saudi-Arabia,2026,Regular Season - 17,True,2938,Al-Ittihad FC,,2936,Al Taawon,,,,,,,
110243,,UTC,2016-11-25 13:50:00+00:00,1480081800,1480081800.0,1480085400.0,10517.0,King Abdullah Sport City Stadium,Buraidah,Match Finished,FT,90.0,,307,Pro League,Saudi-Arabia,2016,Regular Season - 10,True,2936,Al Taawon,True,2939,Al-Nassr,False,2.0,1.0,2.0,0.0,2.0,1.0
110373,,UTC,2018-01-30 14:25:00+00:00,1517322300,1517322300.0,1517325900.0,,Prince Abdullah bin Abdul Aziz Stadium (King Abdullah Sport City Stadium) (Buraydah (Buraidah)),,Match Finished,FT,90.0,,307,Pro League,Saudi-Arabia,2017,Regular Season - 19,True,2936,Al Taawon,True,2939,Al-Nassr,False,1.0,0.0,0.0,0.0,1.0,0.0
151833,"Damir Skomina, Slovenia",UTC,2019-02-02 16:15:00+00:00,1549124100,1549124100.0,1549127700.0,10517.0,King Abdullah Sport City Stadium,Buraidah,Match Finished,FT,90.0,,307,Pro League,Saudi-Arabia,2018,Regular Season - 18,True,2936,Al Taawon,True,2939,Al-Nassr,False,3.0,1.0,2.0,1.0,3.0,1.0
312940,N. Pitana,UTC,2020-08-20 16:10:00+00:00,1597939800,1597939800.0,1597943400.0,10517.0,King Abdullah bin Abdulaziz City,Buraidah,Match Finished,FT,90.0,,307,Pro League,Saudi-Arabia,2019,Regular Season - 26,True,2936,Al Taawon,False,2939,Al-Nassr,True,1.0,4.0,0.0,2.0,1.0,4.0
635876,Mohammed Al Hoaish,UTC,2020-10-22 15:05:00+00:00,1603379100,1603379100.0,1603382700.0,10517.0,King Abdullah bin Abdulaziz City,Buraidah,Match Finished,FT,90.0,,307,Pro League,Saudi-Arabia,2020,Regular Season - 2,True,2936,Al Taawon,True,2939,Al-Nassr,False,1.0,0.0,0.0,0.0,1.0,0.0
813346,Braulio da Silva Machado,UTC,2022-01-21 11:40:00+00:00,1642765200,1642765200.0,1642768800.0,10517.0,King Abdullah bin Abdulaziz City,Buraidah,Match Finished,FT,90.0,,307,Pro League,Saudi-Arabia,2021,Regular Season - 18,True,2936,Al Taawon,False,2939,Al-Nassr,True,0.0,1.0,0.0,0.0,0.0,1.0
931920,K. Ortega,UTC,2022-09-03 16:00:00+00:00,1662220800,1662220800.0,1662224400.0,1377.0,King Abdullah Sport City Stadium,Buraidah,Match Finished,FT,90.0,,307,Pro League,Saudi-Arabia,2022,Regular Season - 2,True,2936,Al Taawon,True,2939,Al-Nassr,False,1.0,0.0,0.0,0.0,1.0,0.0
1074408,Mohammed Al Hoish,UTC,2023-12-30 18:00:00+00:00,1703959200,1703959200.0,1703962800.0,1377.0,King Abdullah Sport City Stadium,Buraidah,Match Finished,FT,90.0,,307,Pro League,Saudi-Arabia,2023,Regular Season - 19,True,2936,Al Taawon,False,2939,Al-Nassr,True,1.0,4.0,1.0,2.0,1.0,4.0
1232386,D. Massa,UTC,2024-08-14 16:15:00+00:00,1723652100,1723652100.0,1723655700.0,10516.0,Prince Sultan bin Abdulaziz Sports City Stadium,Abha,Match Finished,FT,90.0,,826,Super Cup,Saudi-Arabia,2025,Semi-finals,False,2936,Al Taawon,False,2939,Al-Nassr,True,0.0,2.0,0.0,1.0,0.0,2.0
1252549,W. Roldán,UTC,2025-01-17 17:00:00+00:00,1737133200,1737133200.0,1737136800.0,1377.0,King Abdullah Sport City Stadium,Buraidah,Match Finished,FT,90.0,14.0,307,Pro League,Saudi-Arabia,2024,Regular Season - 15,True,2936,Al Taawon,,2939,Al-Nassr,,1.0,1.0,1.0,0.0,1.0,1.0
1435918,A. Al Shehri,UTC,2025-08-29 18:00:00+00:00,1756490400,1756490400.0,1756494000.0,1377.0,Al Taawon Arena,Buraidah,Match Finished,FT,90.0,3.0,307,Pro League,Saudi-Arabia,2025,Regular Season - 1,True,2936,Al Taawon,False,2939,Al-Nassr,True,0.0,5.0,0.0,1.0,0.0,5.0
1603159,,UTC,2027-02-25 19:00:00+00:00,1803582000,,,,Al Taawon Arena,Buraidah,Not Started,NS,,,307,Pro League,Saudi-Arabia,2026,Regular Season - 21,True,2936,Al Taawon,,2939,Al-Nassr,,,,,,,
110150,,UTC,2017-04-15 17:45:00+00:00,1492278300,1492278300.0,1492281900.0,,King Fahd Stadium,Riyadh,Match Finished,FT,90.0,,307,Pro League,Saudi-Arabia,2016,Regular Season - 23,True,2939,Al-Nassr,True,2936,Al Taawon,False,2.0,1.0,0.0,1.0,2.0,1.0
110455,Shukri Al Hanfosh,UTC,2017-10-15 17:00:00+00:00,1508086800,1508086800.0,1508090400.0,,King Fahd Stadium,Riyadh,Match Finished,FT,90.0,,307,Pro League,Saudi-Arabia,2017,Regular Season - 6,True,2939,Al-Nassr,True,2936,Al Taawon,False,2.0,1.0,1.0,1.0,2.0,1.0
151720,D. Skomina,UTC,2018-09-24 17:10:00+00:00,1537809000,1537809000.0,1537812600.0,1374.0,Prince Faisal bin Fahd Stadium,Riyadh,Match Finished,FT,90.0,,307,Pro League,Saudi-Arabia,2018,Regular Season - 4,True,2939,Al-Nassr,True,2936,Al Taawon,False,1.0,0.0,0.0,0.0,1.0,0.0
234858,B. Kuipers,UTC,2019-12-13 15:45:00+00:00,1576251900,1576251900.0,1576255500.0,1374.0,Prince Faisal bin Fahd Stadium,Riyadh,Match Finished,FT,90.0,,307,Pro League,Saudi-Arabia,2019,Regular Season - 11,True,2939,Al-Nassr,True,2936,Al Taawon,False,2.0,1.0,2.0,1.0,2.0,1.0
635123,Ali Sabah Al Qaysi,UTC,2020-09-27 17:45:00+00:00,1601228700,1601228700.0,1601232300.0,,Education City Stadium,Ar-Rayyan,Match Finished,FT,90.0,,17,AFC Champions League,World,2020,8th Finals,True,2939,Al-Nassr,True,2936,Al Taawon,False,1.0,0.0,0.0,0.0,1.0,0.0
657774,Sultan Al-Harbi,UTC,2021-02-04 16:15:00+00:00,1612455300,1612455300.0,1612458900.0,1369.0,King Saud University Stadium,Riyadh,Match Finished,FT,90.0,,307,Pro League,Saudi-Arabia,2020,Regular Season - 17,True,2939,Al-Nassr,True,2936,Al Taawon,False,3.0,0.0,1.0,0.0,3.0,0.0
739985,A. Matonte,UTC,2021-08-26 17:45:00+00:00,1629999900,1629999900.0,1630003500.0,12277.0,Mrsool Park,Riyadh,Match Finished,FT,90.0,,307,Pro League,Saudi-Arabia,2021,Regular Season - 3,True,2939,Al-Nassr,True,2936,Al Taawon,False,3.0,1.0,0.0,0.0,3.0,1.0
976661,Faisal Alblwi,UTC,2023-02-17 14:00:00+00:00,1676642400,1676642400.0,1676646000.0,12277.0,Mrsool Park,Riyadh,Match Finished,FT,90.0,,307,Pro League,Saudi-Arabia,2022,Regular Season - 17,True,2939,Al-Nassr,True,2936,Al Taawon,False,2.0,1.0,1.0,0.0,2.0,1.0
1074252,Khaled Al Teris,UTC,2023-08-18 18:00:00+00:00,1692381600,1692381600.0,1692385200.0,1374.0,Al Awal Park at King Saud University,Riyadh,Match Finished,FT,90.0,,307,Pro League,Saudi-Arabia,2023,Regular Season - 2,True,2939,Al-Nassr,False,2936,Al Taawon,True,0.0,2.0,0.0,1.0,0.0,2.0
1252699,Rafael Rodrigo Klein,UTC,2025-05-16 18:00:00+00:00,1747418400,1747418400.0,1747422000.0,19933.0,Al-Awwal Park,Riyadh,Match Finished,FT,90.0,14.0,307,Pro League,Saudi-Arabia,2024,Regular Season - 32,True,2939,Al-Nassr,,2936,Al Taawon,,1.0,1.0,0.0,0.0,1.0,1.0
1309271,R. Obrenović,UTC,2024-10-29 17:30:00+00:00,1730223000,1730223000.0,1730226600.0,19933.0,Al Awal Park at King Saud University,Riyadh,Match Finished,FT,90.0,13.0,504,King's Cup,Saudi-Arabia,2025,Round of 16,False,2939,Al-Nassr,False,2936,Al Taawon,True,0.0,1.0,0.0,0.0,0.0,1.0
1436070,M. Al Shamrani,UTC,2026-01-26 17:30:00+00:00,1769448600,1769448600.0,1769452200.0,,King Saud University Stadium,Riyadh,Match Finished,FT,90.0,7.0,307,Pro League,Saudi-Arabia,2025,Regular Season - 18,True,2939,Al-Nassr,True,2936,Al Taawon,False,1.0,0.0,1.0,0.0,1.0,0.0
1603001,"Abdullah Dhafer Al-Shehri, Saudi Arabia",UTC,2026-08-28 18:00:00+00:00,1787940000,1787940000.0,1787943600.0,,Al-Awwal Park,Riyadh,Match Finished,FT,90.0,,307,Pro League,Saudi-Arabia,2026,Regular Season - 4,True,2939,Al-Nassr,True,2936,Al Taawon,False,2.0,1.0,1.0,1.0,2.0,1.0
110196,,UTC,2017-02-01 14:25:00+00:00,1485959100,1485959100.0,1485962700.0,10517.0,King Abdullah Sport City Stadium,Buraidah,Match Finished,FT,90.0,,307,Pro League,Saudi-Arabia,2016,Regular Season - 17,True,2936,Al Taawon,True,2940,Al Shabab,False,2.0,0.0,1.0,0.0,2.0,0.0
110324,,UTC,2018-04-06 17:40:00+00:00,1523036400,1523036400.0,1523040000.0,,Prince Abdullah bin Abdul Aziz Stadium (King Abdullah Sport City Stadium) (Buraydah (Buraidah)),,Match Finished,FT,90.0,,307,Pro League,Saudi-Arabia,2017,Regular Season - 25,True,2936,Al Taawon,True,2940,Al Shabab,False,2.0,1.0,1.0,1.0,2.0,1.0
151729,D. Skomina,UTC,2018-10-05 15:25:00+00:00,1538753100,1538753100.0,1538756700.0,10517.0,King Abdullah Sport City Stadium,Buraidah,Match Finished,FT,90.0,,307,Pro League,Saudi-Arabia,2018,Regular Season - 5,True,2936,Al Taawon,,2940,Al Shabab,,1.0,1.0,0.0,1.0,1.0,1.0
234847,Hugo Miguel,UTC,2019-11-02 14:00:00+00:00,1572703200,1572703200.0,1572706800.0,10517.0,King Abdullah Sport City Stadium,Buraidah,Match Finished,FT,90.0,,307,Pro League,Saudi-Arabia,2019,Regular Season - 9,True,2936,Al Taawon,True,2940,Al Shabab,False,3.0,1.0,1.0,0.0,3.0,1.0
336069,,UTC,2019-01-23 15:20:00+00:00,1548256800,1548256800.0,1548260400.0,,Prince Abdullah bin Abdul Aziz Stadium,Buraidah,Match Finished,FT,90.0,,504,King's Cup,Saudi-Arabia,2019,8th Finals,False,2936,Al Taawon,True,2940,Al Shabab,False,3.0,0.0,3.0,0.0,3.0,0.0
635938,Faisal Alblwi,UTC,2020-12-21 13:55:00+00:00,1608558900,1608558900.0,1608562500.0,10517.0,King Abdullah bin Abdulaziz City,Buraidah,Match Finished,FT,90.0,,307,Pro League,Saudi-Arabia,2020,Regular Season - 9,True,2936,Al Taawon,True,2940,Al Shabab,False,4.0,0.0,1.0,0.0,4.0,0.0
852014,Majed Alshamrani,UTC,2022-06-23 18:00:00+00:00,1656007200,1656007200.0,1656010800.0,10517.0,King Abdullah Sport City Stadium,Buraidah,Match Finished,FT,90.0,,307,Pro League,Saudi-Arabia,2021,Regular Season - 29,True,2936,Al Taawon,,2940,Al Shabab,,1.0,1.0,0.0,1.0,1.0,1.0
932010,Shukri Al Hanfosh,UTC,2023-01-20 16:30:00+00:00,1674232200,1674232200.0,1674235800.0,1377.0,King Abdullah Sport City Stadium,Buraidah,Match Finished,FT,90.0,,307,Pro League,Saudi-Arabia,2022,Regular Season - 14,True,2936,Al Taawon,,2940,Al Shabab,,1.0,1.0,0.0,1.0,1.0,1.0
1074524,Sami Al Jires,UTC,2024-05-18 16:20:00+00:00,1716049200,1716049200.0,1716052800.0,1377.0,Al Taawon Club Stadium,Buraidah,Match Finished,FT,90.0,,307,Pro League,Saudi-Arabia,2023,Regular Season - 32,True,2936,Al Taawon,True,2940,Al Shabab,False,1.0,0.0,0.0,0.0,1.0,0.0
1252605,Faisal Alblwi,UTC,2025-02-22 14:05:00+00:00,1740233100,1740233100.0,1740236700.0,1377.0,Al Taawoun Club Stadium,Buraidah,Match Finished,FT,90.0,9.0,307,Pro League,Saudi-Arabia,2024,Regular Season - 21,True,2936,Al Taawon,,2940,Al Shabab,,2.0,2.0,1.0,2.0,2.0,2.0
1436036,"Majed Mohammed Al-Shamrani, Saudi Arabia",UTC,2026-01-09 15:05:00+00:00,1767971100,1767971100.0,1767974700.0,1377.0,Al Taawon Arena,Buraidah,Match Finished,FT,90.0,6.0,307,Pro League,Saudi-Arabia,2025,Regular Season - 14,True,2936,Al Taawon,True,2940,Al Shabab,False,2.0,0.0,2.0,0.0,2.0,0.0
1603195,,UTC,2027-04-08 18:00:00+00:00,1807207200,,,,Al Taawon Arena,Buraidah,Not Started,NS,,,307,Pro League,Saudi-Arabia,2026,Regular Season - 25,True,2936,Al Taawon,,2940,Al Shabab,,,,,,,
110284,,UTC,2016-09-23 15:30:00+00:00,1474644600,1474644600.0,1474648200.0,1374.0,Prince Faisal bin Fahd Stadium,Riyadh,Match Finished,FT,90.0,,307,Pro League,Saudi-Arabia,2016,Regular Season - 4,True,2940,Al Shabab,,2936,Al Taawon,,2.0,2.0,1.0,0.0,2.0,2.0
110419,T. Bognár,UTC,2017-11-30 13:45:00+00:00,1512049500,1512049500.0,1512053100.0,1374.0,Prince Faisal bin Fahd Stadium,Riyadh,Match Finished,FT,90.0,,307,Pro League,Saudi-Arabia,2017,Regular Season - 12,True,2940,Al Shabab,True,2936,Al Taawon,False,2.0,1.0,2.0,0.0,2.0,1.0
151924,"Pavel Kralovec, Czech Republic",UTC,2019-05-11 19:30:00+00:00,1557603000,1557603000.0,1557606600.0,1374.0,Prince Faisal bin Fahd Stadium,Riyadh,Match Finished,FT,90.0,,307,Pro League,Saudi-Arabia,2018,Regular Season - 29,True,2940,Al Shabab,,2936,Al Taawon,,0.0,0.0,0.0,0.0,0.0,0.0
312924,T. Bognár,UTC,2020-08-10 16:05:00+00:00,1597075500,1597075500.0,1597079100.0,,Al-Shabab Club Stadium,Riyadh,Match Finished,FT,90.0,,307,Pro League,Saudi-Arabia,2019,Regular Season - 24,True,2940,Al Shabab,True,2936,Al Taawon,False,1.0,0.0,0.0,0.0,1.0,0.0
657828,Majed Al Shamrani,UTC,2021-03-20 14:40:00+00:00,1616251200,1616251200.0,1616254800.0,,Al-Shabab Club Stadium,Riyadh,Match Finished,FT,90.0,,307,Pro League,Saudi-Arabia,2020,Regular Season - 24,True,2940,Al Shabab,False,2936,Al Taawon,True,1.0,3.0,0.0,2.0,1.0,3.0
740071,O. Hațegan,UTC,2021-12-27 13:50:00+00:00,1640613000,1640613000.0,1640616600.0,1374.0,Prince Faisal bin Fahd Stadium,Riyadh,Match Finished,FT,90.0,,307,Pro League,Saudi-Arabia,2021,Regular Season - 14,True,2940,Al Shabab,True,2936,Al Taawon,False,3.0,1.0,2.0,1.0,3.0,1.0
976761,Sultan Alharbi,UTC,2023-05-27 18:00:00+00:00,1685210400,1685210400.0,1685214000.0,1374.0,Prince Faisal bin Fahd Stadium,Riyadh,Match Finished,FT,90.0,,307,Pro League,Saudi-Arabia,2022,Regular Season - 29,True,2940,Al Shabab,False,2936,Al Taawon,True,0.0,3.0,0.0,1.0,0.0,3.0
1074372,A. Sidiropoulos,UTC,2023-12-02 18:00:00+00:00,1701540000,1701540000.0,1701543600.0,,Al-Shabab Club Stadium,Riyadh,Match Finished,FT,90.0,,307,Pro League,Saudi-Arabia,2023,Regular Season - 15,True,2940,Al Shabab,False,2936,Al Taawon,True,1.0,2.0,1.0,0.0,1.0,2.0
1252454,Mohammed Al-Ismail,UTC,2024-09-21 15:30:00+00:00,1726932600,1726932600.0,1726936200.0,,Al-Shabab Club Stadium,Riyadh,Match Finished,FT,90.0,8.0,307,Pro League,Saudi-Arabia,2024,Regular Season - 4,True,2940,Al Shabab,True,2936,Al Taawon,False,1.0,0.0,1.0,0.0,1.0,0.0
1436186,A. Y. Zarban,UTC,2026-05-03 16:00:00+00:00,1777824000,1777824000.0,1777827600.0,1374.0,Al-Shabab Club Stadium,Riyadh,Match Finished,FT,90.0,3.0,307,Pro League,Saudi-Arabia,2025,Regular Season - 31,True,2940,Al Shabab,False,2936,Al Taawon,True,1.0,5.0,1.0,2.0,1.0,5.0
1603043,,UTC,2026-10-11 18:00:00+00:00,1791741600,,,,Al-Shabab Club Stadium,Riyadh,Not Started,NS,,,307,Pro League,Saudi-Arabia,2026,Regular Season - 8,True,2940,Al Shabab,,2936,Al Taawon,,,,,,,
110388,Shukri Al Hanfosh,UTC,2017-12-29 11:20:00+00:00,1514546400,1514546400.0,1514550000.0,,Prince Abdullah bin Abdul Aziz Stadium (King Abdullah Sport City Stadium) (Buraydah (Buraidah)),,Match Finished,FT,90.0,,307,Pro League,Saudi-Arabia,2017,Regular Season - 16,True,2936,Al Taawon,True,2944,Al-Fayha,False,4.0,0.0,2.0,0.0,4.0,0.0
151794,"Svein Oddvar Moen, Norway",UTC,2018-12-14 11:15:00+00:00,1544786100,1544786100.0,1544789700.0,10517.0,King Abdullah Sport City Stadium,Buraidah,Match Finished,FT,90.0,,307,Pro League,Saudi-Arabia,2018,Regular Season - 13,True,2936,Al Taawon,True,2944,Al-Fayha,False,3.0,0.0,1.0,0.0,3.0,0.0
312970,,UTC,2020-09-09 17:35:00+00:00,1599672900,1599672900.0,1599676500.0,10517.0,King Abdullah Sport City Stadium,Buraidah,Match Finished,FT,90.0,,307,Pro League,Saudi-Arabia,2019,Regular Season - 30,True,2936,Al Taawon,True,2944,Al-Fayha,False,1.0,0.0,0.0,0.0,1.0,0.0
740064,V. Gomes,UTC,2021-11-26 13:50:00+00:00,1637934600,1637934600.0,1637938200.0,10517.0,King Abdullah bin Abdulaziz City,Buraidah,Match Finished,FT,90.0,,307,Pro League,Saudi-Arabia,2021,Regular Season - 13,True,2936,Al Taawon,,2944,Al-Fayha,,1.0,1.0,0.0,0.0,1.0,1.0
976667,Majed Alshamrani,UTC,2023-02-23 12:00:00+00:00,1677153600,1677153600.0,1677157200.0,1377.0,King Abdullah Sport City Stadium,Buraidah,Match Finished,FT,90.0,,307,Pro League,Saudi-Arabia,2022,Regular Season - 18,True,2936,Al Taawon,,2944,Al-Fayha,,1.0,1.0,0.0,1.0,1.0,1.0
1074379,Sami Al Jires,UTC,2023-12-08 15:00:00+00:00,1702047600,1702047600.0,1702051200.0,1377.0,Al Taawon Club Stadium,Buraidah,Match Finished,FT,90.0,,307,Pro League,Saudi-Arabia,2023,Regular Season - 16,True,2936,Al Taawon,True,2944,Al-Fayha,False,4.0,1.0,2.0,1.0,4.0,1.0
1252419,Abdallah Dafar,UTC,2024-08-22 16:10:00+00:00,1724343000,1724343000.0,1724346600.0,19934.0,Al Taawon Club Stadium,Buraidah,Match Finished,FT,90.0,,307,Pro League,Saudi-Arabia,2024,Regular Season - 1,True,2936,Al Taawon,True,2944,Al-Fayha,False,1.0,0.0,0.0,0.0,1.0,0.0
1436113,A. Al Harbi,UTC,2026-02-20 19:00:00+00:00,1771614000,1771614000.0,1771617600.0,1377.0,Al Taawon Arena,Buraidah,Match Finished,FT,90.0,11.0,307,Pro League,Saudi-Arabia,2025,Regular Season - 23,True,2936,Al Taawon,False,2944,Al-Fayha,True,2.0,3.0,0.0,1.0,2.0,3.0
1602993,"Shukri Alhunfush, Saudi Arabia",UTC,2026-08-25 16:10:00+00:00,1787674200,1787674200.0,1787677800.0,,Wolves Park Stadium,Buraidah,Match Finished,FT,90.0,7.0,307,Pro League,Saudi-Arabia,2026,Regular Season - 3,True,2936,Al Taawon,,2944,Al-Fayha,,0.0,0.0,0.0,0.0,0.0,0.0
110477,,UTC,2017-09-16 15:40:00+00:00,1505576400,1505576400.0,1505580000.0,,Prince Salman Bin Abdulaziz Sport City Stadium,Al Majma'ah,Match Finished,FT,90.0,,307,Pro League,Saudi-Arabia,2017,Regular Season - 3,True,2944,Al-Fayha,,2936,Al Taawon,,1.0,1.0,0.0,0.0,1.0,1.0
151901,"Damir Skomina, Slovenia",UTC,2019-04-06 15:55:00+00:00,1554566100,1554566100.0,1554569700.0,,Prince Salman Bin Abdulaziz Sport City Stadium,Al Majma'ah,Match Finished,FT,90.0,,307,Pro League,Saudi-Arabia,2018,Regular Season - 26,True,2944,Al-Fayha,True,2936,Al Taawon,False,2.0,1.0,1.0,1.0,2.0,1.0
234889,Faisal Alblwi,UTC,2020-01-24 11:35:00+00:00,1579865700,1579865700.0,1579869300.0,1367.0,Al Majma'ah Sports City Stadium,Al Majma'ah,Match Finished,FT,90.0,,307,Pro League,Saudi-Arabia,2019,Regular Season - 15,True,2944,Al-Fayha,,2936,Al Taawon,,2.0,2.0,1.0,2.0,2.0,2.0
687754,Abdullah Al Nuhait,UTC,2017-09-09 15:50:00+00:00,1504972200,1504972200.0,1504975800.0,1367.0,Al Majma'ah Sports City Stadium,Al Majma'ah,Match Finished,FT,90.0,,827,Crown Prince Cup,Saudi-Arabia,2017,Round of 16,False,2944,Al-Fayha,True,2936,Al Taawon,False,1.0,0.0,1.0,0.0,1.0,0.0
852005,Sultan Alharbi,UTC,2022-05-29 16:20:00+00:00,1653841200,1653841200.0,1653844800.0,1367.0,Al Majma'ah Sports City Stadium,Al Majma'ah,Match Finished,FT,90.0,,307,Pro League,Saudi-Arabia,2021,Regular Season - 28,True,2944,Al-Fayha,False,2936,Al Taawon,True,0.0,1.0,0.0,1.0,0.0,1.0
931928,Shukri Al Hanfosh,UTC,2022-09-10 15:45:00+00:00,1662824700,1662824700.0,1662828300.0,1367.0,Al Majma'ah Sports City Stadium,Al Majma'ah,Match Finished,FT,90.0,,307,Pro League,Saudi-Arabia,2022,Regular Season - 3,True,2944,Al-Fayha,,2936,Al Taawon,,1.0,1.0,0.0,0.0,1.0,1.0
1074532,Abdullah Al-Kharbosh,UTC,2024-05-23 18:00:00+00:00,1716487200,1716487200.0,1716490800.0,1367.0,Al Majma'ah Sports City Stadium,Al Majma'ah,Match Finished,FT,90.0,,307,Pro League,Saudi-Arabia,2023,Regular Season - 33,True,2944,Al-Fayha,,2936,Al Taawon,,1.0,1.0,1.0,1.0,1.0,1.0
1252572,Fareeh Al Jaloud,UTC,2025-01-31 13:45:00+00:00,1738331100,1738331100.0,1738334700.0,1367.0,Al Majma'ah Sports City Stadium,Al Majma'ah,Match Finished,FT,90.0,5.0,307,Pro League,Saudi-Arabia,2024,Regular Season - 18,True,2944,Al-Fayha,,2936,Al Taawon,,0.0,0.0,0.0,0.0,0.0,0.0
1435959,"Abdullah Al-Owaidan, Saudi Arabia",UTC,2025-10-23 15:00:00+00:00,1761231600,1761231600.0,1761235200.0,1367.0,King Abdullah Sports City Stadium,Buraidah,Match Finished,FT,90.0,6.0,307,Pro League,Saudi-Arabia,2025,Regular Season - 6,True,2944,Al-Fayha,False,2936,Al Taawon,True,1.0,2.0,0.0,2.0,1.0,2.0
1603145,,UTC,2027-02-18 19:00:00+00:00,1802977200,,,,King Abdullah Sports City Stadium,Buraidah,Not Started,NS,,,307,Pro League,Saudi-Arabia,2026,Regular Season - 20,True,2944,Al-Fayha,,2936,Al Taawon,,,,,,,
151816,"Svein Oddvar Moen, Norway",UTC,2019-01-10 14:10:00+00:00,1547129400,1547129400.0,1547133000.0,10517.0,King Abdullah Sport City Stadium,Buraidah,Match Finished,FT,90.0,,307,Pro League,Saudi-Arabia,2018,Regular Season - 16,True,2936,Al Taawon,,2945,Al-Hazm,,1.0,1.0,0.0,0.0,1.0,1.0
234780,Luis Godinho,UTC,2019-08-23 16:10:00+00:00,1566576600,1566576600.0,1566580200.0,10517.0,King Abdullah Sport City Stadium,Buraidah,Match Finished,FT,90.0,,307,Pro League,Saudi-Arabia,2019,Regular Season - 1,True,2936,Al Taawon,,2945,Al-Hazm,,1.0,1.0,1.0,1.0,1.0,1.0
813327,S. Schärer,UTC,2022-01-07 14:05:00+00:00,1641564300,1641564300.0,1641567900.0,10517.0,King Abdullah bin Abdulaziz City,Buraidah,Match Finished,FT,90.0,,307,Pro League,Saudi-Arabia,2021,Regular Season - 16,True,2936,Al Taawon,True,2945,Al-Hazm,False,2.0,1.0,1.0,1.0,2.0,1.0
1074457,Abdulsamad Bakri,UTC,2024-03-29 19:00:00+00:00,1711738800,1711738800.0,1711742400.0,1377.0,Al Taawon Club Stadium,Buraidah,Match Finished,FT,90.0,,307,Pro League,Saudi-Arabia,2023,Regular Season - 25,True,2936,Al Taawon,True,2945,Al-Hazm,False,4.0,0.0,0.0,0.0,4.0,0.0
1436061,A. Al Qahtani,UTC,2026-01-22 15:15:00+00:00,1769094900,1769094900.0,1769098500.0,1377.0,Al Taawon Arena,Buraidah,Match Finished,FT,90.0,7.0,307,Pro League,Saudi-Arabia,2025,Regular Season - 17,True,2936,Al Taawon,,2945,Al-Hazm,,2.0,2.0,1.0,0.0,2.0,2.0
1603177,,UTC,2027-03-18 18:00:00+00:00,1805392800,,,,Al Taawon Arena,Buraidah,Not Started,NS,,,307,Pro League,Saudi-Arabia,2026,Regular Season - 23,True,2936,Al Taawon,,2945,Al-Hazm,,,,,,,
151705,"Ivan Bebek, Croatia",UTC,2018-09-13 15:50:00+00:00,1536853800,1536853800.0,1536857400.0,10517.0,King Abdullah Sport City Stadium,Buraidah,Match Finished,FT,90.0,,307,Pro League,Saudi-Arabia,2018,Regular Season - 2,True,2945,Al-Hazm,,2936,Al Taawon,,1.0,1.0,0.0,0.0,1.0,1.0
312860,Khaled Al Teris,UTC,2020-01-31 14:25:00+00:00,1580480700,1580480700.0,1580484300.0,,Ar-Rass Stadium,Rass,Match Finished,FT,90.0,,307,Pro League,Saudi-Arabia,2019,Regular Season - 16,True,2945,Al-Hazm,,2936,Al Taawon,,0.0,0.0,0.0,0.0,0.0,0.0
739968,Shukri Al Hanfosh,UTC,2021-08-12 17:55:00+00:00,1628790900,1628790900.0,1628794500.0,,Ar-Rass Stadium,Rass,Match Finished,FT,90.0,,307,Pro League,Saudi-Arabia,2021,Regular Season - 1,True,2945,Al-Hazm,,2936,Al Taawon,,3.0,3.0,1.0,2.0,3.0,3.0
1074304,Faisal Alblwi,UTC,2023-09-29 15:00:00+00:00,1695999600,1695999600.0,1696003200.0,,Ar-Rass Stadium,Rass,Match Finished,FT,90.0,,307,Pro League,Saudi-Arabia,2023,Regular Season - 8,True,2945,Al-Hazm,False,2936,Al Taawon,True,1.0,3.0,0.0,0.0,1.0,3.0
1436213,F. Al Balawi,UTC,2026-05-21 18:00:00+00:00,1779386400,1779386400.0,1779390000.0,,Al-Hazem Club Stadium,Ar Rass,Match Finished,FT,90.0,8.0,307,Pro League,Saudi-Arabia,2025,Regular Season - 34,True,2945,Al-Hazm,True,2936,Al Taawon,False,2.0,0.0,0.0,0.0,2.0,0.0
1603020,"Khaled Al Teris, Saudi Arabia",UTC,2026-09-08 15:55:00+00:00,1788882900,,,,Al-Hazem Club Stadium,Ar Rass,Match Finished,FT,90.0,,307,Pro League,Saudi-Arabia,2026,Regular Season - 6,True,2945,Al-Hazm,True,2936,Al Taawon,False,1.0,0.0,1.0,0.0,1.0,0.0
234818,M. Jug,UTC,2019-10-05 17:10:00+00:00,1570295400,1570295400.0,1570299000.0,10517.0,King Abdullah Sport City Stadium,Buraidah,Match Finished,FT,90.0,,307,Pro League,Saudi-Arabia,2019,Regular Season - 6,True,2936,Al Taawon,True,2951,Abha,False,1.0,0.0,0.0,0.0,1.0,0.0
657821,Majed Al Shamrani,UTC,2021-03-10 14:50:00+00:00,1615387800,1615387800.0,1615391400.0,10517.0,King Abdullah bin Abdulaziz City,Buraidah,Match Finished,FT,90.0,,307,Pro League,Saudi-Arabia,2020,Regular Season - 23,True,2936,Al Taawon,True,2951,Abha,False,1.0,0.0,0.0,0.0,1.0,0.0
740043,C. Ferreyra,UTC,2021-10-30 15:05:00+00:00,1635606300,1635606300.0,1635609900.0,10517.0,King Abdullah bin Abdulaziz City,Buraidah,Match Finished,FT,90.0,,307,Pro League,Saudi-Arabia,2021,Regular Season - 10,True,2936,Al Taawon,True,2951,Abha,False,2.0,0.0,1.0,0.0,2.0,0.0
931957,Sultan Alharbi,UTC,2022-10-11 15:15:00+00:00,1665501300,1665501300.0,1665504900.0,1377.0,King Abdullah Sport City Stadium,Buraidah,Match Finished,FT,90.0,,307,Pro League,Saudi-Arabia,2022,Regular Season - 7,True,2936,Al Taawon,False,2951,Abha,True,1.0,3.0,1.0,0.0,1.0,3.0
1074264,Abdullah Al-Kharbosh,UTC,2023-08-25 18:00:00+00:00,1692986400,1692986400.0,1692990000.0,1377.0,Al Taawon Club Stadium,Buraidah,Match Finished,FT,90.0,,307,Pro League,Saudi-Arabia,2023,Regular Season - 3,True,2936,Al Taawon,True,2951,Abha,False,1.0,0.0,0.0,0.0,1.0,0.0
1603096,,UTC,2026-11-20 17:00:00+00:00,1795194000,,,,Al Taawon Arena,Buraidah,Not Started,NS,,,307,Pro League,Saudi-Arabia,2026,Regular Season - 14,True,2936,Al Taawon,,2951,Abha,,,,,,,
312900,T. Bognár,UTC,2020-03-07 12:15:00+00:00,1583583300,1583583300.0,1583586900.0,1362.0,Prince Sultan bin Abdul Aziz Stadium,Abha,Match Finished,FT,90.0,,307,Pro League,Saudi-Arabia,2019,Regular Season - 21,True,2951,Abha,True,2936,Al Taawon,False,2.0,1.0,1.0,0.0,2.0,1.0
335995,Artur Soares Dias,UTC,2019-12-23 12:40:00+00:00,1577104800,1577104800.0,1577108400.0,1362.0,Prince Sultan bin Abdul Aziz Stadium,Abha,Match Finished,FT,90.0,,504,King's Cup,Saudi-Arabia,2020,8th Finals,False,2951,Abha,True,2936,Al Taawon,False,1.0,0.0,1.0,0.0,1.0,0.0
635923,Raed Al Zahrani,UTC,2020-12-12 11:35:00+00:00,1607772900,1607772900.0,1607776500.0,10516.0,Prince Sultan bin Abdulaziz Sports City Stadium,Abha,Match Finished,FT,90.0,,307,Pro League,Saudi-Arabia,2020,Regular Season - 8,True,2951,Abha,,2936,Al Taawon,,0.0,0.0,0.0,0.0,0.0,0.0
825033,W. Roldán,UTC,2022-03-19 14:55:00+00:00,1647701700,1647701700.0,1647705300.0,10516.0,Prince Sultan bin Abdulaziz Sports City Stadium,Abha,Match Finished,FT,90.0,,307,Pro League,Saudi-Arabia,2021,Regular Season - 25,True,2951,Abha,,2936,Al Taawon,,1.0,1.0,1.0,1.0,1.0,1.0
971140,Mohammed Alharbi,UTC,2022-12-21 12:30:00+00:00,1671625800,1671625800.0,1671629400.0,10516.0,Prince Sultan bin Abdulaziz Sports City Stadium,Abha,Match Finished,AET,120.0,,504,King's Cup,Saudi-Arabia,2023,Round of 16,False,2951,Abha,True,2936,Al Taawon,False,4.0,3.0,1.0,1.0,2.0,2.0
976703,Raed Al Zahrani,UTC,2023-04-05 19:00:00+00:00,1680721200,1680721200.0,1680724800.0,10516.0,Prince Sultan bin Abdulaziz Sports City Stadium,Abha,Match Finished,FT,90.0,,307,Pro League,Saudi-Arabia,2022,Regular Season - 22,True,2951,Abha,,2936,Al Taawon,,1.0,1.0,0.0,0.0,1.0,1.0
1074417,Faisal Alblwi,UTC,2024-02-15 14:00:00+00:00,1708005600,1708005600.0,1708009200.0,10516.0,Prince Sultan bin Abdulaziz Sports City Stadium,Abha,Match Finished,FT,90.0,,307,Pro League,Saudi-Arabia,2023,Regular Season - 20,True,2951,Abha,,2936,Al Taawon,,1.0,1.0,0.0,0.0,1.0,1.0
1207994,Abdullah Al Awedan,UTC,2024-09-25 15:40:00+00:00,1727278800,1727278800.0,1727282400.0,,Damac Stadium,Abha,Match Finished,AET,120.0,,504,King's Cup,Saudi-Arabia,2025,Round of 32,False,2951,Abha,False,2936,Al Taawon,True,2.0,3.0,0.0,1.0,1.0,1.0
1603242,,UTC,2027-05-12 18:00:00+00:00,1810144800,,,,Prince Sultan bin Abdul Aziz Stadium,Abha,Not Started,NS,,,307,Pro League,Saudi-Arabia,2026,Regular Season - 31,True,2951,Abha,,2936,Al Taawon,,,,,,,
1252574,Majed Alshamrani,UTC,2025-02-01 17:00:00+00:00,1738429200,1738429200.0,1738432800.0,19932.0,Prince Abdullah al-Faisal Stadium,Jeddah,Match Finished,FT,90.0,8.0,307,Pro League,Saudi-Arabia,2024,Regular Season - 18,True,2938,Al-Ittihad FC,True,10509,Al Kholood,False,4.0,3.0,2.0,2.0,4.0,3.0
1436185,A. Ali Bakri,UTC,2026-05-04 18:00:00+00:00,1777917600,1777917600.0,1777921200.0,1364.0,King Abdullah Sports City,Jeddah,Match Finished,FT,90.0,7.0,307,Pro League,Saudi-Arabia,2025,Regular Season - 31,True,2938,Al-Ittihad FC,,10509,Al Kholood,,0.0,0.0,0.0,0.0,0.0,0.0
1602979,"Majed Mohammed Al-Shamrani, Saudi Arabia",UTC,2026-08-15 18:00:00+00:00,1786816800,1786816800.0,1786820400.0,1364.0,King Abdullah Sports City,Jeddah,Match Finished,FT,90.0,9.0,307,Pro League,Saudi-Arabia,2026,Regular Season - 1,True,2938,Al-Ittihad FC,,10509,Al Kholood,,1.0,1.0,1.0,0.0,1.0,1.0
1096005,A. Chivulete,UTC,2023-09-26 18:00:00+00:00,1695751200,1695751200.0,1695754800.0,,Ar-Rass Stadium,Rass,Match Finished,PEN,120.0,,504,King's Cup,Saudi-Arabia,2024,Round of 32,False,10509,Al Kholood,False,2938,Al-Ittihad FC,True,1.0,1.0,1.0,1.0,1.0,1.0
1252425,Faisal Alblwi,UTC,2024-08-24 16:10:00+00:00,1724515800,1724515800.0,1724519400.0,1377.0,King Abdullah Sport City Stadium,Buraidah,Match Finished,FT,90.0,,307,Pro League,Saudi-Arabia,2024,Regular Season - 1,True,10509,Al Kholood,False,2938,Al-Ittihad FC,True,0.0,1.0,0.0,0.0,0.0,1.0
1436030,"Sultan Al-Harbi, Saudi Arabia",UTC,2026-01-09 17:30:00+00:00,1767979800,1767979800.0,1767983400.0,,King Abdullah Sports City Stadium,Buraidah,Match Finished,FT,90.0,3.0,307,Pro League,Saudi-Arabia,2025,Regular Season - 14,True,10509,Al Kholood,False,2938,Al-Ittihad FC,True,0.0,4.0,0.0,3.0,0.0,4.0
1488597,S. Ivanov,UTC,2026-03-18 19:00:00+00:00,1773860400,1773860400.0,1773864000.0,,Al-Hazem Club Stadium,Ar Rass,Match Finished,PEN,120.0,,504,King's Cup,Saudi-Arabia,2026,Semi-finals,False,10509,Al Kholood,True,2938,Al-Ittihad FC,False,1.0,1.0,0.0,1.0,1.0,1.0
1603131,,UTC,2026-12-14 17:00:00+00:00,1797267600,,,,Al-Hazem Club Stadium,Ar Rass,Not Started,NS,,,307,Pro League,Saudi-Arabia,2026,Regular Season - 18,True,10509,Al Kholood,,2938,Al-Ittihad FC,,,,,,,
335975,,UTC,2019-11-08 17:00:00+00:00,1573232400,1573232400.0,1573236000.0,1364.0,King Abdullah Sports City,Jeddah,Match Finished,FT,90.0,,504,King's Cup,Saudi-Arabia,2020,32nd Finals,False,2938,Al-Ittihad FC,True,10511,Al Riyadh,False,4.0,0.0,,,4.0,0.0
1074415,N. Arasa,UTC,2024-02-18 17:00:00+00:00,1708275600,1708275600.0,1708279200.0,19932.0,Prince Abdullah al-Faisal Stadium,Jeddah,Match Finished,FT,90.0,,307,Pro League,Saudi-Arabia,2023,Regular Season - 20,True,2938,Al-Ittihad FC,True,10511,Al Riyadh,False,2.0,0.0,1.0,0.0,2.0,0.0
1252635,I. Pajač,UTC,2025-03-13 19:00:00+00:00,1741892400,1741892400.0,1741896000.0,19932.0,Prince Abdullah Al Faisal Sports City Stadium,Jeddah,Match Finished,FT,90.0,,307,Pro League,Saudi-Arabia,2024,Regular Season - 25,True,2938,Al-Ittihad FC,True,10511,Al Riyadh,False,2.0,1.0,0.0,0.0,2.0,1.0
1435988,"Shukri Alhunfush, Saudi Arabia",UTC,2025-11-21 15:15:00+00:00,1763738100,1763738100.0,1763741700.0,1364.0,Prince Abdullah al-Faisal Stadium,Jeddah,Match Finished,FT,90.0,5.0,307,Pro League,Saudi-Arabia,2025,Regular Season - 9,True,2938,Al-Ittihad FC,True,10511,Al Riyadh,False,2.0,1.0,2.0,0.0,2.0,1.0
1603264,,UTC,2027-05-24 18:00:00+00:00,1811181600,,,1364.0,King Abdullah Sports City,Jeddah,Not Started,NS,,,307,Pro League,Saudi-Arabia,2026,Regular Season - 33,True,2938,Al-Ittihad FC,,10511,Al Riyadh,,,,,,,
1074261,Ivan Cisneros,UTC,2023-08-24 18:00:00+00:00,1692900000,1692900000.0,1692903600.0,7224.0,Prince Faisal bin Fahd Stadium,Riyadh,Match Finished,FT,90.0,,307,Pro League,Saudi-Arabia,2023,Regular Season - 3,True,10511,Al Riyadh,False,2938,Al-Ittihad FC,True,0.0,4.0,0.0,3.0,0.0,4.0
1252484,Sami Al Jires,UTC,2024-10-24 18:00:00+00:00,1729792800,1729792800.0,1729796400.0,1374.0,Prince Faisal bin Fahd Stadium,Riyadh,Match Finished,FT,90.0,7.0,307,Pro League,Saudi-Arabia,2024,Regular Season - 8,True,10511,Al Riyadh,False,2938,Al-Ittihad FC,True,0.0,1.0,0.0,1.0,0.0,1.0
1436138,F. Al Jaloud,UTC,2026-03-13 19:00:00+00:00,1773428400,1773428400.0,1773432000.0,1374.0,Prince Faisal bin Fahd Stadium,Riyadh,Match Finished,FT,90.0,9.0,307,Pro League,Saudi-Arabia,2025,Regular Season - 26,True,10511,Al Riyadh,True,2938,Al-Ittihad FC,False,3.0,1.0,0.0,1.0,3.0,1.0
1603113,,UTC,2026-12-03 17:00:00+00:00,1796317200,,,1374.0,Prince Faisal bin Fahd Stadium,Riyadh,Not Started,NS,,,307,Pro League,Saudi-Arabia,2026,Regular Season - 16,True,10511,Al Riyadh,,2938,Al-Ittihad FC,,,,,,,
1436169,A. Al Rumaikhani,UTC,2026-04-08 18:00:00+00:00,1775671200,1775671200.0,1775674800.0,1364.0,King Abdullah Sports City,Jeddah,Match Finished,FT,90.0,7.0,307,Pro League,Saudi-Arabia,2025,Regular Season - 29,True,2938,Al-Ittihad FC,False,10513,NEOM,True,3.0,4.0,2.0,2.0,3.0,4.0
1603086,,UTC,2026-11-05 17:00:00+00:00,1793898000,,,1364.0,King Abdullah Sports City,Jeddah,Not Started,NS,,,307,Pro League,Saudi-Arabia,2026,Regular Season - 13,True,2938,Al-Ittihad FC,,10513,NEOM,,,,,,,
1436015,"Khaled Al Teris, Saudi Arabia",UTC,2025-12-31 15:25:00+00:00,1767194700,1767194700.0,1767198300.0,,King Khalid Sports City,Tabuk,Match Finished,FT,90.0,8.0,307,Pro League,Saudi-Arabia,2025,Regular Season - 12,True,10513,NEOM,False,2938,Al-Ittihad FC,True,1.0,3.0,1.0,1.0,1.0,3.0
1603241,,UTC,2027-05-06 18:00:00+00:00,1809626400,,,,King Khalid Sports City,Tabuk,Not Started,NS,,,307,Pro League,Saudi-Arabia,2026,Regular Season - 30,True,10513,NEOM,,2938,Al-Ittihad FC,,,,,,,
1603066,,UTC,2026-10-23 15:30:00+00:00,1792769400,,,1364.0,King Abdullah Sports City,Jeddah,Not Started,NS,,,307,Pro League,Saudi-Arabia,2026,Regular Season - 11,True,2938,Al-Ittihad FC,,26738,Al Diriyah,,,,,,,
1603216,,UTC,2027-04-22 18:00:00+00:00,1808416800,,,,Prince Turki bin Abdul Aziz Stadium,Riyadh,Not Started,NS,,,307,Pro League,Saudi-Arabia,2026,Regular Season - 28,True,26738,Al Diriyah,,2938,Al-Ittihad FC,,,,,,,
110247,,UTC,2016-11-20 15:55:00+00:00,1479657300,1479657300.0,1479660900.0,1364.0,King Abdullah Sports City,Jeddah,Match Finished,FT,90.0,,307,Pro League,Saudi-Arabia,2016,Regular Season - 9,True,2938,Al-Ittihad FC,False,2939,Al-Nassr,True,0.0,1.0,0.0,1.0,0.0,1.0
110330,,UTC,2018-03-10 16:45:00+00:00,1520700300,1520700300.0,1520703900.0,,King Abdullah Sports City (Jeddah),,Match Finished,FT,90.0,,307,Pro League,Saudi-Arabia,2017,Regular Season - 24,True,2938,Al-Ittihad FC,False,2939,Al-Nassr,True,1.0,3.0,1.0,1.0,1.0,3.0
151805,"Viktor Kassai, Hungary",UTC,2018-12-21 14:25:00+00:00,1545402300,1545402300.0,1545405900.0,1364.0,King Abdullah Sports City,Jeddah,Match Finished,FT,90.0,,307,Pro League,Saudi-Arabia,2018,Regular Season - 14,True,2938,Al-Ittihad FC,False,2939,Al-Nassr,True,1.0,2.0,0.0,1.0,1.0,2.0
254092,"Minoru Tojo, Japan",UTC,2016-03-15 17:35:00+00:00,1458063300,1458063300.0,1458066900.0,,King Abdullah Sports City,Jeddah,Match Finished,FT,90.0,,17,AFC Champions League,World,2016,Group Stage - 3,False,2938,Al-Ittihad FC,False,2939,Al-Nassr,True,1.0,2.0,1.0,1.0,1.0,2.0
312960,I. Bebek,UTC,2020-09-04 17:35:00+00:00,1599240900,1599240900.0,1599244500.0,1364.0,King Abdullah Sports City,Jeddah,Match Finished,FT,90.0,,307,Pro League,Saudi-Arabia,2019,Regular Season - 29,True,2938,Al-Ittihad FC,,2939,Al-Nassr,,1.0,1.0,1.0,1.0,1.0,1.0
336076,,UTC,2019-04-27 16:25:00+00:00,1556382300,1556382300.0,1556385900.0,1364.0,King Abdullah Sports City,Jeddah,Match Finished,AET,120.0,,504,King's Cup,Saudi-Arabia,2019,Semi-finals,False,2938,Al-Ittihad FC,True,2939,Al-Nassr,False,4.0,2.0,1.0,0.0,2.0,2.0
635981,Khaled Salwi,UTC,2021-01-24 14:40:00+00:00,1611499200,1611499200.0,1611502800.0,10518.0,King Abdulaziz Sports City Stadium,Mecca,Match Finished,FT,90.0,,307,Pro League,Saudi-Arabia,2020,Regular Season - 15,True,2938,Al-Ittihad FC,,2939,Al-Nassr,,1.0,1.0,0.0,0.0,1.0,1.0
824990,Jesús Gil,UTC,2022-02-11 16:20:00+00:00,1644596400,1644596400.0,1644600000.0,1364.0,King Abdullah Sports City,Jeddah,Match Finished,FT,90.0,,307,Pro League,Saudi-Arabia,2021,Regular Season - 20,True,2938,Al-Ittihad FC,True,2939,Al-Nassr,False,3.0,0.0,2.0,0.0,3.0,0.0
976688,Antonio Mateu,UTC,2023-03-09 17:30:00+00:00,1678383000,1678383000.0,1678386600.0,1364.0,King Abdullah Sports City,Jeddah,Match Finished,FT,90.0,,307,Pro League,Saudi-Arabia,2022,Regular Season - 20,True,2938,Al-Ittihad FC,True,2939,Al-Nassr,False,1.0,0.0,0.0,0.0,1.0,0.0
983588,D. Makkelie,UTC,2023-01-26 18:00:00+00:00,1674756000,1674756000.0,1674759600.0,1361.0,King Fahd International Stadium,Riyadh,Match Finished,FT,90.0,,826,Super Cup,Saudi-Arabia,2023,Semi-finals,False,2938,Al-Ittihad FC,True,2939,Al-Nassr,False,3.0,1.0,2.0,0.0,3.0,1.0
1074387,A. Sidiropoulos,UTC,2023-12-26 18:00:00+00:00,1703613600,1703613600.0,1703617200.0,19932.0,Prince Abdullah al-Faisal Stadium,Jeddah,Match Finished,FT,90.0,,307,Pro League,Saudi-Arabia,2023,Regular Season - 17,True,2938,Al-Ittihad FC,False,2939,Al-Nassr,True,2.0,5.0,1.0,2.0,2.0,5.0
1252531,F. Tello,UTC,2024-12-06 17:00:00+00:00,1733504400,1733504400.0,1733508000.0,1364.0,King Abdullah Sports City,Jeddah,Match Finished,FT,90.0,8.0,307,Pro League,Saudi-Arabia,2024,Regular Season - 13,True,2938,Al-Ittihad FC,True,2939,Al-Nassr,False,2.0,1.0,0.0,0.0,2.0,1.0
1435945,D. Rumsas,UTC,2025-09-26 18:00:00+00:00,1758909600,1758909600.0,1758913200.0,1364.0,King Abdullah Sports City,Jeddah,Match Finished,FT,90.0,6.0,307,Pro League,Saudi-Arabia,2025,Regular Season - 4,True,2938,Al-Ittihad FC,False,2939,Al-Nassr,True,0.0,2.0,0.0,2.0,0.0,2.0
1603016,"Khaled Al Teris, Saudi Arabia",UTC,2026-09-05 18:00:00+00:00,1788631200,1788631200.0,1788634800.0,1364.0,King Abdullah Sports City,Jeddah,Match Finished,FT,90.0,,307,Pro League,Saudi-Arabia,2026,Regular Season - 5,True,2938,Al-Ittihad FC,True,2939,Al-Nassr,False,2.0,1.0,2.0,1.0,2.0,1.0
110159,,UTC,2017-04-07 17:40:00+00:00,1491586800,1491586800.0,1491590400.0,,King Fahd Stadium,Riyadh,Match Finished,FT,90.0,,307,Pro League,Saudi-Arabia,2016,Regular Season - 22,True,2939,Al-Nassr,,2938,Al-Ittihad FC,,1.0,1.0,0.0,1.0,1.0,1.0
110426,M. Al Hakim,UTC,2017-11-23 15:40:00+00:00,1511451600,1511451600.0,1511455200.0,,King Fahd Stadium,Riyadh,Match Finished,FT,90.0,,307,Pro League,Saudi-Arabia,2017,Regular Season - 11,True,2939,Al-Nassr,True,2938,Al-Ittihad FC,False,1.0,0.0,1.0,0.0,1.0,0.0
151910,"Pavel Kralovec, Czech Republic",UTC,2019-04-13 15:50:00+00:00,1555170600,1555170600.0,1555174200.0,,King Fahd Stadium,Riyadh,Match Finished,FT,90.0,,307,Pro League,Saudi-Arabia,2018,Regular Season - 27,True,2939,Al-Nassr,False,2938,Al-Ittihad FC,True,2.0,3.0,0.0,2.0,2.0,3.0
234887,Jesús Gil,UTC,2020-01-10 16:05:00+00:00,1578672300,1578672300.0,1578675900.0,1374.0,Prince Faisal bin Fahd Stadium,Riyadh,Match Finished,FT,90.0,,307,Pro League,Saudi-Arabia,2019,Regular Season - 14,True,2939,Al-Nassr,,2938,Al-Ittihad FC,,1.0,1.0,0.0,0.0,1.0,1.0
254115,"Chris Beath, Australia",UTC,2016-04-06 16:45:00+00:00,1459961100,1459961100.0,1459964700.0,,Al Maktoum Stadium,Dubai,Match Finished,FT,90.0,,17,AFC Champions League,World,2016,Group Stage - 4,False,2939,Al-Nassr,,2938,Al-Ittihad FC,,0.0,0.0,0.0,0.0,0.0,0.0
657882,,UTC,2021-05-30 18:00:00+00:00,1622397600,1622397600.0,1622401200.0,1369.0,King Saud University Stadium,Riyadh,Match Finished,FT,90.0,,307,Pro League,Saudi-Arabia,2020,Regular Season - 30,True,2939,Al-Nassr,False,2938,Al-Ittihad FC,True,1.0,2.0,1.0,1.0,1.0,2.0
740002,S. Schärer,UTC,2021-09-18 17:30:00+00:00,1631986200,1631986200.0,1631989800.0,12277.0,Mrsool Park,Riyadh,Match Finished,FT,90.0,,307,Pro League,Saudi-Arabia,2021,Regular Season - 5,True,2939,Al-Nassr,False,2938,Al-Ittihad FC,True,1.0,3.0,1.0,1.0,1.0,3.0
931945,A. Cunha,UTC,2022-10-02 18:00:00+00:00,1664733600,1664733600.0,1664737200.0,12277.0,Mrsool Park,Riyadh,Match Finished,FT,90.0,,307,Pro League,Saudi-Arabia,2022,Regular Season - 5,True,2939,Al-Nassr,,2938,Al-Ittihad FC,,0.0,0.0,0.0,0.0,0.0,0.0
1074538,Majed Alshamrani,UTC,2024-05-27 18:00:00+00:00,1716832800,1716832800.0,1716836400.0,1374.0,Al Awal Park at King Saud University,Riyadh,Match Finished,FT,90.0,,307,Pro League,Saudi-Arabia,2023,Regular Season - 34,True,2939,Al-Nassr,True,2938,Al-Ittihad FC,False,4.0,2.0,1.0,0.0,4.0,2.0
1252686,D. Makkelie,UTC,2025-05-07 18:00:00+00:00,1746640800,1746640800.0,1746644400.0,19933.0,Al-Awwal Park,Riyadh,Match Finished,FT,90.0,7.0,307,Pro League,Saudi-Arabia,2024,Regular Season - 30,True,2939,Al-Nassr,False,2938,Al-Ittihad FC,True,2.0,3.0,2.0,0.0,2.0,3.0
1393811,Khalid Saleh Al Turais,UTC,2025-08-19 12:00:00+00:00,1755604800,1755604800.0,1755608400.0,3385.0,Hong Kong Stadium,Hong Kong,Match Finished,FT,90.0,9.0,826,Super Cup,Saudi-Arabia,2026,Semi-finals,False,2939,Al-Nassr,True,2938,Al-Ittihad FC,False,2.0,1.0,1.0,1.0,2.0,1.0
1436093,S. Vincic,UTC,2026-02-06 17:30:00+00:00,1770399000,1770399000.0,1770402600.0,,King Saud University Stadium,Riyadh,Match Finished,FT,90.0,,307,Pro League,Saudi-Arabia,2025,Regular Season - 21,True,2939,Al-Nassr,True,2938,Al-Ittihad FC,False,2.0,0.0,0.0,0.0,2.0,0.0
1477348,,UTC,2025-10-28 18:00:00+00:00,1761674400,1761674400.0,1761678000.0,,King Saud University Stadium,Riyadh,Match Finished,FT,90.0,9.0,504,King's Cup,Saudi-Arabia,2026,Round of 16,False,2939,Al-Nassr,False,2938,Al-Ittihad FC,True,1.0,2.0,1.0,2.0,1.0,2.0
1603167,,UTC,2027-03-11 18:00:00+00:00,1804788000,,,,King Saud University Stadium,Riyadh,Not Started,NS,,,307,Pro League,Saudi-Arabia,2026,Regular Season - 22,True,2939,Al-Nassr,,2938,Al-Ittihad FC,,,,,,,
110272,,UTC,2016-10-20 17:15:00+00:00,1476983700,1476983700.0,1476987300.0,1364.0,King Abdullah Sports City,Jeddah,Match Finished,FT,90.0,,307,Pro League,Saudi-Arabia,2016,Regular Season - 6,True,2938,Al-Ittihad FC,False,2940,Al Shabab,True,0.0,1.0,0.0,1.0,0.0,1.0
110431,D. Skomina,UTC,2017-11-17 15:40:00+00:00,1510933200,1510933200.0,1510936800.0,1364.0,King Abdullah Sports City,Jeddah,Match Finished,FT,90.0,,307,Pro League,Saudi-Arabia,2017,Regular Season - 10,True,2938,Al-Ittihad FC,,2940,Al Shabab,,1.0,1.0,0.0,0.0,1.0,1.0
151830,"Bakary Papa Gassama, Gambia",UTC,2019-01-29 16:20:00+00:00,1548778800,1548778800.0,1548782400.0,1364.0,King Abdullah Sports City,Jeddah,Match Finished,FT,90.0,,307,Pro League,Saudi-Arabia,2018,Regular Season - 17,True,2938,Al-Ittihad FC,,2940,Al Shabab,,0.0,0.0,0.0,0.0,0.0,0.0
312894,B. Kuipers,UTC,2020-02-29 16:40:00+00:00,1582994400,1582994400.0,1582998000.0,1364.0,King Abdullah Sports City,Jeddah,Match Finished,FT,90.0,,307,Pro League,Saudi-Arabia,2019,Regular Season - 20,True,2938,Al-Ittihad FC,True,2940,Al Shabab,False,5.0,1.0,2.0,1.0,5.0,1.0
336106,,UTC,2018-02-23 17:30:00+00:00,1519407000,1519407000.0,1519410600.0,1364.0,King Abdullah Sports City,Jeddah,Match Finished,FT,90.0,,504,King's Cup,Saudi-Arabia,2018,Quarter-finals,False,2938,Al-Ittihad FC,True,2940,Al Shabab,False,3.0,1.0,3.0,0.0,3.0,1.0
657823,Khaled Salwi,UTC,2021-03-10 16:45:00+00:00,1615394700,1615394700.0,1615398300.0,10518.0,King Abdulaziz Sports City Stadium,Mecca,Match Finished,FT,90.0,,307,Pro League,Saudi-Arabia,2020,Regular Season - 23,True,2938,Al-Ittihad FC,True,2940,Al Shabab,False,2.0,1.0,1.0,1.0,2.0,1.0
667860,Majed Al Shamrani,UTC,2021-01-04 17:00:00+00:00,1609779600,1609779600.0,1609783200.0,1364.0,King Abdullah Sports City,Jeddah,Match Finished,FT,90.0,,768,Arab Club Champions Cup,World,2019,Semi-finals,False,2938,Al-Ittihad FC,True,2940,Al Shabab,False,2.0,1.0,0.0,1.0,2.0,1.0
740033,Faisal Alblwi,UTC,2021-10-22 17:00:00+00:00,1634922000,1634922000.0,1634925600.0,1364.0,Prince Abdullah al-Faisal Stadium,Jeddah,Match Finished,FT,90.0,,307,Pro League,Saudi-Arabia,2021,Regular Season - 9,True,2938,Al-Ittihad FC,False,2940,Al Shabab,True,0.0,2.0,0.0,1.0,0.0,2.0
971137,G. Kabakov,UTC,2022-12-22 18:00:00+00:00,1671732000,1671732000.0,1671735600.0,1364.0,King Abdullah Sports City,Jeddah,Match Finished,PEN,120.0,,504,King's Cup,Saudi-Arabia,2023,Round of 16,False,2938,Al-Ittihad FC,True,2940,Al Shabab,False,1.0,1.0,0.0,1.0,1.0,1.0
976720,S. Jovanović,UTC,2023-04-27 18:30:00+00:00,1682620200,1682620200.0,1682623800.0,1364.0,King Abdullah Sports City,Jeddah,Match Finished,FT,90.0,,307,Pro League,Saudi-Arabia,2022,Regular Season - 24,True,2938,Al-Ittihad FC,True,2940,Al Shabab,False,2.0,1.0,1.0,0.0,2.0,1.0
1074497,C. Ramos,UTC,2024-04-26 18:00:00+00:00,1714154400,1714154400.0,1714158000.0,1364.0,King Abdullah Sports City,Jeddah,Match Finished,FT,90.0,,307,Pro League,Saudi-Arabia,2023,Regular Season - 29,True,2938,Al-Ittihad FC,False,2940,Al Shabab,True,1.0,3.0,0.0,0.0,1.0,3.0
1252558,U. Schnyder,UTC,2025-01-22 17:00:00+00:00,1737565200,1737565200.0,1737568800.0,1364.0,King Abdullah Sports City,Jeddah,Match Finished,FT,90.0,5.0,307,Pro League,Saudi-Arabia,2024,Regular Season - 16,True,2938,Al-Ittihad FC,True,2940,Al Shabab,False,2.0,1.0,2.0,1.0,2.0,1.0
1334102,S. Stegemann,UTC,2025-04-01 18:00:00+00:00,1743530400,1743530400.0,1743534000.0,,Al Inma Bank Stadium at King Abdullah Sport City,Jeddah,Match Finished,FT,90.0,,504,King's Cup,Saudi-Arabia,2025,Semi-finals,False,2938,Al-Ittihad FC,True,2940,Al Shabab,False,3.0,2.0,1.0,0.0,3.0,2.0
1436003,"Mohammed Khled Hoish, Saudi Arabia",UTC,2025-12-27 17:30:00+00:00,1766856600,1766856600.0,1766860200.0,1364.0,King Abdullah Sports City,Jeddah,Match Finished,FT,90.0,6.0,307,Pro League,Saudi-Arabia,2025,Regular Season - 11,True,2938,Al-Ittihad FC,True,2940,Al Shabab,False,2.0,0.0,1.0,0.0,2.0,0.0
1485074,,UTC,2025-11-29 17:30:00+00:00,1764437400,1764437400.0,1764441000.0,1364.0,King Abdullah Sports City,Jeddah,Match Finished,FT,90.0,4.0,504,King's Cup,Saudi-Arabia,2026,Quarter-finals,False,2938,Al-Ittihad FC,True,2940,Al Shabab,False,4.0,1.0,2.0,1.0,4.0,1.0
1603048,,UTC,2026-10-16 18:00:00+00:00,1792173600,,,1364.0,King Abdullah Sports City,Jeddah,Not Started,NS,,,307,Pro League,Saudi-Arabia,2026,Regular Season - 9,True,2938,Al-Ittihad FC,,2940,Al Shabab,,,,,,,
110177,,UTC,2017-02-18 16:25:00+00:00,1487435100,1487435100.0,1487438700.0,1374.0,Prince Faisal bin Fahd Stadium,Riyadh,Match Finished,FT,90.0,,307,Pro League,Saudi-Arabia,2016,Regular Season - 19,True,2940,Al Shabab,False,2938,Al-Ittihad FC,True,0.0,2.0,0.0,0.0,0.0,2.0
110346,,UTC,2018-03-01 16:30:00+00:00,1519921800,1519921800.0,1519925400.0,,Prince Faisal bin Fahd Stadium (Ar-Riyāḍ (Riyadh)),,Match Finished,FT,90.0,,307,Pro League,Saudi-Arabia,2017,Regular Season - 23,True,2940,Al Shabab,True,2938,Al-Ittihad FC,False,3.0,0.0,2.0,0.0,3.0,0.0
151700,,UTC,2018-08-31 15:55:00+00:00,1535730900,1535730900.0,1535734500.0,1374.0,Prince Faisal bin Fahd Stadium,Riyadh,Match Finished,FT,90.0,,307,Pro League,Saudi-Arabia,2018,Regular Season - 1,True,2940,Al Shabab,True,2938,Al-Ittihad FC,False,1.0,0.0,0.0,0.0,1.0,0.0
234811,P. Raczkowski,UTC,2019-09-27 15:25:00+00:00,1569597900,1569597900.0,1569601500.0,1361.0,King Fahd International Stadium,Riyadh,Match Finished,FT,90.0,,307,Pro League,Saudi-Arabia,2019,Regular Season - 5,True,2940,Al Shabab,False,2938,Al-Ittihad FC,True,1.0,2.0,0.0,1.0,1.0,2.0
635928,Mohammed Al Hoaish,UTC,2020-12-11 15:45:00+00:00,1607701500,1607701500.0,1607705100.0,,Al-Shabab Club Stadium,Riyadh,Match Finished,FT,90.0,,307,Pro League,Saudi-Arabia,2020,Regular Season - 8,True,2940,Al Shabab,,2938,Al-Ittihad FC,,1.0,1.0,0.0,1.0,1.0,1.0
667859,Ahmed Al Kaf,UTC,2020-12-02 16:45:00+00:00,1606927500,1606927500.0,1606931100.0,,Al-Shabab Club Stadium,Riyadh,Match Finished,FT,90.0,,768,Arab Club Champions Cup,World,2019,Semi-finals,False,2940,Al Shabab,,2938,Al-Ittihad FC,,2.0,2.0,0.0,1.0,2.0,2.0
825025,A. Sidiropoulos,UTC,2022-03-13 16:45:00+00:00,1647189900,1647189900.0,1647193500.0,1374.0,Prince Faisal bin Fahd Stadium,Riyadh,Match Finished,FT,90.0,,307,Pro League,Saudi-Arabia,2021,Regular Season - 24,True,2940,Al Shabab,False,2938,Al-Ittihad FC,True,0.0,2.0,0.0,1.0,0.0,2.0
931976,S. Marciniak,UTC,2023-01-09 17:15:00+00:00,1673284500,1673284500.0,1673288100.0,1374.0,Prince Faisal bin Fahd Stadium,Riyadh,Match Finished,FT,90.0,,307,Pro League,Saudi-Arabia,2022,Regular Season - 9,True,2940,Al Shabab,,2938,Al-Ittihad FC,,1.0,1.0,1.0,1.0,1.0,1.0
1074346,N. Ramírez,UTC,2023-11-03 18:00:00+00:00,1699034400,1699034400.0,1699038000.0,1361.0,King Fahd International Stadium,Riyadh,Match Finished,FT,90.0,,307,Pro League,Saudi-Arabia,2023,Regular Season - 12,True,2940,Al Shabab,True,2938,Al-Ittihad FC,False,1.0,0.0,1.0,0.0,1.0,0.0
1252711,João Pedro Pinheiro,UTC,2025-05-20 18:00:00+00:00,1747764000,1747764000.0,1747767600.0,,Al-Shabab Club Stadium,Riyadh,Match Finished,FT,90.0,8.0,307,Pro League,Saudi-Arabia,2024,Regular Season - 33,True,2940,Al Shabab,False,2938,Al-Ittihad FC,True,2.0,3.0,1.0,2.0,2.0,3.0
1436160,I. Peljto,UTC,2026-05-17 18:00:00+00:00,1779040800,1779040800.0,1779044400.0,1374.0,Al-Shabab Club Stadium,Riyadh,Match Finished,FT,90.0,11.0,307,Pro League,Saudi-Arabia,2025,Regular Season - 28,True,2940,Al Shabab,True,2938,Al-Ittihad FC,False,3.0,2.0,0.0,0.0,3.0,2.0
1603204,,UTC,2027-04-15 18:00:00+00:00,1807812000,,,,Al-Shabab Club Stadium,Riyadh,Not Started,NS,,,307,Pro League,Saudi-Arabia,2026,Regular Season - 26,True,2940,Al Shabab,,2938,Al-Ittihad FC,,,,,,,
110394,Turki Al Khudair,UTC,2017-12-24 15:45:00+00:00,1514130300,1514130300.0,1514133900.0,,King Abdullah Sports City (Jeddah),,Match Finished,FT,90.0,,307,Pro League,Saudi-Arabia,2017,Regular Season - 15,True,2938,Al-Ittihad FC,False,2944,Al-Fayha,True,0.0,1.0,0.0,0.0,0.0,1.0
151876,"Jorge de Sousa, Portugal",UTC,2019-03-08 16:30:00+00:00,1552062600,1552062600.0,1552066200.0,1364.0,King Abdullah Sports City,Jeddah,Match Finished,FT,90.0,,307,Pro League,Saudi-Arabia,2018,Regular Season - 23,True,2938,Al-Ittihad FC,True,2944,Al-Fayha,False,2.0,0.0,0.0,0.0,2.0,0.0
312946,A. Cunha,UTC,2020-08-24 17:50:00+00:00,1598291400,1598291400.0,1598295000.0,1364.0,King Abdullah Sports City,Jeddah,Match Finished,FT,90.0,,307,Pro League,Saudi-Arabia,2019,Regular Season - 27,True,2938,Al-Ittihad FC,True,2944,Al-Fayha,False,4.0,1.0,2.0,1.0,4.0,1.0
813328,C. Turpin,UTC,2022-01-07 15:55:00+00:00,1641570900,1641570900.0,1641574500.0,1364.0,King Abdullah Sports City,Jeddah,Match Finished,FT,90.0,,307,Pro League,Saudi-Arabia,2021,Regular Season - 16,True,2938,Al-Ittihad FC,True,2944,Al-Fayha,False,2.0,0.0,1.0,0.0,2.0,0.0
932015,S. Schärer,UTC,2023-01-19 14:00:00+00:00,1674136800,1674136800.0,1674140400.0,1364.0,King Abdullah Sports City,Jeddah,Match Finished,FT,90.0,,307,Pro League,Saudi-Arabia,2022,Regular Season - 14,True,2938,Al-Ittihad FC,True,2944,Al-Fayha,False,3.0,0.0,3.0,0.0,3.0,0.0
995740,F. Rapallini,UTC,2023-01-29 17:00:00+00:00,1675011600,1675011600.0,1675015200.0,1361.0,King Fahd International Stadium,Riyadh,Match Finished,FT,90.0,,826,Super Cup,Saudi-Arabia,2023,Final,False,2938,Al-Ittihad FC,True,2944,Al-Fayha,False,2.0,0.0,1.0,0.0,2.0,0.0
1074456,R. Petrescu,UTC,2024-03-29 19:00:00+00:00,1711738800,1711738800.0,1711742400.0,19932.0,Prince Abdullah al-Faisal Stadium,Jeddah,Match Finished,FT,90.0,,307,Pro League,Saudi-Arabia,2023,Regular Season - 25,True,2938,Al-Ittihad FC,True,2944,Al-Fayha,False,3.0,1.0,2.0,1.0,3.0,1.0
1252697,N. Dabanović,UTC,2025-05-11 18:00:00+00:00,1746986400,1746986400.0,1746990000.0,1364.0,Prince Abdullah Al Faisal Sports City Stadium,Jeddah,Match Finished,FT,90.0,7.0,307,Pro League,Saudi-Arabia,2024,Regular Season - 31,True,2938,Al-Ittihad FC,True,2944,Al-Fayha,False,3.0,0.0,1.0,0.0,3.0,0.0
1436107,A. Al Shehri,UTC,2026-02-13 17:30:00+00:00,1771003800,1771003800.0,1771007400.0,1364.0,King Abdullah Sports City,Jeddah,Match Finished,FT,90.0,4.0,307,Pro League,Saudi-Arabia,2025,Regular Season - 22,True,2938,Al-Ittihad FC,True,2944,Al-Fayha,False,2.0,1.0,1.0,0.0,2.0,1.0
1603021,,UTC,2026-09-08 18:00:00+00:00,1788890400,,,1364.0,King Abdullah Sports City,Jeddah,Match Finished,FT,90.0,,307,Pro League,Saudi-Arabia,2026,Regular Season - 6,True,2938,Al-Ittihad FC,True,2944,Al-Fayha,False,2.0,1.0,1.0,1.0,2.0,1.0
110482,,UTC,2017-08-19 17:50:00+00:00,1503165000,1503165000.0,1503168600.0,,Prince Salman Bin Abdulaziz Sport City Stadium,Al Majma'ah,Match Finished,FT,90.0,,307,Pro League,Saudi-Arabia,2017,Regular Season - 2,True,2944,Al-Fayha,False,2938,Al-Ittihad FC,True,2.0,5.0,1.0,1.0,2.0,5.0
151763,"Matteo Konger, New Zealand",UTC,2018-11-10 13:50:00+00:00,1541857800,1541857800.0,1541861400.0,,Prince Salman Bin Abdulaziz Sport City Stadium,Al Majma'ah,Match Finished,FT,90.0,,307,Pro League,Saudi-Arabia,2018,Regular Season - 9,True,2944,Al-Fayha,True,2938,Al-Ittihad FC,False,2.0,1.0,1.0,1.0,2.0,1.0
234870,S. Moen,UTC,2019-12-19 11:15:00+00:00,1576754100,1576754100.0,1576757700.0,1367.0,Al Majma'ah Sports City Stadium,Al Majma'ah,Match Finished,FT,90.0,,307,Pro League,Saudi-Arabia,2019,Regular Season - 12,True,2944,Al-Fayha,True,2938,Al-Ittihad FC,False,4.0,1.0,1.0,1.0,4.0,1.0
739965,Turki Al Khudair,UTC,2021-08-11 16:15:00+00:00,1628698500,1628698500.0,1628702100.0,1367.0,Al Majma'ah Sports City Stadium,Al Majma'ah,Match Finished,FT,90.0,,307,Pro League,Saudi-Arabia,2021,Regular Season - 1,True,2944,Al-Fayha,True,2938,Al-Ittihad FC,False,1.0,0.0,1.0,0.0,1.0,0.0
844143,S. Vinčić,UTC,2022-04-04 19:00:00+00:00,1649098800,1649098800.0,1649102400.0,1367.0,Al Majma'ah Sports City Stadium,Al Majma'ah,Match Finished,FT,90.0,,504,King's Cup,Saudi-Arabia,2022,Semi-finals,False,2944,Al-Fayha,True,2938,Al-Ittihad FC,False,1.0,0.0,1.0,0.0,1.0,0.0
976762,Fábio Veríssimo,UTC,2023-05-27 18:00:00+00:00,1685210400,1685210400.0,1685214000.0,1367.0,Al Majma'ah Sports City Stadium,Al Majma'ah,Match Finished,FT,90.0,,307,Pro League,Saudi-Arabia,2022,Regular Season - 29,True,2944,Al-Fayha,False,2938,Al-Ittihad FC,True,0.0,3.0,0.0,2.0,0.0,3.0
981790,I. Kružliak,UTC,2023-03-13 14:30:00+00:00,1678717800,1678717800.0,1678721400.0,1367.0,Al Majma'ah Sports City Stadium,Al Majma'ah,Match Finished,PEN,120.0,,504,King's Cup,Saudi-Arabia,2023,Quarter-finals,False,2944,Al-Fayha,False,2938,Al-Ittihad FC,True,1.0,1.0,1.0,1.0,1.0,1.0
1074305,B. Dankert,UTC,2023-09-29 15:00:00+00:00,1695999600,1695999600.0,1696003200.0,1367.0,King Fahd International Stadium,Riyadh,Match Finished,FT,90.0,,307,Pro League,Saudi-Arabia,2023,Regular Season - 8,True,2944,Al-Fayha,,2938,Al-Ittihad FC,,0.0,0.0,0.0,0.0,0.0,0.0
1136331,T. Bognár,UTC,2023-10-31 14:45:00+00:00,1698763500,1698763500.0,1698767100.0,1361.0,King Fahd International Stadium,Riyadh,Match Finished,FT,90.0,,504,King's Cup,Saudi-Arabia,2024,Round of 16,False,2944,Al-Fayha,False,2938,Al-Ittihad FC,True,0.0,3.0,0.0,1.0,0.0,3.0
1252541,Khalid Al Turais,UTC,2025-01-11 17:00:00+00:00,1736614800,1736614800.0,1736618400.0,1367.0,King Abdullah Sport City Stadium,Buraidah,Match Finished,FT,90.0,14.0,307,Pro League,Saudi-Arabia,2024,Regular Season - 14,True,2944,Al-Fayha,,2938,Al-Ittihad FC,,1.0,1.0,0.0,0.0,1.0,1.0
1435952,"Majed Mohammed Al-Shamrani, Saudi Arabia",UTC,2025-10-17 15:05:00+00:00,1760713500,1760713500.0,1760717100.0,1367.0,King Abdullah Sports City Stadium,Buraidah,Match Finished,FT,90.0,9.0,307,Pro League,Saudi-Arabia,2025,Regular Season - 5,True,2944,Al-Fayha,,2938,Al-Ittihad FC,,1.0,1.0,1.0,0.0,1.0,1.0
1603174,,UTC,2027-03-18 18:00:00+00:00,1805392800,,,,King Abdullah Sports City Stadium,Buraidah,Not Started,NS,,,307,Pro League,Saudi-Arabia,2026,Regular Season - 23,True,2944,Al-Fayha,,2938,Al-Ittihad FC,,,,,,,
151781,"Svein Oddvar Moen, Norway",UTC,2018-12-02 14:15:00+00:00,1543760100,1543760100.0,1543763700.0,1364.0,King Abdullah Sports City,Jeddah,Match Finished,FT,90.0,,307,Pro League,Saudi-Arabia,2018,Regular Season - 11,True,2938,Al-Ittihad FC,,2945,Al-Hazm,,2.0,2.0,0.0,1.0,2.0,2.0
234821,M. Perez,UTC,2019-10-04 17:10:00+00:00,1570209000,1570209000.0,1570212600.0,1364.0,King Abdullah Sports City,Jeddah,Match Finished,FT,90.0,,307,Pro League,Saudi-Arabia,2019,Regular Season - 6,True,2938,Al-Ittihad FC,False,2945,Al-Hazm,True,1.0,2.0,1.0,1.0,1.0,2.0
825030,A. Cunha,UTC,2022-03-18 15:05:00+00:00,1647615900,1647615900.0,1647619500.0,1364.0,King Abdullah Sports City,Jeddah,Match Finished,FT,90.0,,307,Pro League,Saudi-Arabia,2021,Regular Season - 25,True,2938,Al-Ittihad FC,True,2945,Al-Hazm,False,3.0,0.0,0.0,0.0,3.0,0.0
1074329,A. Herrera,UTC,2023-10-26 18:00:00+00:00,1698343200,1698343200.0,1698346800.0,19932.0,Prince Abdullah al-Faisal Stadium,Jeddah,Match Finished,FT,90.0,,307,Pro League,Saudi-Arabia,2023,Regular Season - 11,True,2938,Al-Ittihad FC,,2945,Al-Hazm,,2.0,2.0,1.0,0.0,2.0,2.0
1436147,S. Al Hunfush,UTC,2026-04-03 16:15:00+00:00,1775232900,1775232900.0,1775236500.0,1364.0,King Abdullah Sports City,Jeddah,Match Finished,FT,90.0,4.0,307,Pro League,Saudi-Arabia,2025,Regular Season - 27,True,2938,Al-Ittihad FC,True,2945,Al-Hazm,False,1.0,0.0,0.0,0.0,1.0,0.0
1602991,"Abdullah Al-Harbi, Saudi Arabia",UTC,2026-08-24 18:00:00+00:00,1787594400,1787594400.0,1787598000.0,1364.0,King Abdullah Sports City,Jeddah,Match Finished,FT,90.0,9.0,307,Pro League,Saudi-Arabia,2026,Regular Season - 3,True,2938,Al-Ittihad FC,True,2945,Al-Hazm,False,3.0,2.0,2.0,1.0,3.0,2.0
151883,"Ovidiu Hategan, Romania",UTC,2019-03-16 12:00:00+00:00,1552737600,1552737600.0,1552741200.0,,Al Hazem Club Stadium,Ar Rass,Match Finished,FT,90.0,,307,Pro League,Saudi-Arabia,2018,Regular Season - 24,True,2945,Al-Hazm,False,2938,Al-Ittihad FC,True,0.0,3.0,0.0,1.0,0.0,3.0
312895,B. Madden,UTC,2020-03-05 14:45:00+00:00,1583419500,1583419500.0,1583423100.0,,Ar-Rass Stadium,Rass,Match Finished,FT,90.0,,307,Pro League,Saudi-Arabia,2019,Regular Season - 21,True,2945,Al-Hazm,,2938,Al-Ittihad FC,,1.0,1.0,0.0,0.0,1.0,1.0
740037,Abdullah Al-Shehri,UTC,2021-10-28 15:05:00+00:00,1635433500,1635433500.0,1635437100.0,,Ar-Rass Stadium,Rass,Match Finished,FT,90.0,,307,Pro League,Saudi-Arabia,2021,Regular Season - 10,True,2945,Al-Hazm,False,2938,Al-Ittihad FC,True,0.0,1.0,0.0,0.0,0.0,1.0
1074483,Mohammed Al-Daqqash,UTC,2024-04-20 18:00:00+00:00,1713636000,1713636000.0,1713639600.0,1377.0,King Abdullah Sport City Stadium,Buraidah,Match Finished,FT,90.0,,307,Pro League,Saudi-Arabia,2023,Regular Season - 28,True,2945,Al-Hazm,False,2938,Al-Ittihad FC,True,2.0,3.0,0.0,1.0,2.0,3.0
1435996,S. Al Hunfush,UTC,2026-02-24 19:00:00+00:00,1771959600,1771959600.0,1771963200.0,,Al-Hazem Club Stadium,Ar Rass,Match Finished,FT,90.0,6.0,307,Pro League,Saudi-Arabia,2025,Regular Season - 10,True,2945,Al-Hazm,,2938,Al-Ittihad FC,,1.0,1.0,0.0,0.0,1.0,1.0
1603146,,UTC,2027-02-18 19:00:00+00:00,1802977200,,,,Al-Hazem Club Stadium,Ar Rass,Not Started,NS,,,307,Pro League,Saudi-Arabia,2026,Regular Season - 20,True,2945,Al-Hazm,,2938,Al-Ittihad FC,,,,,,,
234840,Kim Jong-Hyeok,UTC,2019-10-27 14:25:00+00:00,1572186300,1572186300.0,1572189900.0,1364.0,King Abdullah Sports City,Jeddah,Match Finished,FT,90.0,,307,Pro League,Saudi-Arabia,2019,Regular Season - 8,True,2938,Al-Ittihad FC,False,2951,Abha,True,1.0,2.0,0.0,1.0,1.0,2.0
635965,Faisal Alblwi,UTC,2021-01-14 16:10:00+00:00,1610640600,1610640600.0,1610644200.0,1364.0,King Abdullah Sports City,Jeddah,Match Finished,FT,90.0,,307,Pro League,Saudi-Arabia,2020,Regular Season - 13,True,2938,Al-Ittihad FC,False,2951,Abha,True,0.0,1.0,0.0,0.0,0.0,1.0
739991,Ahmad Al Rumaikhani,UTC,2021-09-11 17:35:00+00:00,1631381700,1631381700.0,1631385300.0,1364.0,King Abdullah Sports City,Jeddah,Match Finished,FT,90.0,,307,Pro League,Saudi-Arabia,2021,Regular Season - 4,True,2938,Al-Ittihad FC,True,2951,Abha,False,6.0,1.0,3.0,1.0,6.0,1.0
976738,N. Dabanović,UTC,2023-05-08 18:30:00+00:00,1683570600,1683570600.0,1683574200.0,1364.0,King Abdullah Sports City,Jeddah,Match Finished,FT,90.0,,307,Pro League,Saudi-Arabia,2022,Regular Season - 26,True,2938,Al-Ittihad FC,True,2951,Abha,False,4.0,0.0,3.0,0.0,4.0,0.0
1074351,K. Ortega,UTC,2023-11-10 18:00:00+00:00,1699639200,1699639200.0,1699642800.0,19932.0,Prince Abdullah al-Faisal Stadium,Jeddah,Match Finished,FT,90.0,,307,Pro League,Saudi-Arabia,2023,Regular Season - 13,True,2938,Al-Ittihad FC,True,2951,Abha,False,4.0,2.0,1.0,0.0,4.0,2.0
1603229,,UTC,2027-04-29 18:00:00+00:00,1809021600,,,1364.0,King Abdullah Sports City,Jeddah,Not Started,NS,,,307,Pro League,Saudi-Arabia,2026,Regular Season - 29,True,2938,Al-Ittihad FC,,2951,Abha,,,,,,,
312916,Majed Al Shamrani,UTC,2020-08-04 16:15:00+00:00,1596557700,1596557700.0,1596561300.0,10516.0,Prince Sultan bin Abdulaziz Sports City Stadium,Abha,Match Finished,FT,90.0,,307,Pro League,Saudi-Arabia,2019,Regular Season - 23,True,2951,Abha,True,2938,Al-Ittihad FC,False,2.0,1.0,0.0,1.0,2.0,1.0
657863,Khaled Salwi,UTC,2021-05-20 16:15:00+00:00,1621527300,1621527300.0,1621530900.0,10516.0,Prince Sultan bin Abdulaziz Sports City Stadium,Abha,Match Finished,FT,90.0,,307,Pro League,Saudi-Arabia,2020,Regular Season - 28,True,2951,Abha,False,2938,Al-Ittihad FC,True,1.0,2.0,1.0,2.0,1.0,2.0
824983,Khaled Al Teris,UTC,2022-02-06 12:05:00+00:00,1644149100,1644149100.0,1644152700.0,10516.0,Prince Sultan bin Abdulaziz Sports City Stadium,Abha,Match Finished,FT,90.0,,307,Pro League,Saudi-Arabia,2021,Regular Season - 19,True,2951,Abha,False,2938,Al-Ittihad FC,True,0.0,4.0,0.0,0.0,0.0,4.0
931988,A. Sidiropoulos,UTC,2022-12-31 11:30:00+00:00,1672486200,1672486200.0,1672489800.0,10516.0,Prince Sultan bin Abdulaziz Sports City Stadium,Abha,Match Finished,FT,90.0,,307,Pro League,Saudi-Arabia,2022,Regular Season - 11,True,2951,Abha,False,2938,Al-Ittihad FC,True,1.0,2.0,0.0,1.0,1.0,2.0
1074502,Ahmad Al Rumaikhani,UTC,2024-05-03 18:00:00+00:00,1714759200,1714759200.0,1714762800.0,10516.0,Prince Sultan bin Abdulaziz Sports City Stadium,Abha,Match Finished,FT,90.0,,307,Pro League,Saudi-Arabia,2023,Regular Season - 30,True,2951,Abha,True,2938,Al-Ittihad FC,False,3.0,1.0,0.0,0.0,3.0,1.0
1603071,,UTC,2026-10-30 13:45:00+00:00,1793367900,,,,Prince Sultan bin Abdul Aziz Stadium,Abha,Not Started,NS,,,307,Pro League,Saudi-Arabia,2026,Regular Season - 12,True,2951,Abha,,2938,Al-Ittihad FC,,,,,,,
1252641,Faisal Alblwi,UTC,2025-03-14 19:00:00+00:00,1741978800,1741978800.0,1741982400.0,19933.0,Al-Awwal Park,Riyadh,Match Finished,FT,90.0,6.0,307,Pro League,Saudi-Arabia,2024,Regular Season - 25,True,2939,Al-Nassr,True,10509,Al Kholood,False,3.0,1.0,3.0,0.0,3.0,1.0
1435930,R. De Burgos,UTC,2025-09-14 18:00:00+00:00,1757872800,1757872800.0,1757876400.0,,King Saud University Stadium,Riyadh,Match Finished,FT,90.0,6.0,307,Pro League,Saudi-Arabia,2025,Regular Season - 2,True,2939,Al-Nassr,True,10509,Al Kholood,False,2.0,0.0,0.0,0.0,2.0,0.0
1603076,,UTC,2026-10-29 18:00:00+00:00,1793296800,,,,King Saud University Stadium,Riyadh,Not Started,NS,,,307,Pro League,Saudi-Arabia,2026,Regular Season - 12,True,2939,Al-Nassr,,10509,Al Kholood,,,,,,,
1635220,,UTC,2026-12-01 17:00:00+00:00,1796144400,,,,King Saud University Stadium,Riyadh,Not Started,NS,,,504,King's Cup,Saudi-Arabia,2027,Round of 16,False,2939,Al-Nassr,,10509,Al Kholood,,,,,,,
1252487,G. Kabakov,UTC,2024-10-25 15:05:00+00:00,1729868700,1729868700.0,1729872300.0,1377.0,King Abdullah Sport City Stadium,Buraidah,Match Finished,FT,90.0,10.0,307,Pro League,Saudi-Arabia,2024,Regular Season - 8,True,10509,Al Kholood,,2939,Al-Nassr,,3.0,3.0,2.0,2.0,3.0,3.0
1436083,A. Al Owaidan,UTC,2026-01-30 17:30:00+00:00,1769794200,1769794200.0,1769797800.0,,King Abdullah Sports City Stadium,Buraidah,Match Finished,FT,90.0,4.0,307,Pro League,Saudi-Arabia,2025,Regular Season - 19,True,10509,Al Kholood,False,2939,Al-Nassr,True,0.0,3.0,0.0,0.0,0.0,3.0
1603230,,UTC,2027-04-29 18:00:00+00:00,1809021600,,,,Al-Hazem Club Stadium,Ar Rass,Not Started,NS,,,307,Pro League,Saudi-Arabia,2026,Regular Season - 29,True,10509,Al Kholood,,2939,Al-Nassr,,,,,,,
1074375,Majed Alshamrani,UTC,2023-12-08 18:00:00+00:00,1702058400,1702058400.0,1702062000.0,1374.0,Al Awal Park at King Saud University,Riyadh,Match Finished,FT,90.0,,307,Pro League,Saudi-Arabia,2023,Regular Season - 16,True,2939,Al-Nassr,True,10511,Al Riyadh,False,4.0,1.0,2.0,0.0,4.0,1.0
1252661,E. Lambrechts,UTC,2025-04-12 18:00:00+00:00,1744480800,1744480800.0,1744484400.0,19933.0,Al-Awwal Park,Riyadh,Match Finished,FT,90.0,15.0,307,Pro League,Saudi-Arabia,2024,Regular Season - 27,True,2939,Al-Nassr,True,10511,Al Riyadh,False,2.0,1.0,0.0,1.0,2.0,1.0
1435939,U. Schnyder,UTC,2025-09-20 18:00:00+00:00,1758391200,1758391200.0,1758394800.0,,King Saud University Stadium,Riyadh,Match Finished,FT,90.0,6.0,307,Pro League,Saudi-Arabia,2025,Regular Season - 3,True,2939,Al-Nassr,True,10511,Al Riyadh,False,5.0,1.0,3.0,0.0,5.0,1.0
1603139,,UTC,2027-02-11 19:00:00+00:00,1802372400,,,,King Saud University Stadium,Riyadh,Not Started,NS,,,307,Pro League,Saudi-Arabia,2026,Regular Season - 19,True,2939,Al-Nassr,,10511,Al Riyadh,,,,,,,
1074534,Khalid Al Turais,UTC,2024-05-23 18:00:00+00:00,1716487200,1716487200.0,1716490800.0,7224.0,Prince Faisal bin Fahd Stadium,Riyadh,Match Finished,FT,90.0,,307,Pro League,Saudi-Arabia,2023,Regular Season - 33,True,10511,Al Riyadh,,2939,Al-Nassr,,2.0,2.0,2.0,1.0,2.0,2.0
1252508,N. Dabanović,UTC,2024-11-08 17:00:00+00:00,1731085200,1731085200.0,1731088800.0,1374.0,Prince Faisal bin Fahd Stadium,Riyadh,Match Finished,FT,90.0,6.0,307,Pro League,Saudi-Arabia,2024,Regular Season - 10,True,10511,Al Riyadh,False,2939,Al-Nassr,True,0.0,1.0,0.0,1.0,0.0,1.0
1436087,K. Al Turais,UTC,2026-02-02 15:15:00+00:00,1770045300,1770045300.0,1770048900.0,1374.0,Prince Faisal bin Fahd Stadium,Riyadh,Match Finished,FT,90.0,9.0,307,Pro League,Saudi-Arabia,2025,Regular Season - 20,True,10511,Al Riyadh,False,2939,Al-Nassr,True,0.0,1.0,0.0,1.0,0.0,1.0
1602982,"Abdullah Al-Owaidan, Saudi Arabia",UTC,2026-08-21 16:00:00+00:00,1787328000,1787328000.0,1787331600.0,1374.0,Prince Faisal bin Fahd Stadium,Riyadh,Match Finished,FT,90.0,2.0,307,Pro League,Saudi-Arabia,2026,Regular Season - 2,True,10511,Al Riyadh,False,2939,Al-Nassr,True,0.0,4.0,0.0,2.0,0.0,4.0
1436133,K. Al Turais,UTC,2026-03-07 19:00:00+00:00,1772910000,1772910000.0,1772913600.0,,King Saud University Stadium,Riyadh,Match Finished,FT,90.0,11.0,307,Pro League,Saudi-Arabia,2025,Regular Season - 25,True,2939,Al-Nassr,True,10513,NEOM,False,1.0,0.0,0.0,0.0,1.0,0.0
1603059,,UTC,2026-10-20 18:00:00+00:00,1792519200,,,,King Saud University Stadium,Riyadh,Not Started,NS,,,307,Pro League,Saudi-Arabia,2026,Regular Season - 10,True,2939,Al-Nassr,,10513,NEOM,,,,,,,
1435980,"Abdullah Al-Shehri, Saudi Arabia",UTC,2025-11-08 13:50:00+00:00,1762609800,1762609800.0,1762613400.0,,King Khalid Sports City,Tabuk,Match Finished,FT,90.0,5.0,307,Pro League,Saudi-Arabia,2025,Regular Season - 8,True,10513,NEOM,False,2939,Al-Nassr,True,1.0,3.0,0.0,0.0,1.0,3.0
1603214,,UTC,2027-04-18 18:00:00+00:00,1808071200,,,,King Khalid Sports City,Tabuk,Not Started,NS,,,307,Pro League,Saudi-Arabia,2026,Regular Season - 27,True,10513,NEOM,,2939,Al-Nassr,,,,,,,
1603042,,UTC,2026-10-09 18:00:00+00:00,1791568800,,,,King Saud University Stadium,Riyadh,Not Started,NS,,,307,Pro League,Saudi-Arabia,2026,Regular Season - 8,True,2939,Al-Nassr,,26738,Al Diriyah,,,,,,,
1561574,M. Al Shamrani,UTC,2026-08-18 18:00:00+00:00,1787076000,1787076000.0,1787079600.0,,Prince Turki bin Abdul Aziz Stadium,Riyadh,Match Finished,FT,90.0,4.0,504,King's Cup,Saudi-Arabia,2027,Round of 32,False,26738,Al Diriyah,False,2939,Al-Nassr,True,1.0,4.0,1.0,3.0,1.0,4.0
1603189,,UTC,2027-04-08 18:00:00+00:00,1807207200,,,,Prince Turki bin Abdul Aziz Stadium,Riyadh,Not Started,NS,,,307,Pro League,Saudi-Arabia,2026,Regular Season - 25,True,26738,Al Diriyah,,2939,Al-Nassr,,,,,,,
110140,,UTC,2017-04-29 17:50:00+00:00,1493488200,1493488200.0,1493491800.0,,King Fahd Stadium,Riyadh,Match Finished,FT,90.0,,307,Pro League,Saudi-Arabia,2016,Regular Season - 25,True,2939,Al-Nassr,True,2940,Al Shabab,False,1.0,0.0,0.0,0.0,1.0,0.0
110337,,UTC,2018-03-07 16:30:00+00:00,1520440200,1520440200.0,1520443800.0,,Prince Faisal bin Fahd Stadium (Ar-Riyāḍ (Riyadh)),,Match Finished,FT,90.0,,307,Pro League,Saudi-Arabia,2017,Regular Season - 18,True,2939,Al-Nassr,True,2940,Al Shabab,False,1.0,0.0,0.0,0.0,1.0,0.0
151771,"Pavel Kralovec, Czech Republic",UTC,2018-11-23 15:40:00+00:00,1542987600,1542987600.0,1542991200.0,1374.0,Prince Faisal bin Fahd Stadium,Riyadh,Match Finished,FT,90.0,,307,Pro League,Saudi-Arabia,2018,Regular Season - 10,True,2939,Al-Nassr,True,2940,Al Shabab,False,1.0,0.0,1.0,0.0,1.0,0.0
234795,D. Stefanski,UTC,2019-09-13 17:35:00+00:00,1568396100,1568396100.0,1568399700.0,1361.0,King Fahd International Stadium,Riyadh,Match Finished,FT,90.0,,307,Pro League,Saudi-Arabia,2019,Regular Season - 3,True,2939,Al-Nassr,,2940,Al Shabab,,0.0,0.0,0.0,0.0,0.0,0.0
657785,Turki Al Khudair,UTC,2021-02-13 16:20:00+00:00,1613233200,1613233200.0,1613236800.0,1369.0,King Saud University Stadium,Riyadh,Match Finished,FT,90.0,,307,Pro League,Saudi-Arabia,2020,Regular Season - 18,True,2939,Al-Nassr,False,2940,Al Shabab,True,0.0,4.0,0.0,2.0,0.0,4.0
851992,Mohammed Al Hoaish,UTC,2022-05-06 17:50:00+00:00,1651859400,1651859400.0,1651863000.0,12277.0,Mrsool Park,Riyadh,Match Finished,FT,90.0,,307,Pro League,Saudi-Arabia,2021,Regular Season - 26,True,2939,Al-Nassr,True,2940,Al Shabab,False,4.0,2.0,3.0,0.0,4.0,2.0
976754,D. Orsato,UTC,2023-05-23 18:30:00+00:00,1684866600,1684866600.0,1684870200.0,12277.0,Al Awal Park at King Saud University,Riyadh,Match Finished,FT,90.0,,307,Pro League,Saudi-Arabia,2022,Regular Season - 28,True,2939,Al-Nassr,True,2940,Al Shabab,False,3.0,2.0,1.0,2.0,3.0,2.0
1028723,L. Bekouassa,UTC,2023-07-28 19:00:00+00:00,1690570800,1690570800.0,1690574400.0,2904.0,King Fahd Sport City Stadium,Ta'if,Match Finished,FT,90.0,,768,Arab Club Champions Cup,World,2023,Group Stage - 1,False,2939,Al-Nassr,,2940,Al Shabab,,0.0,0.0,0.0,0.0,0.0,0.0
1074274,I. Elfath,UTC,2023-08-29 18:00:00+00:00,1693332000,1693332000.0,1693335600.0,1374.0,Al Awal Park at King Saud University,Riyadh,Match Finished,FT,90.0,,307,Pro League,Saudi-Arabia,2023,Regular Season - 4,True,2939,Al-Nassr,True,2940,Al Shabab,False,4.0,0.0,3.0,0.0,4.0,0.0
1252631,F. Tello,UTC,2025-03-07 19:00:00+00:00,1741374000,1741374000.0,1741377600.0,19933.0,Al-Awwal Park,Riyadh,Match Finished,FT,90.0,8.0,307,Pro League,Saudi-Arabia,2024,Regular Season - 24,True,2939,Al-Nassr,,2940,Al Shabab,,2.0,2.0,2.0,1.0,2.0,2.0
1436055,"Mohammed Khled Hoish, Saudi Arabia",UTC,2026-01-17 17:30:00+00:00,1768671000,1768671000.0,1768674600.0,,King Saud University Stadium,Riyadh,Match Finished,FT,90.0,7.0,307,Pro League,Saudi-Arabia,2025,Regular Season - 16,True,2939,Al-Nassr,True,2940,Al Shabab,False,3.0,2.0,2.0,1.0,3.0,2.0
1603104,,UTC,2026-11-26 17:00:00+00:00,1795712400,,,,King Saud University Stadium,Riyadh,Not Started,NS,,,307,Pro League,Saudi-Arabia,2026,Regular Season - 15,True,2939,Al-Nassr,,2940,Al Shabab,,,,,,,
110228,,UTC,2016-12-09 15:55:00+00:00,1481298900,1481298900.0,1481302500.0,1374.0,Prince Faisal bin Fahd Stadium,Riyadh,Match Finished,FT,90.0,,307,Pro League,Saudi-Arabia,2016,Regular Season - 12,True,2940,Al Shabab,,2939,Al-Nassr,,1.0,1.0,1.0,1.0,1.0,1.0
110464,Fahad Al Mirdasi,UTC,2017-09-29 17:15:00+00:00,1506705300,1506705300.0,1506708900.0,1374.0,Prince Faisal bin Fahd Stadium,Riyadh,Match Finished,FT,90.0,,307,Pro League,Saudi-Arabia,2017,Regular Season - 5,True,2940,Al Shabab,False,2939,Al-Nassr,True,0.0,1.0,0.0,0.0,0.0,1.0
151865,"Tasos Sidiropoulos, Greece",UTC,2019-02-28 16:30:00+00:00,1551371400,1551371400.0,1551375000.0,1374.0,Prince Faisal bin Fahd Stadium,Riyadh,Match Finished,FT,90.0,,307,Pro League,Saudi-Arabia,2018,Regular Season - 22,True,2940,Al Shabab,False,2939,Al-Nassr,True,0.0,1.0,0.0,1.0,0.0,1.0
312877,O. Hațegan,UTC,2020-02-14 14:25:00+00:00,1581690300,1581690300.0,1581693900.0,1374.0,Prince Faisal bin Fahd Stadium,Riyadh,Match Finished,FT,90.0,,307,Pro League,Saudi-Arabia,2019,Regular Season - 18,True,2940,Al Shabab,False,2939,Al-Nassr,True,2.0,4.0,1.0,1.0,2.0,4.0
635890,Shukri Al Hanfosh,UTC,2020-11-01 15:50:00+00:00,1604245800,1604245800.0,1604249400.0,1374.0,Prince Faisal bin Fahd Stadium,Riyadh,Match Finished,FT,90.0,,307,Pro League,Saudi-Arabia,2020,Regular Season - 3,True,2940,Al Shabab,True,2939,Al-Nassr,False,2.0,1.0,0.0,0.0,2.0,1.0
740052,M. Díaz de Vivar,UTC,2021-11-05 13:50:00+00:00,1636120200,1636120200.0,1636123800.0,1374.0,Prince Faisal bin Fahd Stadium,Riyadh,Match Finished,FT,90.0,,307,Pro League,Saudi-Arabia,2021,Regular Season - 11,True,2940,Al Shabab,True,2939,Al-Nassr,False,1.0,0.0,1.0,0.0,1.0,0.0
932008,C. Turpin,UTC,2023-01-14 16:30:00+00:00,1673713800,1673713800.0,1673717400.0,1374.0,Prince Faisal bin Fahd Stadium,Riyadh,Match Finished,FT,90.0,,307,Pro League,Saudi-Arabia,2022,Regular Season - 13,True,2940,Al Shabab,,2939,Al-Nassr,,0.0,0.0,0.0,0.0,0.0,0.0
1074427,T. Bognár,UTC,2024-02-25 17:00:00+00:00,1708880400,1708880400.0,1708884000.0,1374.0,Al-Shabab Club Stadium,Riyadh,Match Finished,FT,90.0,,307,Pro League,Saudi-Arabia,2023,Regular Season - 21,True,2940,Al Shabab,False,2939,Al-Nassr,True,2.0,3.0,1.0,1.0,2.0,3.0
1141345,Ivan Cisneros,UTC,2023-12-11 18:00:00+00:00,1702317600,1702317600.0,1702321200.0,,Al-Shabab Club Stadium,Riyadh,Match Finished,FT,90.0,,504,King's Cup,Saudi-Arabia,2024,Quarter-finals,False,2940,Al Shabab,False,2939,Al-Nassr,True,2.0,5.0,1.0,3.0,2.0,5.0
1252474,D. Herrera,UTC,2024-10-18 18:00:00+00:00,1729274400,1729274400.0,1729278000.0,,Al-Shabab Club Stadium,Riyadh,Match Finished,FT,90.0,14.0,307,Pro League,Saudi-Arabia,2024,Regular Season - 7,True,2940,Al Shabab,False,2939,Al-Nassr,True,1.0,2.0,0.0,0.0,1.0,2.0
1436201,V. Fotias,UTC,2026-05-07 18:00:00+00:00,1778176800,1778176800.0,1778180400.0,1374.0,Al-Shabab Club Stadium,Riyadh,Match Finished,FT,90.0,10.0,307,Pro League,Saudi-Arabia,2025,Regular Season - 33,True,2940,Al Shabab,False,2939,Al-Nassr,True,2.0,4.0,1.0,2.0,2.0,4.0
1603258,,UTC,2027-05-20 18:00:00+00:00,1810836000,,,,Al-Shabab Club Stadium,Riyadh,Not Started,NS,,,307,Pro League,Saudi-Arabia,2026,Regular Season - 32,True,2940,Al Shabab,,2939,Al-Nassr,,,,,,,
110471,,UTC,2017-09-22 17:20:00+00:00,1506100800,1506100800.0,1506104400.0,,King Fahd Stadium,Riyadh,Match Finished,FT,90.0,,307,Pro League,Saudi-Arabia,2017,Regular Season - 4,True,2939,Al-Nassr,,2944,Al-Fayha,,2.0,2.0,0.0,1.0,2.0,2.0
151862,"Damir Skomina, Slovenia",UTC,2019-02-23 16:25:00+00:00,1550939100,1550939100.0,1550942700.0,1374.0,Prince Faisal bin Fahd Stadium,Riyadh,Match Finished,FT,90.0,,307,Pro League,Saudi-Arabia,2018,Regular Season - 21,True,2939,Al-Nassr,True,2944,Al-Fayha,False,1.0,0.0,0.0,0.0,1.0,0.0
312953,G. Mažeika,UTC,2020-08-29 17:40:00+00:00,1598722800,1598722800.0,1598726400.0,1361.0,King Fahd International Stadium,Riyadh,Match Finished,FT,90.0,,307,Pro League,Saudi-Arabia,2019,Regular Season - 28,True,2939,Al-Nassr,True,2944,Al-Fayha,False,2.0,1.0,1.0,1.0,2.0,1.0
336127,,UTC,2017-01-21 15:10:00+00:00,1485011400,1485011400.0,1485015000.0,,Prince Faisal bin Fahd Stadium (Ar-Riyāḍ (Riyadh)),,Match Finished,FT,90.0,,504,King's Cup,Saudi-Arabia,2017,16th Finals,False,2939,Al-Nassr,True,2944,Al-Fayha,False,4.0,0.0,,,4.0,0.0
825028,Raed Al Zahrani,UTC,2022-03-17 16:50:00+00:00,1647535800,1647535800.0,1647539400.0,12277.0,Mrsool Park,Riyadh,Match Finished,FT,90.0,,307,Pro League,Saudi-Arabia,2021,Regular Season - 25,True,2939,Al-Nassr,True,2944,Al-Fayha,False,1.0,0.0,0.0,0.0,1.0,0.0
931966,Mohammed Al Esmaiel,UTC,2022-10-16 14:45:00+00:00,1665931500,1665931500.0,1665935100.0,12277.0,Mrsool Park,Riyadh,Match Finished,FT,90.0,,307,Pro League,Saudi-Arabia,2022,Regular Season - 8,True,2939,Al-Nassr,True,2944,Al-Fayha,False,4.0,0.0,0.0,0.0,4.0,0.0
1074485,Mohammed Alharbi,UTC,2024-04-19 15:00:00+00:00,1713538800,1713538800.0,1713542400.0,1374.0,Al Awal Park at King Saud University,Riyadh,Match Finished,FT,90.0,,307,Pro League,Saudi-Arabia,2023,Regular Season - 28,True,2939,Al-Nassr,True,2944,Al-Fayha,False,3.0,1.0,0.0,1.0,3.0,1.0
1155148,Ma Ning,UTC,2024-02-21 18:00:00+00:00,1708538400,1708538400.0,1708542000.0,,Al Awal Park at King Saud University,Riyadh,Match Finished,FT,90.0,,17,AFC Champions League,World,2023,Round of 16,True,2939,Al-Nassr,True,2944,Al-Fayha,False,2.0,0.0,1.0,0.0,2.0,0.0
1252587,N. Dabanović,UTC,2025-02-07 15:20:00+00:00,1738941600,1738941600.0,1738945200.0,19933.0,Al-Awwal Park,Riyadh,Match Finished,FT,90.0,9.0,307,Pro League,Saudi-Arabia,2024,Regular Season - 19,True,2939,Al-Nassr,True,2944,Al-Fayha,False,3.0,0.0,1.0,0.0,3.0,0.0
1435972,"Mohammed Khled Hoish, Saudi Arabia",UTC,2025-11-01 17:30:00+00:00,1762018200,1762018200.0,1762021800.0,,King Saud University Stadium,Riyadh,Match Finished,FT,90.0,,307,Pro League,Saudi-Arabia,2025,Regular Season - 7,True,2939,Al-Nassr,True,2944,Al-Fayha,False,2.0,1.0,1.0,1.0,2.0,1.0
1603266,,UTC,2027-05-24 18:00:00+00:00,1811181600,,,,King Saud University Stadium,Riyadh,Not Started,NS,,,307,Pro League,Saudi-Arabia,2026,Regular Season - 33,True,2939,Al-Nassr,,2944,Al-Fayha,,,,,,,
110383,I. Elfath,UTC,2018-01-11 16:00:00+00:00,1515686400,1515686400.0,1515690000.0,,King Salman bin Abdulaziz Sport City Stadium (Al Majma'ah),,Match Finished,FT,90.0,,307,Pro League,Saudi-Arabia,2017,Regular Season - 17,True,2944,Al-Fayha,True,2939,Al-Nassr,False,1.0,0.0,1.0,0.0,1.0,0.0
151750,"Milorad Mazic, Serbia",UTC,2018-10-26 16:45:00+00:00,1540572300,1540572300.0,1540575900.0,,Prince Salman Bin Abdulaziz Sport City Stadium,Al Majma'ah,Match Finished,FT,90.0,,307,Pro League,Saudi-Arabia,2018,Regular Season - 7,True,2944,Al-Fayha,,2939,Al-Nassr,,1.0,1.0,0.0,1.0,1.0,1.0
234880,Artur Soares Dias,UTC,2019-12-28 11:20:00+00:00,1577532000,1577532000.0,1577535600.0,1367.0,Al Majma'ah Sports City Stadium,Al Majma'ah,Match Finished,FT,90.0,,307,Pro League,Saudi-Arabia,2019,Regular Season - 13,True,2944,Al-Fayha,False,2939,Al-Nassr,True,1.0,4.0,1.0,0.0,1.0,4.0
336063,,UTC,2019-01-21 15:15:00+00:00,1548083700,1548083700.0,1548087300.0,,King Salman bin Abdulaziz Sport City Stadium,Al Majma'ah,Match Finished,FT,90.0,,504,King's Cup,Saudi-Arabia,2019,8th Finals,False,2944,Al-Fayha,False,2939,Al-Nassr,True,0.0,6.0,0.0,0.0,0.0,6.0
740044,P. Maza,UTC,2021-10-30 16:50:00+00:00,1635612600,1635612600.0,1635616200.0,1367.0,Al Majma'ah Sports City Stadium,Al Majma'ah,Match Finished,FT,90.0,,307,Pro League,Saudi-Arabia,2021,Regular Season - 10,True,2944,Al-Fayha,,2939,Al-Nassr,,1.0,1.0,0.0,1.0,1.0,1.0
976714,T. Bognár,UTC,2023-04-09 19:00:00+00:00,1681066800,1681066800.0,1681070400.0,1367.0,Al Majma'ah Sports City Stadium,Al Majma'ah,Match Finished,FT,90.0,,307,Pro League,Saudi-Arabia,2022,Regular Season - 23,True,2944,Al-Fayha,,2939,Al-Nassr,,0.0,0.0,0.0,0.0,0.0,0.0
1074336,A. Sidiropoulos,UTC,2023-10-28 15:00:00+00:00,1698505200,1698505200.0,1698508800.0,1367.0,King Fahd International Stadium,Riyadh,Match Finished,FT,90.0,,307,Pro League,Saudi-Arabia,2023,Regular Season - 11,True,2944,Al-Fayha,False,2939,Al-Nassr,True,1.0,3.0,0.0,0.0,1.0,3.0
1155147,Salman Ahmad Falahi,UTC,2024-02-14 18:00:00+00:00,1707933600,1707933600.0,1707937200.0,,Prince Faisal bin Fahd Stadium,Riyadh,Match Finished,FT,90.0,,17,AFC Champions League,World,2023,Round of 16,True,2944,Al-Fayha,False,2939,Al-Nassr,True,0.0,1.0,0.0,0.0,0.0,1.0
1252430,Majed Alshamrani,UTC,2024-08-27 18:00:00+00:00,1724781600,1724781600.0,1724785200.0,1377.0,King Abdullah Sport City Stadium,Buraidah,Match Finished,FT,90.0,,307,Pro League,Saudi-Arabia,2024,Regular Season - 2,True,2944,Al-Fayha,False,2939,Al-Nassr,True,1.0,4.0,0.0,2.0,1.0,4.0
1436126,A. Al Owaidan,UTC,2026-02-28 19:00:00+00:00,1772305200,1772305200.0,1772308800.0,1367.0,King Abdullah Sports City Stadium,Buraidah,Match Finished,FT,90.0,7.0,307,Pro League,Saudi-Arabia,2025,Regular Season - 24,True,2944,Al-Fayha,False,2939,Al-Nassr,True,1.0,3.0,1.0,0.0,1.0,3.0
1603109,,UTC,2026-12-03 17:00:00+00:00,1796317200,,,,King Abdullah Sports City Stadium,Buraidah,Not Started,NS,,,307,Pro League,Saudi-Arabia,2026,Regular Season - 16,True,2944,Al-Fayha,,2939,Al-Nassr,,,,,,,
151732,M. Clattenburg,UTC,2018-10-05 17:40:00+00:00,1538761200,1538761200.0,1538764800.0,1374.0,Prince Faisal bin Fahd Stadium,Riyadh,Match Finished,FT,90.0,,307,Pro League,Saudi-Arabia,2018,Regular Season - 5,True,2939,Al-Nassr,True,2945,Al-Hazm,False,5.0,1.0,1.0,1.0,5.0,1.0
234805,S. Moen,UTC,2019-09-20 17:20:00+00:00,1569000000,1569000000.0,1569003600.0,1361.0,King Fahd International Stadium,Riyadh,Match Finished,FT,90.0,,307,Pro League,Saudi-Arabia,2019,Regular Season - 4,True,2939,Al-Nassr,False,2945,Al-Hazm,True,0.0,1.0,0.0,1.0,0.0,1.0
740076,I. Kružliak,UTC,2021-12-26 13:50:00+00:00,1640526600,1640526600.0,1640530200.0,12277.0,Mrsool Park,Riyadh,Match Finished,FT,90.0,,307,Pro League,Saudi-Arabia,2021,Regular Season - 14,True,2939,Al-Nassr,True,2945,Al-Hazm,False,2.0,1.0,1.0,0.0,2.0,1.0
1074433,Shukri Al Hanfosh,UTC,2024-02-29 17:00:00+00:00,1709226000,1709226000.0,1709229600.0,1374.0,Al Awal Park at King Saud University,Riyadh,Match Finished,FT,90.0,,307,Pro League,Saudi-Arabia,2023,Regular Season - 22,True,2939,Al-Nassr,,2945,Al-Hazm,,4.0,4.0,1.0,0.0,4.0,4.0
1436112,M. Al Ismail,UTC,2026-02-21 19:00:00+00:00,1771700400,1771700400.0,1771704000.0,,King Saud University Stadium,Riyadh,Match Finished,FT,90.0,2.0,307,Pro League,Saudi-Arabia,2025,Regular Season - 23,True,2939,Al-Nassr,True,2945,Al-Hazm,False,4.0,0.0,2.0,0.0,4.0,0.0
1603237,,UTC,2027-05-06 18:00:00+00:00,1809626400,,,,King Saud University Stadium,Riyadh,Not Started,NS,,,307,Pro League,Saudi-Arabia,2026,Regular Season - 30,True,2939,Al-Nassr,,2945,Al-Hazm,,,,,,,
151922,"Viktor Kassai, Hungary",UTC,2019-05-11 19:30:00+00:00,1557603000,1557603000.0,1557606600.0,,Al Hazem Club Stadium,Ar Rass,Match Finished,FT,90.0,,307,Pro League,Saudi-Arabia,2018,Regular Season - 29,True,2945,Al-Hazm,False,2939,Al-Nassr,True,0.0,3.0,0.0,2.0,0.0,3.0
312885,Jorge de Sousa,UTC,2020-02-22 14:40:00+00:00,1582382400,1582382400.0,1582386000.0,,Ar-Rass Stadium,Rass,Match Finished,FT,90.0,,307,Pro League,Saudi-Arabia,2019,Regular Season - 19,True,2945,Al-Hazm,False,2939,Al-Nassr,True,0.0,2.0,0.0,0.0,0.0,2.0
852019,Mohammed Al Hoaish,UTC,2022-06-23 18:00:00+00:00,1656007200,1656007200.0,1656010800.0,,Ar-Rass Stadium,Rass,Match Finished,FT,90.0,,307,Pro League,Saudi-Arabia,2021,Regular Season - 29,True,2945,Al-Hazm,False,2939,Al-Nassr,True,1.0,4.0,0.0,1.0,1.0,4.0
1074282,D. Herrera,UTC,2023-09-02 18:00:00+00:00,1693677600,1693677600.0,1693681200.0,1377.0,King Abdullah Sport City Stadium,Buraidah,Match Finished,FT,90.0,,307,Pro League,Saudi-Arabia,2023,Regular Season - 5,True,2945,Al-Hazm,False,2939,Al-Nassr,True,1.0,5.0,0.0,2.0,1.0,5.0
1207995,D. Siebert,UTC,2024-09-23 15:35:00+00:00,1727105700,1727105700.0,1727109300.0,1377.0,King Abdullah Sport City Stadium,Buraidah,Match Finished,FT,90.0,8.0,504,King's Cup,Saudi-Arabia,2025,Round of 32,False,2945,Al-Hazm,False,2939,Al-Nassr,True,1.0,2.0,0.0,1.0,1.0,2.0
1435966,"Faisal Suleiman Al-Balawi, Saudi Arabia",UTC,2025-10-25 18:00:00+00:00,1761415200,1761415200.0,1761418800.0,1377.0,King Abdullah Sports City Stadium,Buraidah,Match Finished,FT,90.0,7.0,307,Pro League,Saudi-Arabia,2025,Regular Season - 6,True,2945,Al-Hazm,False,2939,Al-Nassr,True,0.0,2.0,0.0,1.0,0.0,2.0
1603085,,UTC,2026-11-05 17:00:00+00:00,1793898000,,,,Al-Hazem Club Stadium,Ar Rass,Not Started,NS,,,307,Pro League,Saudi-Arabia,2026,Regular Season - 13,True,2945,Al-Hazm,,2939,Al-Nassr,,,,,,,
234848,V. Kassai,UTC,2019-11-02 15:50:00+00:00,1572709800,1572709800.0,1572713400.0,1374.0,Prince Faisal bin Fahd Stadium,Riyadh,Match Finished,FT,90.0,,307,Pro League,Saudi-Arabia,2019,Regular Season - 9,True,2939,Al-Nassr,True,2951,Abha,False,4.0,0.0,3.0,0.0,4.0,0.0
657810,Mohammed Al Hoaish,UTC,2021-02-28 16:30:00+00:00,1614529800,1614529800.0,1614533400.0,1369.0,Mrsool Park,Riyadh,Match Finished,FT,90.0,,307,Pro League,Saudi-Arabia,2020,Regular Season - 21,True,2939,Al-Nassr,,2951,Abha,,2.0,2.0,0.0,1.0,2.0,2.0
825003,Sami Al Jires,UTC,2022-02-26 14:25:00+00:00,1645885500,1645885500.0,1645889100.0,12277.0,Mrsool Park,Riyadh,Match Finished,FT,90.0,,307,Pro League,Saudi-Arabia,2021,Regular Season - 22,True,2939,Al-Nassr,True,2951,Abha,False,2.0,1.0,1.0,0.0,2.0,1.0
976695,F. Rapallini,UTC,2023-03-18 17:30:00+00:00,1679160600,1679160600.0,1679164200.0,12277.0,SMC Park Stadium,Riyadh,Match Finished,FT,90.0,,307,Pro League,Saudi-Arabia,2022,Regular Season - 21,True,2939,Al-Nassr,True,2951,Abha,False,2.0,1.0,0.0,1.0,2.0,1.0
981793,A. Treimanis,UTC,2023-03-14 14:30:00+00:00,1678804200,1678804200.0,1678807800.0,12277.0,Mrsool Park,Riyadh,Match Finished,FT,90.0,,504,King's Cup,Saudi-Arabia,2023,Quarter-finals,False,2939,Al-Nassr,True,2951,Abha,False,3.0,1.0,2.0,0.0,3.0,1.0
1074315,M. Escobar,UTC,2023-10-06 15:00:00+00:00,1696604400,1696604400.0,1696608000.0,1374.0,Al Awal Park at King Saud University,Riyadh,Match Finished,FT,90.0,,307,Pro League,Saudi-Arabia,2023,Regular Season - 9,True,2939,Al-Nassr,,2951,Abha,,2.0,2.0,2.0,1.0,2.0,2.0
1603025,"Shukri Alhunfush, Saudi Arabia",UTC,2026-09-09 18:00:00+00:00,1788976800,,,,Al-Awwal Park,Riyadh,Match Finished,FT,90.0,,307,Pro League,Saudi-Arabia,2026,Regular Season - 6,True,2939,Al-Nassr,True,2951,Abha,False,2.0,1.0,1.0,0.0,2.0,1.0
312922,N. Dabanović,UTC,2020-08-10 16:15:00+00:00,1597076100,1597076100.0,1597079700.0,10516.0,Prince Sultan bin Abdulaziz Sports City Stadium,Abha,Match Finished,FT,90.0,,307,Pro League,Saudi-Arabia,2019,Regular Season - 24,True,2951,Abha,False,2939,Al-Nassr,True,0.0,2.0,0.0,0.0,0.0,2.0
635909,Majed Al Shamrani,UTC,2020-12-03 11:35:00+00:00,1606995300,1606995300.0,1606998900.0,10516.0,Prince Sultan bin Abdulaziz Sports City Stadium,Abha,Match Finished,FT,90.0,,307,Pro League,Saudi-Arabia,2020,Regular Season - 6,True,2951,Abha,True,2939,Al-Nassr,False,2.0,1.0,0.0,1.0,2.0,1.0
740018,Faisal Alblwi,UTC,2021-09-30 15:35:00+00:00,1633016100,1633016100.0,1633019700.0,10516.0,Prince Sultan bin Abdulaziz Sports City Stadium,Abha,Match Finished,FT,90.0,,307,Pro League,Saudi-Arabia,2021,Regular Season - 7,True,2951,Abha,False,2939,Al-Nassr,True,1.0,3.0,0.0,2.0,1.0,3.0
931951,Fábio Veríssimo,UTC,2022-10-07 15:30:00+00:00,1665156600,1665156600.0,1665160200.0,10516.0,Prince Sultan bin Abdulaziz Sports City Stadium,Abha,Match Finished,FT,90.0,,307,Pro League,Saudi-Arabia,2022,Regular Season - 6,True,2951,Abha,False,2939,Al-Nassr,True,0.0,3.0,0.0,1.0,0.0,3.0
1074470,Ahmad Al Rumaikhani,UTC,2024-04-02 19:00:00+00:00,1712084400,1712084400.0,1712088000.0,10516.0,Prince Sultan bin Abdulaziz Sports City Stadium,Abha,Match Finished,FT,90.0,,307,Pro League,Saudi-Arabia,2023,Regular Season - 26,True,2951,Abha,False,2939,Al-Nassr,True,0.0,8.0,0.0,5.0,0.0,8.0
1603170,,UTC,2027-03-18 18:00:00+00:00,1805392800,,,,Prince Sultan bin Abdul Aziz Stadium,Abha,Not Started,NS,,,307,Pro League,Saudi-Arabia,2026,Regular Season - 23,True,2951,Abha,,2939,Al-Nassr,,,,,,,
1252655,Abdullah Al Owaydan,UTC,2025-04-10 15:50:00+00:00,1744300200,1744300200.0,1744303800.0,,Al-Shabab Club Stadium,Riyadh,Match Finished,FT,90.0,6.0,307,Pro League,Saudi-Arabia,2024,Regular Season - 27,True,2940,Al Shabab,True,10509,Al Kholood,False,2.0,0.0,2.0,0.0,2.0,0.0
1435941,M. Al Hoaish,UTC,2025-09-25 15:25:00+00:00,1758813900,1758813900.0,1758817500.0,1374.0,Al-Shabab Club Stadium,Riyadh,Match Finished,FT,90.0,12.0,307,Pro League,Saudi-Arabia,2025,Regular Season - 4,True,2940,Al Shabab,False,10509,Al Kholood,True,1.0,2.0,0.0,0.0,1.0,2.0
1603176,,UTC,2027-03-18 18:00:00+00:00,1805392800,,,,Al-Shabab Club Stadium,Riyadh,Not Started,NS,,,307,Pro League,Saudi-Arabia,2026,Regular Season - 23,True,2940,Al Shabab,,10509,Al Kholood,,,,,,,
1208000,Mohammed Abu Shaqarah,UTC,2024-09-24 18:00:00+00:00,1727200800,1727200800.0,1727204400.0,,Ar-Rass Stadium,Rass,Match Finished,FT,90.0,6.0,504,King's Cup,Saudi-Arabia,2025,Round of 32,False,10509,Al Kholood,False,2940,Al Shabab,True,1.0,3.0,1.0,1.0,1.0,3.0
1252505,Abdullah Al-Kharbosh,UTC,2024-11-07 15:00:00+00:00,1730991600,1730991600.0,1730995200.0,1377.0,King Abdullah Sport City Stadium,Buraidah,Match Finished,FT,90.0,8.0,307,Pro League,Saudi-Arabia,2024,Regular Season - 10,True,10509,Al Kholood,False,2940,Al Shabab,True,0.0,2.0,0.0,0.0,0.0,2.0
1436094,M. Al Ismail,UTC,2026-02-07 14:00:00+00:00,1770472800,1770472800.0,1770476400.0,,Al-Hazem Club Stadium,Ar Rass,Match Finished,FT,90.0,,307,Pro League,Saudi-Arabia,2025,Regular Season - 21,True,10509,Al Kholood,True,2940,Al Shabab,False,1.0,0.0,0.0,0.0,1.0,0.0
1603023,"Ali Al-Qahtani, Saudi Arabia",UTC,2026-09-09 15:55:00+00:00,1788969300,,,,Al-Hazem Club Stadium,Ar Rass,Match Finished,FT,90.0,,307,Pro League,Saudi-Arabia,2026,Regular Season - 6,True,10509,Al Kholood,True,2940,Al Shabab,False,2.0,1.0,1.0,1.0,2.0,1.0
1074472,Khalid Al Turais,UTC,2024-04-03 19:00:00+00:00,1712170800,1712170800.0,1712174400.0,,Al-Shabab Club Stadium,Riyadh,Match Finished,FT,90.0,,307,Pro League,Saudi-Arabia,2023,Regular Season - 26,True,2940,Al Shabab,True,10511,Al Riyadh,False,1.0,0.0,1.0,0.0,1.0,0.0
1252545,Abdullah Al-Kharbosh,UTC,2025-01-15 15:05:00+00:00,1736953500,1736953500.0,1736957100.0,,Al-Shabab Club Stadium,Riyadh,Match Finished,FT,90.0,,307,Pro League,Saudi-Arabia,2024,Regular Season - 15,True,2940,Al Shabab,True,10511,Al Riyadh,False,2.0,1.0,0.0,0.0,2.0,1.0
1435995,S. Al Harbi,UTC,2026-02-23 19:00:00+00:00,1771873200,1771873200.0,1771876800.0,1374.0,Al-Shabab Club Stadium,Riyadh,Match Finished,FT,90.0,7.0,307,Pro League,Saudi-Arabia,2025,Regular Season - 10,True,2940,Al Shabab,True,10511,Al Riyadh,False,3.0,1.0,2.0,0.0,3.0,1.0
1602995,"Ahmad Al Rumaikhani, Saudi Arabia",UTC,2026-08-25 18:00:00+00:00,1787680800,1787680800.0,1787684400.0,1374.0,Al-Shabab Club Stadium,Riyadh,Match Finished,FT,90.0,8.0,307,Pro League,Saudi-Arabia,2026,Regular Season - 3,True,2940,Al Shabab,,10511,Al Riyadh,,3.0,3.0,2.0,2.0,3.0,3.0
1074313,Raed Al Zahrani,UTC,2023-10-05 15:00:00+00:00,1696518000,1696518000.0,1696521600.0,7224.0,Prince Faisal bin Fahd Stadium,Riyadh,Match Finished,FT,90.0,,307,Pro League,Saudi-Arabia,2023,Regular Season - 9,True,10511,Al Riyadh,,2940,Al Shabab,,2.0,2.0,1.0,0.0,2.0,2.0
1252705,Mohammed Al Ismail,UTC,2025-05-15 16:05:00+00:00,1747325100,1747325100.0,1747328700.0,7224.0,Prince Faisal bin Fahd Stadium,Riyadh,Match Finished,FT,90.0,7.0,307,Pro League,Saudi-Arabia,2024,Regular Season - 32,True,10511,Al Riyadh,False,2940,Al Shabab,True,1.0,3.0,1.0,2.0,1.0,3.0
1309277,Khalid Al Turais,UTC,2024-10-28 14:50:00+00:00,1730127000,1730127000.0,1730130600.0,1374.0,Prince Faisal bin Fahd Stadium,Riyadh,Match Finished,FT,90.0,6.0,504,King's Cup,Saudi-Arabia,2025,Round of 16,False,10511,Al Riyadh,False,2940,Al Shabab,True,0.0,2.0,0.0,1.0,0.0,2.0
1436155,F. Al Balawi,UTC,2026-04-05 18:00:00+00:00,1775412000,1775412000.0,1775415600.0,1374.0,Prince Faisal bin Fahd Stadium,Riyadh,Match Finished,FT,90.0,5.0,307,Pro League,Saudi-Arabia,2025,Regular Season - 27,True,10511,Al Riyadh,,2940,Al Shabab,,1.0,1.0,1.0,1.0,1.0,1.0
1603151,,UTC,2027-02-18 19:00:00+00:00,1802977200,,,1374.0,Prince Faisal bin Fahd Stadium,Riyadh,Not Started,NS,,,307,Pro League,Saudi-Arabia,2026,Regular Season - 20,True,10511,Al Riyadh,,2940,Al Shabab,,,,,,,
1436044,"Shukri Alhunfush, Saudi Arabia",UTC,2026-01-14 17:30:00+00:00,1768411800,1768411800.0,1768415400.0,,Al-Shabab Club Stadium,Riyadh,Match Finished,FT,90.0,8.0,307,Pro League,Saudi-Arabia,2025,Regular Season - 15,True,2940,Al Shabab,True,10513,NEOM,False,3.0,2.0,1.0,1.0,3.0,2.0
1603114,,UTC,2026-12-03 17:00:00+00:00,1796317200,,,,Al-Shabab Club Stadium,Riyadh,Not Started,NS,,,307,Pro League,Saudi-Arabia,2026,Regular Season - 16,True,2940,Al Shabab,,10513,NEOM,,,,,,,
1436191,A. Al Rumaikhani,UTC,2026-05-11 16:50:00+00:00,1778518200,1778518200.0,1778521800.0,,King Khalid Sports City,Tabuk,Match Finished,FT,90.0,8.0,307,Pro League,Saudi-Arabia,2025,Regular Season - 32,True,10513,NEOM,True,2940,Al Shabab,False,2.0,1.0,2.0,0.0,2.0,1.0
1603268,,UTC,2027-05-24 18:00:00+00:00,1811181600,,,,King Khalid Sports City,Tabuk,Not Started,NS,,,307,Pro League,Saudi-Arabia,2026,Regular Season - 33,True,10513,NEOM,,2940,Al Shabab,,,,,,,
1603117,,UTC,2026-12-10 17:00:00+00:00,1796922000,,,,Prince Turki bin Abdul Aziz Stadium,Riyadh,Not Started,NS,,,307,Pro League,Saudi-Arabia,2026,Regular Season - 17,True,26738,Al Diriyah,,2940,Al Shabab,,,,,,,
1603276,,UTC,2027-05-28 18:00:00+00:00,1811527200,,,,Al-Shabab Club Stadium,Riyadh,Not Started,NS,,,307,Pro League,Saudi-Arabia,2026,Regular Season - 34,True,2940,Al Shabab,,26738,Al Diriyah,,,,,,,
110331,,UTC,2018-03-10 16:30:00+00:00,1520699400,1520699400.0,1520703000.0,,Prince Faisal bin Fahd Stadium (Ar-Riyāḍ (Riyadh)),,Match Finished,FT,90.0,,307,Pro League,Saudi-Arabia,2017,Regular Season - 24,True,2940,Al Shabab,,2944,Al-Fayha,,0.0,0.0,0.0,0.0,0.0,0.0
151820,"Pawel Raczkowski, Poland",UTC,2019-01-11 11:25:00+00:00,1547205900,1547205900.0,1547209500.0,,Al Shabab Club Stadium,Riyadh,Match Finished,FT,90.0,,307,Pro League,Saudi-Arabia,2018,Regular Season - 16,True,2940,Al Shabab,True,2944,Al-Fayha,False,4.0,1.0,1.0,0.0,4.0,1.0
234851,K. Blom,UTC,2019-11-22 15:40:00+00:00,1574437200,1574437200.0,1574440800.0,1374.0,Prince Faisal bin Fahd Stadium,Riyadh,Match Finished,FT,90.0,,307,Pro League,Saudi-Arabia,2019,Regular Season - 10,True,2940,Al Shabab,False,2944,Al-Fayha,True,0.0,1.0,0.0,0.0,0.0,1.0
740020,Khaled Salwi,UTC,2021-10-01 15:20:00+00:00,1633101600,1633101600.0,1633105200.0,1374.0,Prince Faisal bin Fahd Stadium,Riyadh,Match Finished,FT,90.0,,307,Pro League,Saudi-Arabia,2021,Regular Season - 7,True,2940,Al Shabab,True,2944,Al-Fayha,False,2.0,1.0,2.0,1.0,2.0,1.0
976690,Mohammed Alharbi,UTC,2023-03-09 17:30:00+00:00,1678383000,1678383000.0,1678386600.0,1374.0,Prince Faisal bin Fahd Stadium,Riyadh,Match Finished,FT,90.0,,307,Pro League,Saudi-Arabia,2022,Regular Season - 20,True,2940,Al Shabab,True,2944,Al-Fayha,False,3.0,2.0,3.0,1.0,3.0,2.0
1074445,Gustavo Correia,UTC,2024-03-07 14:00:00+00:00,1709820000,1709820000.0,1709823600.0,,Al-Shabab Club Stadium,Riyadh,Match Finished,FT,90.0,,307,Pro League,Saudi-Arabia,2023,Regular Season - 23,True,2940,Al Shabab,False,2944,Al-Fayha,True,2.0,3.0,0.0,0.0,2.0,3.0
1252563,Mohammed Al-Ismail,UTC,2025-01-27 15:10:00+00:00,1737990600,1737990600.0,1737994200.0,,Al-Shabab Club Stadium,Riyadh,Match Finished,FT,90.0,12.0,307,Pro League,Saudi-Arabia,2024,Regular Season - 17,True,2940,Al Shabab,True,2944,Al-Fayha,False,2.0,1.0,1.0,0.0,2.0,1.0
1314327,Sami Al Jires,UTC,2025-01-06 15:00:00+00:00,1736175600,1736175600.0,1736179200.0,,Al-Shabab Club Stadium,Riyadh,Match Finished,FT,90.0,7.0,504,King's Cup,Saudi-Arabia,2025,Quarter-finals,False,2940,Al Shabab,True,2944,Al-Fayha,False,2.0,1.0,2.0,0.0,2.0,1.0
1436084,A. Y. Zarban,UTC,2026-02-01 15:15:00+00:00,1769958900,1769958900.0,1769962500.0,1374.0,Al-Shabab Club Stadium,Riyadh,Match Finished,FT,90.0,9.0,307,Pro League,Saudi-Arabia,2025,Regular Season - 20,True,2940,Al Shabab,True,2944,Al-Fayha,False,1.0,0.0,1.0,0.0,1.0,0.0
1603032,,UTC,2026-09-12 18:00:00+00:00,1789236000,,,,Al-Shabab Club Stadium,Riyadh,Match Finished,FT,90.0,,307,Pro League,Saudi-Arabia,2026,Regular Season - 7,True,2940,Al Shabab,,2944,Al-Fayha,,0.0,0.0,0.0,0.0,0.0,0.0
110428,S. Evans,UTC,2017-11-23 13:45:00+00:00,1511444700,1511444700.0,1511448300.0,,Prince Salman Bin Abdulaziz Sport City Stadium,Al Majma'ah,Match Finished,FT,90.0,,307,Pro League,Saudi-Arabia,2017,Regular Season - 11,True,2944,Al-Fayha,True,2940,Al Shabab,False,3.0,1.0,1.0,0.0,3.0,1.0
151707,"Simon Lee Evans, Wales",UTC,2018-09-14 15:45:00+00:00,1536939900,1536939900.0,1536943500.0,,Prince Salman Bin Abdulaziz Sport City Stadium,Al Majma'ah,Match Finished,FT,90.0,,307,Pro League,Saudi-Arabia,2018,Regular Season - 2,True,2944,Al-Fayha,False,2940,Al Shabab,True,1.0,3.0,0.0,0.0,1.0,3.0
312932,N. Dabanović,UTC,2020-08-14 16:10:00+00:00,1597421400,1597421400.0,1597425000.0,1367.0,Al Majma'ah Sports City Stadium,Al Majma'ah,Match Finished,FT,90.0,,307,Pro League,Saudi-Arabia,2019,Regular Season - 25,True,2944,Al-Fayha,,2940,Al Shabab,,1.0,1.0,1.0,0.0,1.0,1.0
825009,Abdullah Al-Harbi,UTC,2022-02-27 16:40:00+00:00,1645980000,1645980000.0,1645983600.0,1367.0,Al Majma'ah Sports City Stadium,Al Majma'ah,Match Finished,FT,90.0,,307,Pro League,Saudi-Arabia,2021,Regular Season - 22,True,2944,Al-Fayha,False,2940,Al Shabab,True,1.0,2.0,0.0,1.0,1.0,2.0
931942,Faisal Alblwi,UTC,2022-10-02 15:20:00+00:00,1664724000,1664724000.0,1664727600.0,1367.0,Al Majma'ah Sports City Stadium,Al Majma'ah,Match Finished,FT,90.0,,307,Pro League,Saudi-Arabia,2022,Regular Season - 5,True,2944,Al-Fayha,False,2940,Al Shabab,True,1.0,2.0,1.0,0.0,1.0,2.0
1074286,Ahmad Al Rumaikhani,UTC,2023-09-15 15:00:00+00:00,1694790000,1694790000.0,1694793600.0,1367.0,Al Majma'ah Sports City Stadium,Al Majma'ah,Match Finished,FT,90.0,,307,Pro League,Saudi-Arabia,2023,Regular Season - 6,True,2944,Al-Fayha,False,2940,Al Shabab,True,0.0,1.0,0.0,0.0,0.0,1.0
1252721,Abdullah Zarban,UTC,2025-05-26 18:00:00+00:00,1748282400,1748282400.0,1748286000.0,1367.0,Al Majma'ah Sports City Stadium,Al Majma'ah,Match Finished,FT,90.0,4.0,307,Pro League,Saudi-Arabia,2024,Regular Season - 34,True,2944,Al-Fayha,False,2940,Al Shabab,True,0.0,2.0,0.0,1.0,0.0,2.0
1435935,S. Al Jurays,UTC,2025-09-19 15:35:00+00:00,1758296100,1758296100.0,1758299700.0,1367.0,King Abdullah Sports City Stadium,Buraidah,Match Finished,FT,90.0,7.0,307,Pro League,Saudi-Arabia,2025,Regular Season - 3,True,2944,Al-Fayha,,2940,Al Shabab,,0.0,0.0,0.0,0.0,0.0,0.0
1603182,,UTC,2027-04-02 18:00:00+00:00,1806688800,,,,King Abdullah Sports City Stadium,Buraidah,Not Started,NS,,,307,Pro League,Saudi-Arabia,2026,Regular Season - 24,True,2944,Al-Fayha,,2940,Al Shabab,,,,,,,
151916,"Damir Skomina, Slovenia",UTC,2019-04-20 15:55:00+00:00,1555775700,1555775700.0,1555779300.0,1374.0,Prince Faisal bin Fahd Stadium,Riyadh,Match Finished,FT,90.0,,307,Pro League,Saudi-Arabia,2018,Regular Season - 28,True,2940,Al Shabab,True,2945,Al-Hazm,False,2.0,0.0,2.0,0.0,2.0,0.0
312964,João Pedro Pinheiro,UTC,2020-09-04 17:35:00+00:00,1599240900,1599240900.0,1599244500.0,,Al-Shabab Club Stadium,Riyadh,Match Finished,FT,90.0,,307,Pro League,Saudi-Arabia,2019,Regular Season - 29,True,2940,Al Shabab,True,2945,Al-Hazm,False,1.0,0.0,0.0,0.0,1.0,0.0
739994,Khalid Al Juhani,UTC,2021-09-12 17:35:00+00:00,1631468100,1631468100.0,1631471700.0,1374.0,Prince Faisal bin Fahd Stadium,Riyadh,Match Finished,FT,90.0,,307,Pro League,Saudi-Arabia,2021,Regular Season - 4,True,2940,Al Shabab,True,2945,Al-Hazm,False,2.0,0.0,1.0,0.0,2.0,0.0
1074295,Majed Alshamrani,UTC,2023-09-21 18:00:00+00:00,1695319200,1695319200.0,1695322800.0,1374.0,Prince Faisal bin Fahd Stadium,Riyadh,Match Finished,FT,90.0,,307,Pro League,Saudi-Arabia,2023,Regular Season - 7,True,2940,Al Shabab,True,2945,Al-Hazm,False,4.0,1.0,2.0,0.0,4.0,1.0
1435923,M. Al Shamrani,UTC,2025-09-12 15:35:00+00:00,1757691300,1757691300.0,1757694900.0,,Al-Shabab Club Stadium,Riyadh,Match Finished,FT,90.0,4.0,307,Pro League,Saudi-Arabia,2025,Regular Season - 2,True,2940,Al Shabab,True,2945,Al-Hazm,False,1.0,0.0,0.0,0.0,1.0,0.0
1603158,,UTC,2027-02-25 19:00:00+00:00,1803582000,,,,Al-Shabab Club Stadium,Riyadh,Not Started,NS,,,307,Pro League,Saudi-Arabia,2026,Regular Season - 21,True,2940,Al Shabab,,2945,Al-Hazm,,,,,,,
151810,"Danny Desmond Makkelie, Netherlands",UTC,2018-12-28 11:20:00+00:00,1545996000,1545996000.0,1545999600.0,,Al Hazm Club Stadium,Ar Rass,Match Finished,FT,90.0,,307,Pro League,Saudi-Arabia,2018,Regular Season - 15,True,2945,Al-Hazm,False,2940,Al Shabab,True,1.0,3.0,1.0,2.0,1.0,3.0
234883,S. Marciniak,UTC,2020-01-10 11:35:00+00:00,1578656100,1578656100.0,1578659700.0,,Ar-Rass Stadium,Rass,Match Finished,FT,90.0,,307,Pro League,Saudi-Arabia,2019,Regular Season - 14,True,2945,Al-Hazm,False,2940,Al Shabab,True,0.0,1.0,0.0,0.0,0.0,1.0
824979,Raed Al Zahrani,UTC,2022-02-05 11:50:00+00:00,1644061800,1644061800.0,1644065400.0,,Ar-Rass Stadium,Rass,Match Finished,FT,90.0,,307,Pro League,Saudi-Arabia,2021,Regular Season - 19,True,2945,Al-Hazm,False,2940,Al Shabab,True,1.0,2.0,1.0,1.0,1.0,2.0
1074452,G. Kabakov,UTC,2024-03-14 19:00:00+00:00,1710442800,1710442800.0,1710446400.0,,Ar-Rass Stadium,Rass,Match Finished,FT,90.0,,307,Pro League,Saudi-Arabia,2023,Regular Season - 24,True,2945,Al-Hazm,False,2940,Al Shabab,True,0.0,3.0,0.0,1.0,0.0,3.0
1436081,S. Al Hunfush,UTC,2026-01-29 17:30:00+00:00,1769707800,1769707800.0,1769711400.0,,Al-Hazem Club Stadium,Ar Rass,Match Finished,FT,90.0,3.0,307,Pro League,Saudi-Arabia,2025,Regular Season - 19,True,2945,Al-Hazm,False,2940,Al Shabab,True,0.0,4.0,0.0,0.0,0.0,4.0
1603005,"Abdullah Al-Kharbosh, Saudi Arabia",UTC,2026-08-30 16:05:00+00:00,1788105900,1788105900.0,1788109500.0,,Al-Hazem Club Stadium,Ar Rass,Match Finished,FT,90.0,10.0,307,Pro League,Saudi-Arabia,2026,Regular Season - 4,True,2945,Al-Hazm,,2940,Al Shabab,,1.0,1.0,0.0,0.0,1.0,1.0
312947,Turki Al Khudair,UTC,2020-08-24 16:00:00+00:00,1598284800,1598284800.0,1598288400.0,,Al-Shabab Club Stadium,Riyadh,Match Finished,FT,90.0,,307,Pro League,Saudi-Arabia,2019,Regular Season - 27,True,2940,Al Shabab,,2951,Abha,,1.0,1.0,1.0,0.0,1.0,1.0
635867,Mohammed Al Hoaish,UTC,2020-10-17 15:00:00+00:00,1602946800,1602946800.0,1602950400.0,1374.0,Prince Faisal bin Fahd Stadium,Riyadh,Match Finished,FT,90.0,,307,Pro League,Saudi-Arabia,2020,Regular Season - 1,True,2940,Al Shabab,True,2951,Abha,False,1.0,0.0,1.0,0.0,1.0,0.0
813331,Mohammed Al Hoaish,UTC,2022-01-08 14:00:00+00:00,1641650400,1641650400.0,1641654000.0,1374.0,Prince Faisal bin Fahd Stadium,Riyadh,Match Finished,FT,90.0,,307,Pro League,Saudi-Arabia,2021,Regular Season - 16,True,2940,Al Shabab,,2951,Abha,,1.0,1.0,0.0,1.0,1.0,1.0
976666,Raed Al Zahrani,UTC,2023-02-14 14:00:00+00:00,1676383200,1676383200.0,1676386800.0,1374.0,Prince Faisal bin Fahd Stadium,Riyadh,Match Finished,FT,90.0,,307,Pro League,Saudi-Arabia,2022,Regular Season - 17,True,2940,Al Shabab,True,2951,Abha,False,2.0,0.0,1.0,0.0,2.0,0.0
1074489,Shukri Al Hanfosh,UTC,2024-04-18 18:00:00+00:00,1713463200,1713463200.0,1713466800.0,,Al-Shabab Club Stadium,Riyadh,Match Finished,FT,90.0,,307,Pro League,Saudi-Arabia,2023,Regular Season - 28,True,2940,Al Shabab,True,2951,Abha,False,5.0,0.0,1.0,0.0,5.0,0.0
1603239,,UTC,2027-05-06 18:00:00+00:00,1809626400,,,,Al-Shabab Club Stadium,Riyadh,Not Started,NS,,,307,Pro League,Saudi-Arabia,2026,Regular Season - 30,True,2940,Al Shabab,,2951,Abha,,,,,,,
234865,P. Kralovec,UTC,2019-12-19 11:40:00+00:00,1576755600,1576755600.0,1576759200.0,1362.0,Prince Sultan bin Abdul Aziz Stadium,Abha,Match Finished,FT,90.0,,307,Pro League,Saudi-Arabia,2019,Regular Season - 12,True,2951,Abha,True,2940,Al Shabab,False,2.0,0.0,1.0,0.0,2.0,0.0
657764,Turki Al Khudair,UTC,2021-01-30 12:00:00+00:00,1612008000,1612008000.0,1612011600.0,10516.0,Prince Sultan bin Abdulaziz Sports City Stadium,Abha,Match Finished,FT,90.0,,307,Pro League,Saudi-Arabia,2020,Regular Season - 16,True,2951,Abha,False,2940,Al Shabab,True,2.0,3.0,0.0,0.0,2.0,3.0
739966,Mohammed Al Hoaish,UTC,2021-08-12 16:15:00+00:00,1628784900,1628784900.0,1628788500.0,10516.0,Prince Sultan bin Abdulaziz Sports City Stadium,Abha,Match Finished,FT,90.0,,307,Pro League,Saudi-Arabia,2021,Regular Season - 1,True,2951,Abha,True,2940,Al Shabab,False,2.0,1.0,2.0,0.0,2.0,1.0
931917,Mohammed Alharbi,UTC,2022-09-01 18:00:00+00:00,1662055200,1662055200.0,1662058800.0,10516.0,Prince Sultan bin Abdulaziz Sports City Stadium,Abha,Match Finished,FT,90.0,,307,Pro League,Saudi-Arabia,2022,Regular Season - 2,True,2951,Abha,False,2940,Al Shabab,True,0.0,4.0,0.0,3.0,0.0,4.0
1074335,Mohammed Al Hoaish,UTC,2023-10-28 15:00:00+00:00,1698505200,1698505200.0,1698508800.0,10516.0,Prince Sultan bin Abdulaziz Sports City Stadium,Abha,Match Finished,FT,90.0,,307,Pro League,Saudi-Arabia,2023,Regular Season - 11,True,2951,Abha,True,2940,Al Shabab,False,2.0,1.0,0.0,0.0,2.0,1.0
1395294,A. Al Harbi,UTC,2025-09-22 18:00:00+00:00,1758564000,1758564000.0,1758567600.0,,Prince Sultan bin Abdul Aziz Stadium,Abha,Match Finished,PEN,120.0,,504,King's Cup,Saudi-Arabia,2026,Round of 32,False,2951,Abha,False,2940,Al Shabab,True,1.0,1.0,1.0,1.0,1.0,1.0
1603080,,UTC,2026-11-05 17:00:00+00:00,1793898000,,,,Prince Sultan bin Abdul Aziz Stadium,Abha,Not Started,NS,,,307,Pro League,Saudi-Arabia,2026,Regular Season - 13,True,2951,Abha,,2940,Al Shabab,,,,,,,
1252557,Faisal Alblwi,UTC,2025-01-20 15:10:00+00:00,1737385800,1737385800.0,1737389400.0,1367.0,Al Majma'ah Sports City Stadium,Al Majma'ah,Match Finished,FT,90.0,7.0,307,Pro League,Saudi-Arabia,2024,Regular Season - 16,True,2944,Al-Fayha,True,10509,Al Kholood,False,1.0,0.0,0.0,0.0,1.0,0.0
1436025,"Mohammed Nasser Abu Shaqara, Saudi Arabia",UTC,2026-01-03 14:55:00+00:00,1767452100,1767452100.0,1767455700.0,1367.0,King Abdullah Sports City Stadium,Buraidah,Match Finished,FT,90.0,1.0,307,Pro League,Saudi-Arabia,2025,Regular Season - 13,True,2944,Al-Fayha,False,10509,Al Kholood,True,0.0,5.0,0.0,3.0,0.0,5.0
1603008,"Sami Ahmed Al-Jurays, Saudi Arabia",UTC,2026-09-03 15:55:00+00:00,1788450900,1788450900.0,1788454500.0,,Al Majma'ah Sport City,Al Majmaah,Match Finished,FT,90.0,,307,Pro League,Saudi-Arabia,2026,Regular Season - 5,True,2944,Al-Fayha,,10509,Al Kholood,,2.0,2.0,1.0,1.0,2.0,2.0
1252714,Mohammed Al Hoish,UTC,2025-05-21 16:25:00+00:00,1747844700,1747844700.0,1747848300.0,,Ar-Rass Stadium,Rass,Match Finished,FT,90.0,7.0,307,Pro League,Saudi-Arabia,2024,Regular Season - 33,True,10509,Al Kholood,True,2944,Al-Fayha,False,2.0,0.0,1.0,0.0,2.0,0.0
1436180,A. Al Qahtani,UTC,2026-04-30 18:00:00+00:00,1777572000,1777572000.0,1777575600.0,,Al-Hazem Club Stadium,Ar Rass,Match Finished,FT,90.0,6.0,307,Pro League,Saudi-Arabia,2025,Regular Season - 30,True,10509,Al Kholood,,2944,Al-Fayha,,1.0,1.0,1.0,1.0,1.0,1.0
1603166,,UTC,2027-03-11 18:00:00+00:00,1804788000,,,,Al-Hazem Club Stadium,Ar Rass,Not Started,NS,,,307,Pro League,Saudi-Arabia,2026,Regular Season - 22,True,10509,Al Kholood,,2944,Al-Fayha,,,,,,,
1074453,Ahmad Al Rumaikhani,UTC,2024-03-15 19:00:00+00:00,1710529200,1710529200.0,1710532800.0,1367.0,Al Majma'ah Sports City Stadium,Al Majma'ah,Match Finished,FT,90.0,,307,Pro League,Saudi-Arabia,2023,Regular Season - 24,True,2944,Al-Fayha,,10511,Al Riyadh,,1.0,1.0,1.0,0.0,1.0,1.0
1252463,Ahmad Al Rumaikhani,UTC,2024-09-29 15:25:00+00:00,1727623500,1727623500.0,1727627100.0,1367.0,Al Majma'ah Sports City Stadium,Al Majma'ah,Match Finished,FT,90.0,8.0,307,Pro League,Saudi-Arabia,2024,Regular Season - 5,True,2944,Al-Fayha,True,10511,Al Riyadh,False,2.0,0.0,2.0,0.0,2.0,0.0
1436188,A. Al Kharboush,UTC,2026-05-04 16:10:00+00:00,1777911000,1777911000.0,1777914600.0,1367.0,King Abdullah Sports City Stadium,Buraidah,Match Finished,FT,90.0,7.0,307,Pro League,Saudi-Arabia,2025,Regular Season - 31,True,2944,Al-Fayha,True,10511,Al Riyadh,False,4.0,2.0,2.0,0.0,4.0,2.0
1603038,,UTC,2026-10-11 13:40:00+00:00,1791726000,,,,King Abdullah Sports City Stadium,Buraidah,Not Started,NS,,,307,Pro League,Saudi-Arabia,2026,Regular Season - 8,True,2944,Al-Fayha,,10511,Al Riyadh,,,,,,,
1074298,Abdulrahman Al Sultan,UTC,2023-09-22 15:00:00+00:00,1695394800,1695394800.0,1695398400.0,7224.0,Prince Faisal bin Fahd Stadium,Riyadh,Match Finished,FT,90.0,,307,Pro League,Saudi-Arabia,2023,Regular Season - 7,True,10511,Al Riyadh,False,2944,Al-Fayha,True,1.0,3.0,0.0,1.0,1.0,3.0
1095991,Mohammed Alharbi,UTC,2023-09-26 15:00:00+00:00,1695740400,1695740400.0,1695744000.0,1374.0,Prince Faisal bin Fahd Stadium,Riyadh,Match Finished,FT,90.0,,504,King's Cup,Saudi-Arabia,2024,Round of 32,False,10511,Al Riyadh,False,2944,Al-Fayha,True,1.0,2.0,1.0,2.0,1.0,2.0
1252611,Ahmad Al Rumaikhani,UTC,2025-02-26 15:30:00+00:00,1740583800,1740583800.0,1740587400.0,7224.0,Prince Faisal bin Fahd Stadium,Riyadh,Match Finished,FT,90.0,5.0,307,Pro League,Saudi-Arabia,2024,Regular Season - 22,True,10511,Al Riyadh,,2944,Al-Fayha,,0.0,0.0,0.0,0.0,0.0,0.0
1436031,"Abdullah Zarban, Saudi Arabia",UTC,2026-01-10 15:00:00+00:00,1768057200,1768057200.0,1768060800.0,1374.0,Prince Faisal bin Fahd Stadium,Riyadh,Match Finished,FT,90.0,9.0,307,Pro League,Saudi-Arabia,2025,Regular Season - 14,True,10511,Al Riyadh,,2944,Al-Fayha,,1.0,1.0,0.0,1.0,1.0,1.0
1603194,,UTC,2027-04-08 18:00:00+00:00,1807207200,,,1374.0,Prince Faisal bin Fahd Stadium,Riyadh,Not Started,NS,,,307,Pro League,Saudi-Arabia,2026,Regular Season - 25,True,10511,Al Riyadh,,2944,Al-Fayha,,,,,,,
1635223,,UTC,2026-12-01 17:00:00+00:00,1796144400,,,1374.0,Prince Faisal bin Fahd Stadium,Riyadh,Not Started,NS,,,504,King's Cup,Saudi-Arabia,2027,Round of 16,False,10511,Al Riyadh,,2944,Al-Fayha,,,,,,,
1435994,M. Abu Shaqarah,UTC,2026-02-25 19:00:00+00:00,1772046000,1772046000.0,1772049600.0,1367.0,King Abdullah Sports City Stadium,Buraidah,Match Finished,FT,90.0,7.0,307,Pro League,Saudi-Arabia,2025,Regular Season - 10,True,2944,Al-Fayha,,10513,NEOM,,1.0,1.0,0.0,1.0,1.0,1.0
1603128,,UTC,2026-12-14 17:00:00+00:00,1797267600,,,,King Abdullah Sports City Stadium,Buraidah,Not Started,NS,,,307,Pro League,Saudi-Arabia,2026,Regular Season - 18,True,2944,Al-Fayha,,10513,NEOM,,,,,,,
1436152,A. Al Kharboush,UTC,2026-04-04 16:30:00+00:00,1775320200,1775320200.0,1775323800.0,,King Khalid Sports City,Tabuk,Match Finished,FT,90.0,8.0,307,Pro League,Saudi-Arabia,2025,Regular Season - 27,True,10513,NEOM,True,2944,Al-Fayha,False,1.0,0.0,0.0,0.0,1.0,0.0
1602975,A. Al Qahtani,UTC,2026-08-14 16:50:00+00:00,1786726200,1786726200.0,1786729800.0,,King Khalid Sport City Stadium,Tabuk,Match Finished,FT,90.0,7.0,307,Pro League,Saudi-Arabia,2026,Regular Season - 1,True,10513,NEOM,True,2944,Al-Fayha,False,2.0,1.0,2.0,0.0,2.0,1.0
1603253,,UTC,2027-05-20 18:00:00+00:00,1810836000,,,,King Abdullah Sports City Stadium,Buraidah,Not Started,NS,,,307,Pro League,Saudi-Arabia,2026,Regular Season - 32,True,2944,Al-Fayha,,26738,Al Diriyah,,,,,,,
1603099,,UTC,2026-11-26 17:00:00+00:00,1795712400,,,,Prince Turki bin Abdul Aziz Stadium,Riyadh,Not Started,NS,,,307,Pro League,Saudi-Arabia,2026,Regular Season - 15,True,26738,Al Diriyah,,2944,Al-Fayha,,,,,,,
111514,,UTC,2016-11-26 12:10:00+00:00,1480162200,1480162200.0,1480165800.0,,Prince Salman Bin Abdulaziz Sport City Stadium (Al Majma'ah),,Match Finished,FT,90.0,,308,Division 1,Saudi-Arabia,2016,Regular Season - 11,True,2944,Al-Fayha,False,2945,Al-Hazm,True,1.0,2.0,,,1.0,2.0
151768,"Damir Skomina, Slovenia",UTC,2018-11-22 13:50:00+00:00,1542894600,1542894600.0,1542898200.0,,Prince Salman Bin Abdulaziz Sport City Stadium,Al Majma'ah,Match Finished,FT,90.0,,307,Pro League,Saudi-Arabia,2018,Regular Season - 10,True,2944,Al-Fayha,,2945,Al-Hazm,,1.0,1.0,1.0,0.0,1.0,1.0
234786,D. Skomina,UTC,2019-08-29 17:20:00+00:00,1567099200,1567099200.0,1567102800.0,1367.0,Al Majma'ah Sports City Stadium,Al Majma'ah,Match Finished,FT,90.0,,307,Pro League,Saudi-Arabia,2019,Regular Season - 2,True,2944,Al-Fayha,True,2945,Al-Hazm,False,2.0,1.0,1.0,1.0,2.0,1.0
659111,,UTC,2021-05-31 18:00:00+00:00,1622484000,1622484000.0,1622487600.0,1367.0,Al Majma'ah Sports City Stadium,Al Majma'ah,Match Finished,FT,90.0,,308,Division 1,Saudi-Arabia,2020,Regular Season - 38,True,2944,Al-Fayha,,2945,Al-Hazm,,0.0,0.0,,,0.0,0.0
740051,Mohammed Al Qarni,UTC,2021-11-05 13:55:00+00:00,1636120500,1636120500.0,1636124100.0,1367.0,Al Majma'ah Sports City Stadium,Al Majma'ah,Match Finished,FT,90.0,,307,Pro League,Saudi-Arabia,2021,Regular Season - 11,True,2944,Al-Fayha,True,2945,Al-Hazm,False,1.0,0.0,0.0,0.0,1.0,0.0
1074262,Sultan Al Okairy,UTC,2023-08-25 15:00:00+00:00,1692975600,1692975600.0,1692979200.0,1367.0,Al Majma'ah Sports City Stadium,Al Majma'ah,Match Finished,FT,90.0,,307,Pro League,Saudi-Arabia,2023,Regular Season - 3,True,2944,Al-Fayha,,2945,Al-Hazm,,0.0,0.0,0.0,0.0,0.0,0.0
1436011,"Raed Ali Al-Zahrani, Saudi Arabia",UTC,2025-12-25 14:50:00+00:00,1766674200,1766674200.0,1766677800.0,1367.0,King Abdullah Sports City Stadium,Buraidah,Match Finished,FT,90.0,5.0,307,Pro League,Saudi-Arabia,2025,Regular Season - 11,True,2944,Al-Fayha,,2945,Al-Hazm,,0.0,0.0,0.0,0.0,0.0,0.0
1603218,,UTC,2027-04-22 18:00:00+00:00,1808416800,,,,King Abdullah Sports City Stadium,Buraidah,Not Started,NS,,,307,Pro League,Saudi-Arabia,2026,Regular Season - 28,True,2944,Al-Fayha,,2945,Al-Hazm,,,,,,,
111393,,UTC,2017-04-08 13:00:00+00:00,1491656400,1491656400.0,1491660000.0,,Ar-Rass Stadium (Al Hazm Club Stadium) (Ar-Rass (Rass)),,Match Finished,FT,90.0,,308,Division 1,Saudi-Arabia,2016,Regular Season - 26,True,2945,Al-Hazm,True,2944,Al-Fayha,False,1.0,0.0,,,1.0,0.0
151870,"Anastasios Sidiropoulos, Greece",UTC,2019-03-02 12:00:00+00:00,1551528000,1551528000.0,1551531600.0,,Al Hazm Club Stadium,Ar Rass,Match Finished,FT,90.0,,307,Pro League,Saudi-Arabia,2018,Regular Season - 22,True,2945,Al-Hazm,False,2944,Al-Fayha,True,0.0,1.0,0.0,0.0,0.0,1.0
312871,T. Sedeorobolos,UTC,2020-02-07 14:30:00+00:00,1581085800,1581085800.0,1581089400.0,,Ar-Rass Stadium,Rass,Match Finished,FT,90.0,,307,Pro League,Saudi-Arabia,2019,Regular Season - 17,True,2945,Al-Hazm,True,2944,Al-Fayha,False,4.0,2.0,3.0,1.0,4.0,2.0
640432,,UTC,2021-02-02 12:50:00+00:00,1612270200,1612270200.0,1612273800.0,,Ar-Rass Stadium,Rass,Match Finished,FT,90.0,,308,Division 1,Saudi-Arabia,2020,Regular Season - 19,True,2945,Al-Hazm,True,2944,Al-Fayha,False,1.0,0.0,,,1.0,0.0
851994,Faisal Alblwi,UTC,2022-05-07 16:20:00+00:00,1651940400,1651940400.0,1651944000.0,,Ar-Rass Stadium,Rass,Match Finished,FT,90.0,,307,Pro League,Saudi-Arabia,2021,Regular Season - 26,True,2945,Al-Hazm,True,2944,Al-Fayha,False,3.0,1.0,1.0,1.0,3.0,1.0
1074414,Majed Alshamrani,UTC,2024-02-17 14:00:00+00:00,1708178400,1708178400.0,1708182000.0,,Ar-Rass Stadium,Rass,Match Finished,FT,90.0,,307,Pro League,Saudi-Arabia,2023,Regular Season - 20,True,2945,Al-Hazm,False,2944,Al-Fayha,True,1.0,3.0,1.0,1.0,1.0,3.0
1436157,F. Al Jaloud,UTC,2026-04-11 16:05:00+00:00,1775923500,1775923500.0,1775927100.0,,Al-Hazem Club Stadium,Ar Rass,Match Finished,FT,90.0,11.0,307,Pro League,Saudi-Arabia,2025,Regular Season - 28,True,2945,Al-Hazm,True,2944,Al-Fayha,False,2.0,0.0,1.0,0.0,2.0,0.0
1603065,,UTC,2026-10-22 13:40:00+00:00,1792676400,,,,Al-Hazem Club Stadium,Ar Rass,Not Started,NS,,,307,Pro League,Saudi-Arabia,2026,Regular Season - 11,True,2945,Al-Hazm,,2944,Al-Fayha,,,,,,,
312906,Mohammed Al Hoaish,UTC,2020-03-11 14:45:00+00:00,1583937900,1583937900.0,1583941500.0,1367.0,Al Majma'ah Sports City Stadium,Al Majma'ah,Match Finished,FT,90.0,,307,Pro League,Saudi-Arabia,2019,Regular Season - 22,True,2944,Al-Fayha,False,2951,Abha,True,0.0,2.0,0.0,1.0,0.0,2.0
740074,Mohammed Al Qarni,UTC,2021-12-25 13:55:00+00:00,1640440500,1640440500.0,1640444100.0,1367.0,Al Majma'ah Sports City Stadium,Al Majma'ah,Match Finished,FT,90.0,,307,Pro League,Saudi-Arabia,2021,Regular Season - 14,True,2944,Al-Fayha,,2951,Abha,,0.0,0.0,0.0,0.0,0.0,0.0
812242,Mohammed Alharbi,UTC,2021-12-21 12:05:00+00:00,1640088300,1640088300.0,1640091900.0,1367.0,Al Majma'ah Sports City Stadium,Al Majma'ah,Match Finished,FT,90.0,,504,King's Cup,Saudi-Arabia,2022,Round of 16,False,2944,Al-Fayha,True,2951,Abha,False,4.0,0.0,2.0,0.0,4.0,0.0
976677,Mohammed Al-Daqqash,UTC,2023-03-02 13:00:00+00:00,1677762000,1677762000.0,1677765600.0,1367.0,Al Majma'ah Sports City Stadium,Al Majma'ah,Match Finished,FT,90.0,,307,Pro League,Saudi-Arabia,2022,Regular Season - 19,True,2944,Al-Fayha,True,2951,Abha,False,2.0,0.0,1.0,0.0,2.0,0.0
1074422,Abdullah Al-Harbi,UTC,2024-02-25 14:00:00+00:00,1708869600,1708869600.0,1708873200.0,1367.0,Al Majma'ah Sports City Stadium,Al Majma'ah,Match Finished,FT,90.0,,307,Pro League,Saudi-Arabia,2023,Regular Season - 21,True,2944,Al-Fayha,True,2951,Abha,False,3.0,2.0,1.0,1.0,3.0,2.0
1602999,"Mohammed Khled Hoish, Saudi Arabia",UTC,2026-08-28 16:00:00+00:00,1787932800,1787932800.0,1787936400.0,,Al Majma'ah Sport City,Al Majmaah,Match Finished,FT,90.0,6.0,307,Pro League,Saudi-Arabia,2026,Regular Season - 4,True,2944,Al-Fayha,True,2951,Abha,False,3.0,2.0,1.0,0.0,3.0,2.0
234831,M. Conger,UTC,2019-10-20 15:25:00+00:00,1571585100,1571585100.0,1571588700.0,1362.0,Prince Sultan bin Abdul Aziz Stadium,Abha,Match Finished,FT,90.0,,307,Pro League,Saudi-Arabia,2019,Regular Season - 7,True,2951,Abha,,2944,Al-Fayha,,1.0,1.0,1.0,0.0,1.0,1.0
852017,Sultan Alharbi,UTC,2022-06-23 18:00:00+00:00,1656007200,1656007200.0,1656010800.0,10516.0,Prince Sultan bin Abdulaziz Sports City Stadium,Abha,Match Finished,FT,90.0,,307,Pro League,Saudi-Arabia,2021,Regular Season - 29,True,2951,Abha,,2944,Al-Fayha,,0.0,0.0,0.0,0.0,0.0,0.0
931936,Mohammed Al Esmaiel,UTC,2022-09-16 15:50:00+00:00,1663343400,1663343400.0,1663347000.0,10516.0,Prince Sultan bin Abdulaziz Sports City Stadium,Abha,Match Finished,FT,90.0,,307,Pro League,Saudi-Arabia,2022,Regular Season - 4,True,2951,Abha,,2944,Al-Fayha,,1.0,1.0,0.0,0.0,1.0,1.0
1074266,Abdulsamad Bakri,UTC,2023-08-28 15:00:00+00:00,1693234800,1693234800.0,1693238400.0,10516.0,Prince Sultan bin Abdulaziz Sports City Stadium,Abha,Match Finished,FT,90.0,,307,Pro League,Saudi-Arabia,2023,Regular Season - 4,True,2951,Abha,True,2944,Al-Fayha,False,2.0,1.0,1.0,0.0,2.0,1.0
1603152,,UTC,2027-02-25 19:00:00+00:00,1803582000,,,,Prince Sultan bin Abdul Aziz Stadium,Abha,Not Started,NS,,,307,Pro League,Saudi-Arabia,2026,Regular Season - 21,True,2951,Abha,,2944,Al-Fayha,,,,,,,
932066,,UTC,2022-09-17 17:30:00+00:00,1663435800,1663435800.0,1663439400.0,,Ar-Rass Stadium,Rass,Match Finished,FT,90.0,,308,Division 1,Saudi-Arabia,2022,Regular Season - 5,True,2945,Al-Hazm,,10509,Al Kholood,,1.0,1.0,0.0,0.0,1.0,1.0
1436139,A. Al Qahtani,UTC,2026-03-12 19:00:00+00:00,1773342000,1773342000.0,1773345600.0,,Al-Hazem Club Stadium,Ar Rass,Match Finished,FT,90.0,7.0,307,Pro League,Saudi-Arabia,2025,Regular Season - 26,True,2945,Al-Hazm,True,10509,Al Kholood,False,2.0,1.0,1.0,1.0,2.0,1.0
1603272,,UTC,2027-05-28 18:00:00+00:00,1811527200,,,,Al-Hazem Club Stadium,Ar Rass,Not Started,NS,,,307,Pro League,Saudi-Arabia,2026,Regular Season - 34,True,2945,Al-Hazm,,10509,Al Kholood,,,,,,,
336022,,UTC,2019-01-02 12:25:00+00:00,1546431900,1546431900.0,1546435500.0,,Ar-Rass Stadium,Rass,Match Finished,FT,90.0,,504,King's Cup,Saudi-Arabia,2019,32nd Finals,False,10509,Al Kholood,False,2945,Al-Hazm,True,0.0,1.0,,,0.0,1.0
984671,,UTC,2023-02-20 13:00:00+00:00,1676898000,1676898000.0,1676901600.0,,Ar-Rass Stadium,Rass,Match Finished,FT,90.0,,308,Division 1,Saudi-Arabia,2022,Regular Season - 22,True,10509,Al Kholood,False,2945,Al-Hazm,True,0.0,2.0,0.0,2.0,0.0,2.0
1435990,"Khaled Al Teris, Saudi Arabia",UTC,2025-11-21 14:50:00+00:00,1763736600,1763736600.0,1763740200.0,,Al-Hazem Club Stadium,Ar Rass,Match Finished,FT,90.0,6.0,307,Pro League,Saudi-Arabia,2025,Regular Season - 9,True,10509,Al Kholood,False,2945,Al-Hazm,True,1.0,2.0,1.0,2.0,1.0,2.0
1603121,,UTC,2026-12-10 17:00:00+00:00,1796922000,,,,Al-Hazem Club Stadium,Ar Rass,Not Started,NS,,,307,Pro League,Saudi-Arabia,2026,Regular Season - 17,True,10509,Al Kholood,,2945,Al-Hazm,,,,,,,
932108,,UTC,2022-10-31 14:50:00+00:00,1667227800,1667227800.0,1667231400.0,,Ar-Rass Stadium,Rass,Match Finished,FT,90.0,,308,Division 1,Saudi-Arabia,2022,Regular Season - 10,True,2945,Al-Hazm,True,10511,Al Riyadh,False,2.0,1.0,1.0,0.0,2.0,1.0
1074520,Majed Alshamrani,UTC,2024-05-18 16:20:00+00:00,1716049200,1716049200.0,1716052800.0,,Ar-Rass Stadium,Rass,Match Finished,FT,90.0,,307,Pro League,Saudi-Arabia,2023,Regular Season - 32,True,2945,Al-Hazm,,10511,Al Riyadh,,1.0,1.0,0.0,0.0,1.0,1.0
1436166,M. Al-Shahrani,UTC,2026-04-24 16:10:00+00:00,1777047000,1777047000.0,1777050600.0,,Al-Hazem Club Stadium,Ar Rass,Match Finished,FT,90.0,8.0,307,Pro League,Saudi-Arabia,2025,Regular Season - 29,True,2945,Al-Hazm,True,10511,Al Riyadh,False,2.0,1.0,0.0,1.0,2.0,1.0
1603247,,UTC,2027-05-12 18:00:00+00:00,1810144800,,,,Al-Hazem Club Stadium,Ar Rass,Not Started,NS,,,307,Pro League,Saudi-Arabia,2026,Regular Season - 31,True,2945,Al-Hazm,,10511,Al Riyadh,,,,,,,
984718,,UTC,2023-04-03 18:30:00+00:00,1680546600,1680546600.0,1680550200.0,7224.0,Prince Turki bin Abdul Aziz Stadium,Riyadh,Match Finished,FT,90.0,,308,Division 1,Saudi-Arabia,2022,Regular Season - 27,True,10511,Al Riyadh,,2945,Al-Hazm,,0.0,0.0,0.0,0.0,0.0,0.0
1074368,Mohammed Al-Daqqash,UTC,2023-11-30 15:00:00+00:00,1701356400,1701356400.0,1701360000.0,7224.0,Prince Faisal bin Fahd Stadium,Riyadh,Match Finished,FT,90.0,,307,Pro League,Saudi-Arabia,2023,Regular Season - 15,True,10511,Al Riyadh,,2945,Al-Hazm,,0.0,0.0,0.0,0.0,0.0,0.0
1436020,"Abdullah Al-Harbi, Saudi Arabia",UTC,2025-12-29 17:30:00+00:00,1767029400,1767029400.0,1767033000.0,1374.0,Prince Faisal bin Fahd Stadium,Riyadh,Match Finished,FT,90.0,6.0,307,Pro League,Saudi-Arabia,2025,Regular Season - 12,True,10511,Al Riyadh,False,2945,Al-Hazm,True,1.0,2.0,0.0,1.0,1.0,2.0
1603094,,UTC,2026-11-20 17:00:00+00:00,1795194000,,,1374.0,Prince Faisal bin Fahd Stadium,Riyadh,Not Started,NS,,,307,Pro League,Saudi-Arabia,2026,Regular Season - 14,True,10511,Al Riyadh,,2945,Al-Hazm,,,,,,,
1330322,,UTC,2025-02-24 13:00:00+00:00,1740402000,1740402000.0,1740405600.0,,Ar-Rass Stadium,Rass,Match Finished,FT,90.0,9.0,308,Division 1,Saudi-Arabia,2024,Regular Season - 23,True,2945,Al-Hazm,False,10513,NEOM,True,0.0,2.0,0.0,0.0,0.0,2.0
1395304,M. Al Shahdan,UTC,2025-09-23 15:35:00+00:00,1758641700,1758641700.0,1758645300.0,,Al-Hazem Club Stadium,Ar Rass,Match Finished,FT,90.0,8.0,504,King's Cup,Saudi-Arabia,2026,Round of 32,False,2945,Al-Hazm,True,10513,NEOM,False,2.0,1.0,1.0,1.0,2.0,1.0
1436024,"Irfan Peljto, Bosnia & Herzegovina",UTC,2026-01-04 15:05:00+00:00,1767539100,1767539100.0,1767542700.0,,Al-Hazem Club Stadium,Ar Rass,Match Finished,FT,90.0,7.0,307,Pro League,Saudi-Arabia,2025,Regular Season - 13,True,2945,Al-Hazm,False,10513,NEOM,True,1.0,2.0,0.0,0.0,1.0,2.0
1603039,,UTC,2026-10-10 13:50:00+00:00,1791640200,,,,Al-Hazem Club Stadium,Ar Rass,Not Started,NS,,,307,Pro League,Saudi-Arabia,2026,Regular Season - 8,True,2945,Al-Hazm,,10513,NEOM,,,,,,,
1253365,,UTC,2024-10-05 15:50:00+00:00,1728143400,1728143400.0,1728147000.0,2903.0,King Khalid Sport City Stadium,Tabouk,Match Finished,FT,90.0,1.0,308,Division 1,Saudi-Arabia,2024,Regular Season - 6,True,10513,NEOM,True,2945,Al-Hazm,False,2.0,0.0,1.0,0.0,2.0,0.0
1436178,A. Al Harbi,UTC,2026-04-28 16:45:00+00:00,1777394700,1777394700.0,1777398300.0,,King Khalid Sports City,Tabuk,Match Finished,FT,90.0,4.0,307,Pro League,Saudi-Arabia,2025,Regular Season - 30,True,10513,NEOM,,2945,Al-Hazm,,1.0,1.0,1.0,0.0,1.0,1.0
1603196,,UTC,2027-04-08 18:00:00+00:00,1807207200,,,,King Khalid Sports City,Tabuk,Not Started,NS,,,307,Pro League,Saudi-Arabia,2026,Regular Season - 25,True,10513,NEOM,,2945,Al-Hazm,,,,,,,
1602983,"Abdullah Dhafer Al-Shehri, Saudi Arabia",UTC,2026-08-21 16:15:00+00:00,1787328900,1787328900.0,1787332500.0,,Al-Hazem Club Stadium,Ar Rass,Match Finished,FT,90.0,8.0,307,Pro League,Saudi-Arabia,2026,Regular Season - 2,True,2945,Al-Hazm,False,26738,Al Diriyah,True,0.0,1.0,0.0,1.0,0.0,1.0
1603135,,UTC,2027-02-11 19:00:00+00:00,1802372400,,,,Prince Turki bin Abdul Aziz Stadium,Riyadh,Not Started,NS,,,307,Pro League,Saudi-Arabia,2026,Regular Season - 19,True,26738,Al Diriyah,,2945,Al-Hazm,,,,,,,
234857,S. Moen,UTC,2019-12-12 11:20:00+00:00,1576149600,1576149600.0,1576153200.0,,Ar-Rass Stadium,Rass,Match Finished,FT,90.0,,307,Pro League,Saudi-Arabia,2019,Regular Season - 11,True,2945,Al-Hazm,False,2951,Abha,True,2.0,3.0,1.0,2.0,2.0,3.0
740001,Sami Al Jires,UTC,2021-09-18 15:45:00+00:00,1631979900,1631979900.0,1631983500.0,,Ar-Rass Stadium,Rass,Match Finished,FT,90.0,,307,Pro League,Saudi-Arabia,2021,Regular Season - 5,True,2945,Al-Hazm,True,2951,Abha,False,2.0,0.0,1.0,0.0,2.0,0.0
1074537,Faisal Alblwi,UTC,2024-05-27 18:00:00+00:00,1716832800,1716832800.0,1716836400.0,,Ar-Rass Stadium,Rass,Match Finished,FT,90.0,,307,Pro League,Saudi-Arabia,2023,Regular Season - 34,True,2945,Al-Hazm,True,2951,Abha,False,2.0,1.0,0.0,0.0,2.0,1.0
1253377,,UTC,2024-10-23 15:05:00+00:00,1729695900,1729695900.0,1729699500.0,,Ar-Rass Stadium,Rass,Match Finished,FT,90.0,6.0,308,Division 1,Saudi-Arabia,2024,Regular Season - 7,True,2945,Al-Hazm,True,2951,Abha,False,4.0,1.0,3.0,0.0,4.0,1.0
1603129,,UTC,2026-12-14 17:00:00+00:00,1797267600,,,,Al-Hazem Club Stadium,Ar Rass,Not Started,NS,,,307,Pro League,Saudi-Arabia,2026,Regular Season - 18,True,2945,Al-Hazm,,2951,Abha,,,,,,,
312939,G. Mažeika,UTC,2020-08-19 16:10:00+00:00,1597853400,1597853400.0,1597857000.0,10516.0,Prince Sultan bin Abdulaziz Sports City Stadium,Abha,Match Finished,FT,90.0,,307,Pro League,Saudi-Arabia,2019,Regular Season - 26,True,2951,Abha,False,2945,Al-Hazm,True,0.0,2.0,0.0,2.0,0.0,2.0
824988,Mohammed Al Beredi,UTC,2022-02-11 12:05:00+00:00,1644581100,1644581100.0,1644584700.0,10516.0,Prince Sultan bin Abdulaziz Sports City Stadium,Abha,Match Finished,FT,90.0,,307,Pro League,Saudi-Arabia,2021,Regular Season - 20,True,2951,Abha,True,2945,Al-Hazm,False,2.0,1.0,0.0,1.0,2.0,1.0
1074386,Mohammed Al Beredi,UTC,2023-12-14 15:00:00+00:00,1702566000,1702566000.0,1702569600.0,10516.0,Prince Sultan bin Abdulaziz Sports City Stadium,Abha,Match Finished,FT,90.0,,307,Pro League,Saudi-Arabia,2023,Regular Season - 17,True,2951,Abha,,2945,Al-Hazm,,1.0,1.0,0.0,0.0,1.0,1.0
1330338,,UTC,2025-03-04 19:00:00+00:00,1741114800,1741114800.0,1741118400.0,10516.0,Prince Sultan bin Abdulaziz Sports City Stadium,Abha,Match Finished,FT,90.0,12.0,308,Division 1,Saudi-Arabia,2024,Regular Season - 24,True,2951,Abha,,2945,Al-Hazm,,1.0,1.0,1.0,0.0,1.0,1.0
1602972,"Shukri Alhunfush, Saudi Arabia",UTC,2026-08-13 16:15:00+00:00,1786637700,1786637700.0,1786641300.0,,Prince Sultan bin Abdul Aziz Stadium,Abha,Match Finished,FT,90.0,,307,Pro League,Saudi-Arabia,2026,Regular Season - 1,True,2951,Abha,False,2945,Al-Hazm,True,1.0,2.0,0.0,2.0,1.0,2.0
354388,,UTC,2017-12-08 11:15:00+00:00,1512731700,1512731700.0,1512735300.0,,,,Match Finished,FT,90.0,,309,Division 2,Saudi-Arabia,2017,Group A - Round 8,True,10509,Al Kholood,True,2951,Abha,False,2.0,0.0,1.0,0.0,2.0,0.0
1603211,,UTC,2027-04-18 18:00:00+00:00,1808071200,,,,Al-Hazem Club Stadium,Ar Rass,Not Started,NS,,,307,Pro League,Saudi-Arabia,2026,Regular Season - 27,True,10509,Al Kholood,,2951,Abha,,,,,,,
354292,,UTC,2018-02-23 16:25:00+00:00,1519403100,1519403100.0,1519406700.0,,,,Match Finished,FT,90.0,,309,Division 2,Saudi-Arabia,2017,Group A - Round 17,True,2951,Abha,,10509,Al Kholood,,0.0,0.0,0.0,0.0,0.0,0.0
1603053,,UTC,2026-10-19 15:20:00+00:00,1792423200,,,,Prince Sultan bin Abdul Aziz Stadium,Abha,Not Started,NS,,,307,Pro League,Saudi-Arabia,2026,Regular Season - 10,True,2951,Abha,,10509,Al Kholood,,,,,,,
354324,,UTC,2018-02-02 12:00:00+00:00,1517572800,1517572800.0,1517576400.0,,,,Match Finished,FT,90.0,,309,Division 2,Saudi-Arabia,2017,Group A - Round 14,True,2951,Abha,True,10511,Al Riyadh,False,1.0,0.0,1.0,0.0,1.0,0.0
1074308,Mohammed Al-Daqqash,UTC,2023-09-30 12:00:00+00:00,1696075200,1696075200.0,1696078800.0,10516.0,Prince Sultan bin Abdulaziz Sports City Stadium,Abha,Match Finished,FT,90.0,,307,Pro League,Saudi-Arabia,2023,Regular Season - 8,True,2951,Abha,False,10511,Al Riyadh,True,0.0,1.0,0.0,0.0,0.0,1.0
1603098,,UTC,2026-11-26 17:00:00+00:00,1795712400,,,,Prince Sultan bin Abdul Aziz Stadium,Abha,Not Started,NS,,,307,Pro League,Saudi-Arabia,2026,Regular Season - 15,True,2951,Abha,,10511,Al Riyadh,,,,,,,
354419,,UTC,2017-11-17 11:05:00+00:00,1510916700,1510916700.0,1510920300.0,,,,Match Finished,FT,90.0,,309,Division 2,Saudi-Arabia,2017,Group A - Round 5,True,10511,Al Riyadh,,2951,Abha,,1.0,1.0,0.0,0.0,1.0,1.0
1074463,Majed Alshamrani,UTC,2024-03-30 19:00:00+00:00,1711825200,1711825200.0,1711828800.0,7224.0,Prince Faisal bin Fahd Stadium,Riyadh,Match Finished,FT,90.0,,307,Pro League,Saudi-Arabia,2023,Regular Season - 25,True,10511,Al Riyadh,,2951,Abha,,1.0,1.0,0.0,1.0,1.0,1.0
1603257,,UTC,2027-05-20 18:00:00+00:00,1810836000,,,1374.0,Prince Faisal bin Fahd Stadium,Riyadh,Not Started,NS,,,307,Pro League,Saudi-Arabia,2026,Regular Season - 32,True,10511,Al Riyadh,,2951,Abha,,,,,,,
1222923,,UTC,2024-08-21 16:10:00+00:00,1724256600,1724256600.0,1724260200.0,10516.0,Prince Sultan bin Abdulaziz Sports City Stadium,Abha,Match Finished,FT,90.0,,308,Division 1,Saudi-Arabia,2024,Regular Season - 1,True,2951,Abha,False,10513,NEOM,True,0.0,2.0,,,0.0,2.0
1603215,,UTC,2027-04-22 18:00:00+00:00,1808416800,,,,Prince Sultan bin Abdul Aziz Stadium,Abha,Not Started,NS,,,307,Pro League,Saudi-Arabia,2026,Regular Season - 28,True,2951,Abha,,10513,NEOM,,,,,,,
1330279,,UTC,2025-01-21 13:00:00+00:00,1737464400,1737464400.0,1737468000.0,2903.0,King Khalid Sport City Stadium,Tabouk,Match Finished,FT,90.0,11.0,308,Division 1,Saudi-Arabia,2024,Regular Season - 18,True,10513,NEOM,,2951,Abha,,2.0,2.0,2.0,0.0,2.0,2.0
1603070,,UTC,2026-10-24 14:00:00+00:00,1792850400,,,,King Khalid Sports City,Tabuk,Not Started,NS,,,307,Pro League,Saudi-Arabia,2026,Regular Season - 11,True,10513,NEOM,,2951,Abha,,,,,,,
1499094,,UTC,2026-05-01 17:50:00+00:00,1777657800,1777657800.0,1777661400.0,,Prince Turki bin Abdul Aziz Stadium,Riyadh,Match Finished,FT,90.0,,308,Division 1,Saudi-Arabia,2025,Regular Season - 32,True,26738,Al Diriyah,True,2951,Abha,False,2.0,0.0,1.0,0.0,2.0,0.0
1603027,,UTC,2026-09-13 18:00:00+00:00,1789322400,,,,Prince Turki bin Abdul Aziz Stadium,Riyadh,Not Started,NS,,,307,Pro League,Saudi-Arabia,2026,Regular Season - 7,True,26738,Al Diriyah,,2951,Abha,,,,,,,
1438562,,UTC,2026-01-05 12:45:00+00:00,1767617100,1767617100.0,1767620700.0,,Prince Sultan bin Abdul Aziz Stadium,Abha,Match Finished,FT,90.0,7.0,308,Division 1,Saudi-Arabia,2025,Regular Season - 15,True,2951,Abha,True,26738,Al Diriyah,False,2.0,1.0,1.0,1.0,2.0,1.0
1603179,,UTC,2027-04-02 18:00:00+00:00,1806688800,,,,Prince Sultan bin Abdul Aziz Stadium,Abha,Not Started,NS,,,307,Pro League,Saudi-Arabia,2026,Regular Season - 24,True,2951,Abha,,26738,Al Diriyah,,,,,,,
